graph_id,model,n_nodes,n_edges_target,m0,w,average_degree_of_separation,mean_degree_of_connection,standard_deviation_of_degrees_of_connection,degree_distribution,pearson_correlation_mean_separation_vs_degree_stdev
1,barabasi_albert,100,150,5,10,4.2024,3.0,1.7492855684535902,"{6: 5, 8: 2, 5: 9, 7: 3, 2: 25, 1: 22, 4: 14, 3: 20}",-0.7042621390296911
2,barabasi_albert,100,150,5,10,3.9712,3.0,2.130727575266252,"{7: 5, 10: 2, 8: 2, 6: 2, 9: 1, 4: 13, 2: 27, 3: 15, 5: 6, 1: 27}",-0.7042621390296911
3,barabasi_albert,100,150,5,10,4.105,3.0,1.8275666882497066,"{4: 18, 11: 1, 8: 1, 10: 1, 2: 24, 6: 2, 7: 2, 5: 6, 3: 25, 1: 20}",-0.7042621390296911
4,barabasi_albert,100,150,5,10,4.0644,3.0,1.9026297590440449,"{6: 8, 5: 6, 3: 25, 10: 1, 4: 11, 7: 1, 9: 2, 1: 24, 2: 22}",-0.7042621390296911
5,barabasi_albert,100,150,5,10,4.198,3.0,1.8384776310850235,"{6: 5, 4: 12, 5: 4, 7: 3, 2: 36, 9: 2, 1: 15, 3: 22, 10: 1}",-0.7042621390296911
6,barabasi_albert,100,150,5,10,4.3038,3.0,1.7262676501632068,"{8: 1, 11: 1, 7: 2, 5: 11, 6: 2, 4: 14, 2: 25, 1: 19, 3: 25}",-0.7042621390296911
7,barabasi_albert,100,150,5,10,4.2704,3.0,1.794435844492636,"{7: 5, 8: 2, 6: 3, 5: 10, 4: 13, 3: 15, 2: 32, 1: 20}",-0.7042621390296911
8,barabasi_albert,100,150,5,10,4.237,3.0,1.8920887928424501,"{7: 4, 9: 2, 6: 5, 4: 16, 2: 32, 8: 1, 5: 5, 1: 21, 3: 14}",-0.7042621390296911
9,barabasi_albert,100,150,5,10,4.4506,3.0,1.5684387141358123,"{8: 2, 5: 13, 4: 15, 6: 4, 3: 18, 2: 33, 1: 15}",-0.7042621390296911
10,barabasi_albert,100,150,5,10,4.1414,3.0,1.697056274847714,"{10: 1, 7: 2, 5: 6, 9: 1, 6: 2, 8: 1, 2: 32, 4: 16, 3: 25, 1: 14}",-0.7042621390296911
11,barabasi_albert,100,150,5,10,4.2916,3.0,1.8275666882497066,"{9: 1, 5: 12, 6: 5, 10: 1, 7: 2, 2: 32, 4: 12, 3: 15, 1: 20}",-0.7042621390296911
12,barabasi_albert,100,150,5,10,4.2124,3.0,1.7888543819998317,"{4: 17, 5: 6, 7: 5, 10: 1, 3: 21, 8: 1, 6: 2, 2: 27, 1: 20}",-0.7042621390296911
13,barabasi_albert,100,150,5,10,4.1502,3.0,1.944222209522358,"{8: 2, 6: 3, 10: 2, 5: 8, 9: 1, 3: 24, 7: 1, 1: 20, 4: 10, 2: 29}",-0.7042621390296911
14,barabasi_albert,100,150,5,10,3.939,3.0,2.1118712081942874,"{6: 5, 7: 3, 8: 1, 13: 1, 4: 16, 3: 12, 11: 1, 1: 23, 2: 32, 5: 6}",-0.7042621390296911
15,barabasi_albert,100,150,5,10,4.0738,3.0,1.8275666882497066,"{7: 4, 5: 15, 8: 2, 2: 24, 6: 3, 3: 18, 4: 9, 1: 25}",-0.7042621390296911
16,barabasi_albert,100,150,5,10,4.2042,3.0,1.7320508075688772,"{7: 4, 5: 5, 8: 1, 4: 13, 6: 8, 3: 20, 2: 30, 1: 19}",-0.7042621390296911
17,barabasi_albert,100,150,5,10,4.1646,3.0,1.96468827043885,"{5: 9, 6: 2, 8: 3, 12: 1, 7: 1, 3: 22, 4: 12, 2: 28, 9: 1, 1: 21}",-0.7042621390296911
18,barabasi_albert,100,150,5,10,4.3112,3.0,1.5874507866387544,"{7: 3, 5: 7, 6: 4, 4: 19, 8: 1, 3: 21, 2: 28, 1: 17}",-0.7042621390296911
19,barabasi_albert,100,150,5,10,4.2516,3.0,1.760681686165901,"{6: 7, 8: 2, 7: 3, 5: 10, 3: 20, 1: 17, 2: 35, 4: 6}",-0.7042621390296911
20,barabasi_albert,100,150,5,10,4.0868,3.0,1.9026297590440449,"{8: 2, 5: 5, 7: 2, 9: 2, 6: 7, 1: 21, 2: 30, 4: 11, 3: 20}",-0.7042621390296911
21,barabasi_albert,100,150,5,10,4.2094,3.0,1.8867962264113207,"{6: 9, 8: 2, 5: 5, 2: 24, 3: 25, 12: 1, 1: 22, 4: 12}",-0.7042621390296911
22,barabasi_albert,100,150,5,10,4.0964,3.0,1.876166303929372,"{5: 6, 9: 1, 8: 3, 10: 1, 3: 25, 2: 29, 7: 1, 4: 11, 6: 4, 1: 19}",-0.7042621390296911
23,barabasi_albert,100,150,5,10,4.0884,3.0,1.7888543819998317,"{5: 8, 6: 8, 7: 3, 4: 17, 8: 1, 2: 22, 3: 15, 1: 26}",-0.7042621390296911
24,barabasi_albert,100,150,5,10,3.989,3.0,2.0639767440550294,"{4: 8, 6: 5, 8: 2, 7: 3, 5: 6, 15: 1, 3: 25, 2: 31, 1: 19}",-0.7042621390296911
25,barabasi_albert,100,150,5,10,4.2034,3.0,1.6186414056238645,"{7: 4, 6: 4, 5: 10, 4: 18, 2: 28, 3: 17, 1: 19}",-0.7042621390296911
26,barabasi_albert,100,150,5,10,4.1908,3.0,1.8,"{4: 12, 5: 10, 10: 1, 12: 1, 7: 2, 3: 25, 2: 32, 6: 2, 1: 15}",-0.7042621390296911
27,barabasi_albert,100,150,5,10,4.2096,3.0,1.794435844492636,"{9: 1, 4: 14, 5: 7, 7: 5, 6: 5, 3: 24, 2: 19, 1: 25}",-0.7042621390296911
28,barabasi_albert,100,150,5,10,4.3,3.0,1.7088007490635062,"{9: 1, 6: 5, 8: 3, 5: 3, 7: 1, 4: 14, 3: 30, 1: 17, 2: 26}",-0.7042621390296911
29,barabasi_albert,100,150,5,10,4.2778,3.0,1.8708286933869707,"{6: 4, 7: 4, 5: 4, 9: 2, 1: 24, 4: 18, 2: 23, 8: 1, 3: 20}",-0.7042621390296911
30,barabasi_albert,100,150,5,10,4.2798,3.0,1.6431676725154984,"{6: 10, 4: 10, 8: 1, 7: 1, 5: 8, 1: 16, 2: 33, 3: 21}",-0.7042621390296911
31,barabasi_albert,100,150,5,10,4.1182,3.0,1.833030277982336,"{8: 2, 5: 5, 7: 2, 6: 2, 11: 1, 2: 34, 10: 1, 4: 13, 3: 26, 1: 14}",-0.7042621390296911
32,barabasi_albert,100,150,5,10,4.1824,3.0,1.783255450012701,"{9: 2, 5: 7, 7: 2, 6: 7, 4: 13, 2: 26, 3: 22, 1: 21}",-0.7042621390296911
33,barabasi_albert,100,150,5,10,4.111,3.0,1.8220867158288598,"{6: 7, 7: 4, 9: 1, 4: 14, 3: 21, 8: 1, 2: 26, 5: 4, 1: 22}",-0.7042621390296911
34,barabasi_albert,100,150,5,10,4.1854,3.0,1.9544820285692064,"{6: 5, 8: 2, 7: 5, 5: 9, 3: 18, 9: 1, 2: 27, 4: 8, 1: 25}",-0.7042621390296911
35,barabasi_albert,100,150,5,10,4.0416,3.0,2.073644135332772,"{4: 12, 5: 4, 11: 2, 9: 3, 6: 2, 8: 1, 7: 1, 2: 31, 3: 25, 1: 19}",-0.7042621390296911
36,barabasi_albert,100,150,5,10,4.2204,3.0,1.70293863659264,"{4: 13, 8: 1, 5: 11, 6: 2, 9: 1, 3: 26, 7: 3, 1: 21, 2: 22}",-0.7042621390296911
37,barabasi_albert,100,150,5,10,4.1086,3.0,1.8814887722226779,"{5: 8, 8: 2, 6: 7, 4: 8, 3: 22, 9: 2, 2: 29, 1: 21, 7: 1}",-0.7042621390296911
38,barabasi_albert,100,150,5,10,4.3386,3.0,1.5231546211727816,"{5: 7, 6: 4, 7: 4, 3: 26, 2: 28, 4: 16, 1: 15}",-0.7042621390296911
39,barabasi_albert,100,150,5,10,4.1758,3.0,1.7888543819998317,"{6: 4, 7: 3, 5: 10, 4: 8, 8: 1, 11: 1, 3: 25, 2: 31, 1: 17}",-0.7042621390296911
40,barabasi_albert,100,150,5,10,4.0018,3.0,2.009975124224178,"{8: 2, 5: 9, 13: 1, 9: 2, 4: 11, 2: 26, 3: 26, 6: 1, 1: 21, 7: 1}",-0.7042621390296911
41,barabasi_albert,100,150,5,10,4.1534,3.0,1.7320508075688772,"{4: 13, 8: 1, 7: 4, 6: 8, 5: 5, 1: 19, 3: 20, 2: 30}",-0.7042621390296911
42,barabasi_albert,100,150,5,10,4.1498,3.0,1.8055470085267789,"{8: 2, 5: 13, 6: 4, 9: 1, 7: 2, 2: 25, 3: 24, 4: 7, 1: 22}",-0.7042621390296911
43,barabasi_albert,100,150,5,10,4.4936,3.0,1.6673332000533065,"{6: 5, 7: 2, 4: 12, 9: 2, 5: 7, 2: 33, 3: 25, 1: 14}",-0.7042621390296911
44,barabasi_albert,100,150,5,10,4.1574,3.0,1.8055470085267789,"{6: 6, 7: 2, 5: 6, 8: 2, 9: 1, 4: 15, 3: 22, 1: 23, 2: 23}",-0.7042621390296911
45,barabasi_albert,100,150,5,10,4.1344,3.0,1.794435844492636,"{6: 5, 7: 2, 5: 5, 11: 1, 4: 13, 2: 30, 3: 25, 8: 2, 1: 17}",-0.7042621390296911
46,barabasi_albert,100,150,5,10,4.2556,3.0,1.7262676501632068,"{7: 4, 6: 3, 8: 2, 4: 14, 5: 9, 3: 21, 2: 27, 1: 20}",-0.7042621390296911
47,barabasi_albert,100,150,5,10,4.186,3.0,1.783255450012701,"{5: 7, 4: 17, 9: 1, 7: 4, 6: 4, 8: 1, 2: 28, 3: 17, 1: 21}",-0.7042621390296911
48,barabasi_albert,100,150,5,10,4.3268,3.0,1.5811388300841898,"{5: 7, 6: 6, 4: 17, 8: 1, 3: 23, 2: 30, 9: 1, 1: 15}",-0.7042621390296911
49,barabasi_albert,100,150,5,10,4.2776,3.0,1.783255450012701,"{4: 12, 8: 2, 7: 4, 10: 1, 6: 2, 2: 25, 3: 29, 1: 19, 5: 6}",-0.7042621390296911
50,barabasi_albert,100,150,5,10,4.1422,3.0,1.6613247725836149,"{8: 3, 5: 16, 7: 1, 6: 1, 4: 11, 3: 21, 2: 29, 1: 18}",-0.7042621390296911
51,barabasi_albert,100,150,5,10,4.3298,3.0,1.5362291495737217,"{6: 6, 5: 10, 9: 1, 3: 25, 4: 15, 2: 27, 1: 16}",-0.7042621390296911
52,barabasi_albert,100,150,5,10,4.1562,3.0,1.876166303929372,"{5: 9, 8: 4, 7: 5, 4: 10, 3: 23, 1: 23, 2: 25, 6: 1}",-0.7042621390296911
53,barabasi_albert,100,150,5,10,4.2532,3.0,1.772004514666935,"{5: 10, 7: 5, 11: 1, 6: 3, 2: 38, 3: 20, 4: 9, 1: 14}",-0.7042621390296911
54,barabasi_albert,100,150,5,10,4.2346,3.0,1.7204650534085253,"{7: 2, 5: 9, 9: 1, 8: 2, 4: 18, 6: 2, 3: 20, 1: 20, 2: 26}",-0.7042621390296911
55,barabasi_albert,100,150,5,10,4.3538,3.0,2.0149441679609885,"{9: 2, 7: 2, 5: 9, 10: 1, 2: 18, 4: 10, 8: 2, 6: 3, 3: 25, 1: 28}",-0.7042621390296911
56,barabasi_albert,100,150,5,10,3.9688,3.0,2.1260291625469296,"{8: 3, 9: 1, 6: 6, 7: 5, 10: 1, 3: 19, 5: 3, 1: 28, 2: 25, 4: 9}",-0.7042621390296911
57,barabasi_albert,100,150,5,10,4.068,3.0,1.9026297590440449,"{7: 4, 5: 10, 8: 1, 4: 7, 10: 1, 9: 2, 1: 19, 3: 27, 2: 29}",-0.7042621390296911
58,barabasi_albert,100,150,5,10,4.1696,3.0,1.8439088914585775,"{4: 17, 8: 3, 6: 4, 7: 2, 9: 1, 2: 28, 1: 22, 3: 16, 5: 7}",-0.7042621390296911
59,barabasi_albert,100,150,5,10,4.1268,3.0,2.0542638584174138,"{7: 3, 6: 8, 5: 7, 9: 3, 3: 18, 2: 26, 4: 7, 8: 1, 1: 27}",-0.7042621390296911
60,barabasi_albert,100,150,5,10,4.2114,3.0,1.9287301521985911,"{7: 3, 8: 2, 6: 6, 4: 11, 3: 12, 1: 25, 9: 1, 2: 29, 5: 11}",-0.7042621390296911
61,barabasi_albert,100,150,5,10,4.228,3.0,1.7492855684535902,"{5: 8, 7: 2, 6: 4, 4: 16, 9: 1, 8: 2, 3: 17, 2: 32, 1: 18}",-0.7042621390296911
62,barabasi_albert,100,150,5,10,4.2678,3.0,1.8708286933869707,"{8: 2, 9: 1, 4: 11, 6: 5, 5: 5, 7: 2, 3: 26, 10: 1, 2: 27, 1: 20}",-0.7042621390296911
63,barabasi_albert,100,150,5,10,4.4074,3.0,1.5874507866387544,"{7: 1, 10: 1, 5: 13, 6: 3, 4: 15, 2: 29, 3: 22, 1: 16}",-0.7042621390296911
64,barabasi_albert,100,150,5,10,4.2586,3.0,1.5811388300841898,"{6: 6, 7: 1, 1: 18, 5: 11, 3: 24, 4: 13, 8: 1, 2: 26}",-0.7042621390296911
65,barabasi_albert,100,150,5,10,4.3296,3.0,1.7492855684535902,"{6: 5, 7: 4, 8: 1, 5: 10, 4: 14, 3: 20, 2: 22, 1: 24}",-0.7042621390296911
66,barabasi_albert,100,150,5,10,4.1808,3.0,1.8220867158288598,"{4: 12, 5: 11, 7: 3, 8: 2, 6: 2, 10: 1, 2: 27, 1: 21, 3: 21}",-0.7042621390296911
67,barabasi_albert,100,150,5,10,4.0724,3.0,1.9131126469708992,"{8: 5, 6: 4, 4: 14, 1: 22, 7: 3, 3: 15, 5: 6, 2: 31}",-0.7042621390296911
68,barabasi_albert,100,150,5,10,4.2116,3.0,1.7435595774162693,"{8: 3, 5: 7, 6: 2, 4: 14, 1: 20, 2: 25, 7: 4, 3: 25}",-0.7042621390296911
69,barabasi_albert,100,150,5,10,4.1256,3.0,1.9026297590440449,"{6: 6, 7: 3, 8: 3, 3: 19, 5: 7, 2: 33, 9: 1, 4: 8, 1: 20}",-0.7042621390296911
70,barabasi_albert,100,150,5,10,4.4498,3.0,1.5811388300841898,"{4: 17, 8: 1, 7: 1, 5: 10, 6: 6, 2: 30, 3: 18, 1: 17}",-0.7042621390296911
71,barabasi_albert,100,150,5,10,4.258,3.0,1.6552945357246849,"{5: 10, 4: 16, 10: 1, 7: 2, 6: 4, 2: 25, 3: 23, 1: 19}",-0.7042621390296911
72,barabasi_albert,100,150,5,10,4.185,3.0,1.7320508075688772,"{5: 11, 7: 4, 6: 4, 9: 1, 3: 17, 4: 13, 1: 19, 2: 31}",-0.7042621390296911
73,barabasi_albert,100,150,5,10,4.1068,3.0,1.8920887928424501,"{9: 3, 4: 15, 5: 6, 6: 4, 2: 26, 3: 23, 7: 1, 10: 1, 1: 21}",-0.7042621390296911
74,barabasi_albert,100,150,5,10,4.2898,3.0,1.833030277982336,"{7: 2, 8: 2, 6: 3, 12: 1, 5: 5, 2: 23, 4: 19, 3: 24, 1: 21}",-0.7042621390296911
75,barabasi_albert,100,150,5,10,4.3858,3.0,1.6792855623746665,"{7: 3, 8: 1, 6: 4, 4: 14, 5: 12, 3: 21, 1: 22, 2: 23}",-0.7042621390296911
76,barabasi_albert,100,150,5,10,4.2726,3.0,1.8110770276274832,"{5: 8, 6: 5, 7: 2, 9: 2, 3: 20, 4: 13, 2: 29, 8: 1, 1: 20}",-0.7042621390296911
77,barabasi_albert,100,150,5,10,4.1396,3.0,1.8384776310850235,"{8: 2, 7: 3, 10: 1, 6: 4, 5: 8, 3: 28, 4: 10, 1: 23, 2: 21}",-0.7042621390296911
78,barabasi_albert,100,150,5,10,4.1042,3.0,1.9131126469708992,"{6: 2, 7: 2, 8: 3, 3: 19, 5: 9, 2: 30, 4: 14, 12: 1, 1: 20}",-0.7042621390296911
79,barabasi_albert,100,150,5,10,4.006,3.0,1.9287301521985911,"{7: 3, 5: 4, 9: 2, 13: 1, 3: 32, 2: 26, 1: 18, 4: 11, 6: 3}",-0.7042621390296911
80,barabasi_albert,100,150,5,10,4.2458,3.0,1.6792855623746665,"{7: 4, 5: 11, 6: 6, 2: 25, 4: 11, 3: 22, 1: 21}",-0.7042621390296911
81,barabasi_albert,100,150,5,10,4.105,3.0,1.969771560359221,"{6: 4, 5: 7, 10: 3, 8: 2, 4: 13, 2: 26, 3: 23, 1: 22}",-0.7042621390296911
82,barabasi_albert,100,150,5,10,4.0808,3.0,1.98997487421324,"{9: 1, 8: 3, 6: 6, 3: 18, 4: 6, 2: 32, 5: 10, 10: 1, 1: 22, 7: 1}",-0.7042621390296911
83,barabasi_albert,100,150,5,10,4.2264,3.0,1.8920887928424501,"{5: 9, 11: 1, 8: 2, 3: 28, 9: 1, 6: 1, 4: 9, 2: 26, 1: 20, 7: 3}",-0.7042621390296911
84,barabasi_albert,100,150,5,10,4.0928,3.0,1.8055470085267789,"{7: 2, 6: 6, 8: 1, 10: 1, 5: 8, 3: 17, 4: 17, 2: 25, 1: 23}",-0.7042621390296911
85,barabasi_albert,100,150,5,10,4.12,3.0,1.8814887722226779,"{6: 4, 5: 9, 9: 2, 11: 1, 3: 22, 2: 32, 4: 10, 1: 18, 7: 2}",-0.7042621390296911
86,barabasi_albert,100,150,5,10,4.1992,3.0,1.8,"{5: 7, 4: 16, 10: 2, 7: 2, 2: 29, 6: 5, 3: 20, 1: 19}",-0.7042621390296911
87,barabasi_albert,100,150,5,10,4.3024,3.0,1.61245154965971,"{6: 2, 4: 24, 7: 1, 5: 9, 1: 21, 9: 1, 8: 1, 3: 20, 2: 21}",-0.7042621390296911
88,barabasi_albert,100,150,5,10,4.1896,3.0,1.9131126469708992,"{4: 15, 6: 6, 10: 1, 7: 3, 9: 1, 2: 24, 1: 26, 5: 9, 3: 15}",-0.7042621390296911
89,barabasi_albert,100,150,5,10,4.1988,3.0,1.7663521732655694,"{7: 3, 8: 1, 6: 4, 5: 9, 4: 17, 2: 26, 3: 17, 9: 1, 1: 22}",-0.7042621390296911
90,barabasi_albert,100,150,5,10,4.1674,3.0,1.9595917942265424,"{8: 3, 6: 4, 13: 1, 5: 8, 3: 18, 4: 9, 7: 2, 2: 40, 1: 15}",-0.7042621390296911
91,barabasi_albert,100,150,5,10,4.3112,3.0,1.6852299546352716,"{7: 4, 8: 1, 6: 4, 4: 12, 5: 11, 1: 18, 2: 31, 3: 19}",-0.7042621390296911
92,barabasi_albert,100,150,5,10,4.2632,3.0,1.8220867158288598,"{5: 5, 8: 2, 10: 2, 6: 1, 2: 24, 3: 25, 4: 19, 7: 2, 1: 20}",-0.7042621390296911
93,barabasi_albert,100,150,5,10,4.2148,3.0,1.6792855623746665,"{5: 7, 8: 1, 7: 5, 6: 4, 3: 24, 1: 18, 4: 13, 2: 28}",-0.7042621390296911
94,barabasi_albert,100,150,5,10,4.2024,3.0,1.816590212458495,"{7: 2, 8: 2, 6: 4, 5: 9, 10: 1, 4: 14, 3: 21, 2: 25, 1: 22}",-0.7042621390296911
95,barabasi_albert,100,150,5,10,4.229,3.0,1.6613247725836149,"{4: 15, 6: 6, 8: 1, 7: 2, 3: 24, 9: 1, 2: 30, 5: 5, 1: 16}",-0.7042621390296911
96,barabasi_albert,100,150,5,10,4.1894,3.0,1.6733200530681511,"{7: 3, 6: 3, 4: 16, 9: 1, 3: 23, 5: 11, 2: 21, 1: 22}",-0.7042621390296911
97,barabasi_albert,100,150,5,10,4.3058,3.0,1.6911534525287764,"{5: 7, 6: 6, 9: 2, 2: 28, 3: 22, 4: 16, 7: 1, 1: 18}",-0.7042621390296911
98,barabasi_albert,100,150,5,10,4.1312,3.0,1.8055470085267789,"{6: 6, 9: 1, 8: 3, 4: 15, 3: 22, 7: 1, 2: 26, 5: 5, 1: 21}",-0.7042621390296911
99,barabasi_albert,100,150,5,10,3.9912,3.0,1.8920887928424501,"{8: 3, 6: 4, 5: 5, 9: 1, 2: 36, 12: 1, 4: 14, 3: 21, 1: 15}",-0.7042621390296911
100,barabasi_albert,100,150,5,10,4.261,3.0,1.760681686165901,"{11: 1, 7: 3, 4: 14, 5: 12, 2: 25, 1: 21, 6: 3, 3: 21}",-0.7042621390296911
101,barabasi_albert,100,150,5,10,4.1498,3.0,1.794435844492636,"{6: 4, 5: 5, 9: 2, 4: 20, 10: 1, 3: 18, 8: 1, 2: 32, 1: 17}",-0.7042621390296911
102,barabasi_albert,100,150,5,10,4.3962,3.0,1.9595917942265424,"{6: 4, 7: 5, 4: 9, 10: 2, 3: 21, 8: 1, 1: 20, 5: 6, 2: 32}",-0.7042621390296911
103,barabasi_albert,100,150,5,10,4.1864,3.0,1.7549928774784245,"{9: 2, 5: 11, 7: 3, 6: 3, 4: 12, 3: 21, 2: 29, 1: 19}",-0.7042621390296911
104,barabasi_albert,100,150,5,10,4.1638,3.0,1.9339079605813716,"{5: 9, 7: 4, 12: 1, 6: 4, 3: 15, 2: 30, 4: 14, 1: 22, 8: 1}",-0.7042621390296911
105,barabasi_albert,100,150,5,10,4.3154,3.0,1.7320508075688772,"{5: 13, 11: 1, 7: 4, 4: 11, 3: 24, 1: 18, 2: 28, 6: 1}",-0.7042621390296911
106,barabasi_albert,100,150,5,10,4.2868,3.0,1.7320508075688772,"{8: 2, 6: 2, 5: 10, 7: 5, 3: 26, 2: 27, 4: 9, 1: 19}",-0.7042621390296911
107,barabasi_albert,100,150,5,10,4.1056,3.0,1.9595917942265424,"{6: 4, 9: 4, 1: 22, 10: 1, 2: 28, 4: 19, 5: 5, 3: 17}",-0.7042621390296911
108,barabasi_albert,100,150,5,10,4.137,3.0,1.876166303929372,"{4: 12, 6: 4, 8: 2, 10: 1, 2: 29, 7: 5, 5: 4, 3: 23, 1: 20}",-0.7042621390296911
109,barabasi_albert,100,150,5,10,4.2762,3.0,1.6733200530681511,"{5: 14, 4: 12, 8: 1, 7: 2, 6: 5, 3: 19, 2: 26, 1: 21}",-0.7042621390296911
110,barabasi_albert,100,150,5,10,4.3686,3.0,1.6492422502470643,"{7: 4, 6: 2, 5: 8, 10: 1, 1: 14, 3: 18, 2: 35, 4: 18}",-0.7042621390296911
111,barabasi_albert,100,150,5,10,4.1164,3.0,1.8973665961010275,"{8: 3, 5: 9, 9: 1, 7: 2, 6: 5, 4: 12, 3: 19, 2: 24, 1: 25}",-0.7042621390296911
112,barabasi_albert,100,150,5,10,4.2654,3.0,1.969771560359221,"{6: 6, 8: 1, 4: 14, 13: 1, 2: 27, 7: 3, 5: 7, 3: 18, 1: 23}",-0.7042621390296911
113,barabasi_albert,100,150,5,10,4.197,3.0,1.8110770276274832,"{7: 5, 6: 7, 4: 13, 9: 1, 5: 5, 3: 22, 1: 23, 2: 24}",-0.7042621390296911
114,barabasi_albert,100,150,5,10,4.3,3.0,1.6733200530681511,"{9: 1, 6: 5, 4: 19, 8: 1, 5: 6, 3: 18, 2: 31, 1: 17, 7: 2}",-0.7042621390296911
115,barabasi_albert,100,150,5,10,4.29,3.0,1.7146428199482247,"{7: 4, 6: 8, 3: 26, 2: 29, 5: 6, 1: 18, 4: 8, 8: 1}",-0.7042621390296911
116,barabasi_albert,100,150,5,10,4.096,3.0,1.9339079605813716,"{7: 3, 8: 2, 6: 6, 11: 1, 4: 11, 3: 14, 5: 8, 2: 35, 1: 20}",-0.7042621390296911
117,barabasi_albert,100,150,5,10,4.0942,3.0,1.9026297590440449,"{4: 13, 6: 4, 9: 1, 8: 4, 1: 23, 5: 10, 2: 29, 7: 1, 3: 15}",-0.7042621390296911
118,barabasi_albert,100,150,5,10,4.1334,3.0,1.8601075237738274,"{8: 1, 6: 8, 7: 3, 4: 11, 10: 1, 2: 33, 3: 16, 5: 7, 1: 20}",-0.7042621390296911
119,barabasi_albert,100,150,5,10,4.3418,3.0,1.8384776310850235,"{7: 2, 4: 15, 6: 3, 8: 1, 11: 1, 5: 8, 3: 22, 2: 27, 9: 1, 1: 20}",-0.7042621390296911
120,barabasi_albert,100,150,5,10,4.1674,3.0,2.06881608655772,"{9: 3, 7: 4, 8: 1, 11: 1, 3: 21, 5: 7, 2: 34, 6: 2, 4: 7, 1: 20}",-0.7042621390296911
121,barabasi_albert,100,150,5,10,4.1364,3.0,1.760681686165901,"{7: 3, 4: 14, 9: 2, 3: 21, 6: 4, 8: 1, 2: 35, 5: 5, 1: 15}",-0.7042621390296911
122,barabasi_albert,100,150,5,10,3.9772,3.0,2.06881608655772,"{6: 9, 7: 3, 13: 1, 5: 6, 2: 24, 4: 14, 1: 28, 3: 14, 8: 1}",-0.7042621390296911
123,barabasi_albert,100,150,5,10,3.981,3.0,2.0591260281974,"{12: 1, 6: 3, 5: 10, 8: 1, 4: 12, 7: 3, 11: 1, 3: 20, 2: 23, 1: 26}",-0.7042621390296911
124,barabasi_albert,100,150,5,10,4.2496,3.0,1.7888543819998317,"{5: 10, 8: 1, 10: 1, 6: 7, 2: 23, 4: 12, 7: 1, 1: 23, 3: 22}",-0.7042621390296911
125,barabasi_albert,100,150,5,10,4.1132,3.0,1.794435844492636,"{7: 3, 6: 5, 2: 26, 9: 2, 3: 23, 5: 9, 1: 21, 4: 11}",-0.7042621390296911
126,barabasi_albert,100,150,5,10,4.199,3.0,1.8439088914585775,"{6: 5, 4: 11, 7: 2, 10: 1, 9: 1, 5: 12, 3: 21, 2: 23, 1: 24}",-0.7042621390296911
127,barabasi_albert,100,150,5,10,4.2616,3.0,1.8,"{9: 1, 4: 8, 5: 9, 6: 4, 10: 1, 3: 29, 8: 1, 7: 2, 2: 26, 1: 19}",-0.7042621390296911
128,barabasi_albert,100,150,5,10,4.071,3.0,1.9078784028338913,"{9: 1, 7: 5, 6: 1, 11: 1, 5: 7, 3: 25, 2: 26, 4: 12, 8: 1, 1: 21}",-0.7042621390296911
129,barabasi_albert,100,150,5,10,4.2894,3.0,1.7146428199482247,"{5: 8, 6: 4, 7: 5, 4: 14, 2: 27, 3: 21, 1: 20, 8: 1}",-0.7042621390296911
130,barabasi_albert,100,150,5,10,4.0858,3.0,2.0,"{10: 3, 4: 14, 8: 1, 5: 9, 6: 4, 7: 1, 3: 20, 2: 22, 1: 26}",-0.7042621390296911
131,barabasi_albert,100,150,5,10,4.2528,3.0,1.6852299546352716,"{7: 2, 6: 6, 8: 1, 3: 23, 5: 11, 4: 14, 1: 24, 2: 19}",-0.7042621390296911
132,barabasi_albert,100,150,5,10,4.3658,3.0,1.6613247725836149,"{5: 5, 6: 7, 7: 4, 8: 1, 2: 36, 3: 21, 4: 12, 1: 14}",-0.7042621390296911
133,barabasi_albert,100,150,5,10,4.172,3.0,1.760681686165901,"{4: 16, 8: 2, 5: 6, 9: 1, 6: 3, 11: 1, 2: 29, 3: 26, 1: 16}",-0.7042621390296911
134,barabasi_albert,100,150,5,10,4.0042,3.0,2.0445048300260873,"{8: 3, 6: 5, 7: 3, 5: 6, 4: 10, 10: 1, 3: 21, 9: 1, 2: 23, 1: 27}",-0.7042621390296911
135,barabasi_albert,100,150,5,10,4.1874,3.0,2.0346989949375804,"{6: 4, 12: 2, 5: 7, 7: 2, 3: 27, 4: 10, 2: 26, 9: 1, 1: 21}",-0.7042621390296911
136,barabasi_albert,100,150,5,10,4.2994,3.0,1.7204650534085253,"{7: 2, 9: 1, 6: 6, 8: 1, 5: 6, 4: 17, 3: 22, 2: 24, 1: 21}",-0.7042621390296911
137,barabasi_albert,100,150,5,10,4.1012,3.0,1.9026297590440449,"{5: 13, 12: 1, 7: 2, 6: 7, 3: 15, 4: 11, 2: 27, 1: 24}",-0.7042621390296911
138,barabasi_albert,100,150,5,10,4.0992,3.0,1.9235384061671346,"{6: 9, 11: 1, 7: 2, 5: 2, 9: 2, 1: 17, 2: 35, 3: 22, 4: 10}",-0.7042621390296911
139,barabasi_albert,100,150,5,10,4.2058,3.0,1.7378147196982767,"{7: 3, 10: 1, 5: 7, 6: 3, 3: 28, 9: 1, 2: 24, 4: 14, 1: 19}",-0.7042621390296911
140,barabasi_albert,100,150,5,10,4.1528,3.0,1.9131126469708992,"{6: 2, 10: 1, 7: 3, 9: 1, 4: 18, 3: 27, 2: 24, 12: 1, 5: 3, 1: 20}",-0.7042621390296911
141,barabasi_albert,100,150,5,10,4.127,3.0,1.8110770276274832,"{4: 16, 8: 2, 6: 3, 11: 1, 5: 14, 2: 27, 1: 22, 3: 15}",-0.7042621390296911
142,barabasi_albert,100,150,5,10,4.3264,3.0,1.70293863659264,"{7: 3, 5: 4, 9: 1, 6: 4, 8: 2, 3: 24, 2: 34, 4: 14, 1: 14}",-0.7042621390296911
143,barabasi_albert,100,150,5,10,4.1614,3.0,1.8384776310850235,"{4: 9, 7: 4, 6: 5, 5: 9, 12: 1, 2: 31, 3: 23, 1: 18}",-0.7042621390296911
144,barabasi_albert,100,150,5,10,4.1934,3.0,1.8708286933869707,"{4: 20, 7: 5, 6: 2, 5: 7, 11: 1, 3: 12, 2: 31, 8: 1, 1: 21}",-0.7042621390296911
145,barabasi_albert,100,150,5,10,4.2204,3.0,1.794435844492636,"{6: 4, 7: 4, 9: 1, 4: 15, 8: 1, 5: 8, 3: 19, 2: 26, 1: 22}",-0.7042621390296911
146,barabasi_albert,100,150,5,10,4.2762,3.0,1.865475810617763,"{4: 13, 8: 1, 6: 5, 5: 8, 13: 1, 3: 20, 2: 33, 7: 2, 1: 17}",-0.7042621390296911
147,barabasi_albert,100,150,5,10,4.2636,3.0,1.7435595774162693,"{8: 2, 6: 6, 4: 18, 5: 5, 7: 3, 3: 21, 2: 22, 1: 23}",-0.7042621390296911
148,barabasi_albert,100,150,5,10,4.2316,3.0,1.772004514666935,"{7: 2, 9: 1, 6: 4, 5: 9, 8: 2, 4: 14, 3: 21, 2: 26, 1: 21}",-0.7042621390296911
149,barabasi_albert,100,150,5,10,4.1356,3.0,1.9390719429665315,"{7: 3, 5: 5, 9: 1, 4: 17, 8: 2, 3: 17, 1: 21, 2: 30, 11: 1, 6: 3}",-0.7042621390296911
150,barabasi_albert,100,150,5,10,4.302,3.0,1.5556349186104046,"{7: 4, 6: 4, 4: 14, 5: 5, 3: 28, 2: 31, 1: 13, 8: 1}",-0.7042621390296911
151,barabasi_albert,100,150,5,10,4.3002,3.0,1.5811388300841898,"{6: 1, 5: 11, 8: 1, 9: 1, 3: 31, 4: 13, 7: 2, 2: 23, 1: 17}",-0.7042621390296911
152,barabasi_albert,100,150,5,10,4.381,3.0,1.7378147196982767,"{6: 4, 4: 21, 8: 2, 7: 1, 11: 1, 5: 4, 3: 22, 2: 27, 1: 18}",-0.7042621390296911
153,barabasi_albert,100,150,5,10,4.1884,3.0,1.849324200890693,"{8: 3, 6: 3, 4: 16, 9: 1, 7: 2, 5: 10, 2: 32, 1: 21, 3: 12}",-0.7042621390296911
154,barabasi_albert,100,150,5,10,3.9366,3.0,2.186321110907545,"{5: 4, 7: 3, 8: 3, 11: 1, 3: 21, 6: 3, 2: 27, 9: 3, 4: 9, 1: 26}",-0.7042621390296911
155,barabasi_albert,100,150,5,10,4.3438,3.0,1.6309506430300091,"{8: 1, 6: 7, 7: 1, 5: 11, 2: 22, 3: 25, 4: 12, 1: 21}",-0.7042621390296911
156,barabasi_albert,100,150,5,10,4.195,3.0,1.7378147196982767,"{5: 11, 8: 3, 4: 15, 6: 3, 7: 2, 3: 17, 1: 20, 2: 29}",-0.7042621390296911
157,barabasi_albert,100,150,5,10,4.1344,3.0,1.98997487421324,"{10: 2, 6: 4, 5: 7, 8: 2, 11: 1, 4: 11, 3: 24, 2: 29, 1: 20}",-0.7042621390296911
158,barabasi_albert,100,150,5,10,4.2094,3.0,1.8110770276274832,"{5: 12, 6: 5, 4: 9, 7: 4, 3: 19, 10: 1, 2: 29, 1: 21}",-0.7042621390296911
159,barabasi_albert,100,150,5,10,4.285,3.0,1.783255450012701,"{8: 1, 7: 2, 6: 7, 5: 9, 9: 1, 2: 26, 3: 20, 4: 12, 1: 22}",-0.7042621390296911
160,barabasi_albert,100,150,5,10,4.0916,3.0,1.8867962264113207,"{8: 2, 6: 6, 9: 2, 5: 3, 3: 24, 7: 3, 1: 20, 4: 11, 2: 29}",-0.7042621390296911
161,barabasi_albert,100,150,5,10,4.2244,3.0,1.8055470085267789,"{6: 6, 8: 3, 7: 3, 2: 29, 4: 8, 5: 8, 1: 20, 3: 23}",-0.7042621390296911
162,barabasi_albert,100,150,5,10,4.2904,3.0,1.783255450012701,"{5: 9, 6: 3, 7: 2, 8: 2, 10: 1, 3: 19, 4: 16, 2: 28, 1: 20}",-0.7042621390296911
163,barabasi_albert,100,150,5,10,4.2426,3.0,1.8547236990991407,"{6: 6, 7: 3, 5: 8, 8: 3, 3: 23, 1: 26, 4: 11, 2: 20}",-0.7042621390296911
164,barabasi_albert,100,150,5,10,4.2374,3.0,1.5748015748023623,"{8: 1, 7: 3, 4: 24, 5: 8, 6: 2, 3: 18, 1: 19, 2: 25}",-0.7042621390296911
165,barabasi_albert,100,150,5,10,4.0998,3.0,1.833030277982336,"{9: 3, 4: 15, 6: 3, 5: 7, 3: 22, 2: 26, 7: 3, 1: 21}",-0.7042621390296911
166,barabasi_albert,100,150,5,10,4.2806,3.0,1.6911534525287764,"{5: 12, 4: 16, 6: 4, 9: 1, 8: 1, 2: 25, 3: 19, 7: 1, 1: 21}",-0.7042621390296911
167,barabasi_albert,100,150,5,10,4.473,3.0,1.6370705543744901,"{9: 1, 7: 5, 6: 2, 3: 30, 5: 7, 4: 13, 1: 17, 2: 25}",-0.7042621390296911
168,barabasi_albert,100,150,5,10,4.0136,3.0,2.0,"{8: 2, 5: 6, 11: 1, 7: 3, 4: 9, 3: 19, 2: 35, 6: 5, 1: 19, 10: 1}",-0.7042621390296911
169,barabasi_albert,100,150,5,10,4.1732,3.0,1.849324200890693,"{9: 2, 7: 3, 5: 9, 6: 6, 3: 23, 4: 11, 2: 21, 1: 25}",-0.7042621390296911
170,barabasi_albert,100,150,5,10,4.2876,3.0,1.8275666882497066,"{5: 6, 6: 5, 10: 2, 8: 1, 9: 1, 3: 24, 4: 12, 2: 34, 1: 15}",-0.7042621390296911
171,barabasi_albert,100,150,5,10,4.2634,3.0,1.8,"{8: 2, 6: 7, 4: 11, 5: 9, 9: 1, 2: 28, 3: 20, 1: 21, 7: 1}",-0.7042621390296911
172,barabasi_albert,100,150,5,10,4.2616,3.0,1.760681686165901,"{5: 12, 6: 5, 10: 1, 7: 4, 2: 41, 4: 7, 3: 16, 1: 14}",-0.7042621390296911
173,barabasi_albert,100,150,5,10,4.3468,3.0,1.6370705543744901,"{4: 9, 6: 5, 5: 11, 7: 3, 3: 25, 2: 29, 8: 1, 1: 17}",-0.7042621390296911
174,barabasi_albert,100,150,5,10,4.2698,3.0,1.8,"{5: 7, 8: 3, 4: 13, 7: 2, 6: 7, 2: 29, 1: 21, 3: 18}",-0.7042621390296911
175,barabasi_albert,100,150,5,10,4.174,3.0,1.8384776310850235,"{7: 4, 5: 7, 4: 11, 6: 4, 8: 2, 3: 24, 9: 1, 2: 25, 1: 22}",-0.7042621390296911
176,barabasi_albert,100,150,5,10,4.1018,3.0,1.96468827043885,"{9: 2, 6: 5, 5: 7, 8: 2, 3: 22, 7: 1, 2: 28, 4: 10, 10: 1, 1: 22}",-0.7042621390296911
177,barabasi_albert,100,150,5,10,4.2388,3.0,1.7776388834631178,"{4: 11, 9: 2, 7: 2, 6: 5, 8: 2, 2: 38, 5: 4, 3: 23, 1: 13}",-0.7042621390296911
178,barabasi_albert,100,150,5,10,4.1602,3.0,1.7663521732655694,"{8: 2, 7: 4, 6: 5, 5: 6, 4: 17, 3: 17, 1: 21, 2: 28}",-0.7042621390296911
179,barabasi_albert,100,150,5,10,4.148,3.0,1.849324200890693,"{6: 6, 7: 1, 4: 15, 11: 1, 5: 6, 9: 1, 8: 1, 2: 28, 3: 21, 1: 20}",-0.7042621390296911
180,barabasi_albert,100,150,5,10,4.0688,3.0,1.8601075237738274,"{7: 4, 8: 1, 6: 4, 10: 2, 5: 5, 2: 35, 1: 15, 4: 8, 3: 26}",-0.7042621390296911
181,barabasi_albert,100,150,5,10,4.2498,3.0,1.6852299546352716,"{6: 6, 5: 10, 7: 2, 4: 15, 2: 27, 3: 19, 1: 20, 9: 1}",-0.7042621390296911
182,barabasi_albert,100,150,5,10,4.1504,3.0,1.8973665961010275,"{8: 5, 5: 8, 6: 1, 3: 23, 2: 32, 4: 13, 12: 1, 1: 17}",-0.7042621390296911
183,barabasi_albert,100,150,5,10,4.1178,3.0,1.9544820285692064,"{6: 2, 8: 2, 5: 7, 7: 2, 9: 2, 10: 1, 3: 8, 4: 19, 2: 38, 1: 19}",-0.7042621390296911
184,barabasi_albert,100,150,5,10,4.1512,3.0,1.772004514666935,"{5: 12, 10: 1, 6: 3, 3: 23, 4: 13, 8: 2, 1: 22, 2: 23, 7: 1}",-0.7042621390296911
185,barabasi_albert,100,150,5,10,4.1326,3.0,1.783255450012701,"{6: 5, 7: 2, 8: 2, 5: 8, 9: 1, 4: 14, 3: 19, 1: 20, 2: 29}",-0.7042621390296911
186,barabasi_albert,100,150,5,10,4.0448,3.0,2.04939015319192,"{11: 1, 6: 3, 8: 2, 4: 9, 5: 8, 9: 2, 10: 1, 2: 25, 1: 23, 3: 26}",-0.7042621390296911
187,barabasi_albert,100,150,5,10,4.3444,3.0,1.5937377450509227,"{6: 6, 5: 8, 4: 15, 8: 1, 9: 1, 3: 25, 2: 28, 1: 16}",-0.7042621390296911
188,barabasi_albert,100,150,5,10,4.1914,3.0,1.8384776310850235,"{4: 12, 5: 6, 6: 8, 7: 3, 8: 1, 9: 1, 2: 21, 3: 23, 1: 25}",-0.7042621390296911
189,barabasi_albert,100,150,5,10,4.2538,3.0,1.8384776310850235,"{6: 4, 7: 4, 5: 9, 10: 1, 9: 1, 2: 28, 3: 24, 1: 20, 4: 9}",-0.7042621390296911
190,barabasi_albert,100,150,5,10,3.9864,3.0,2.0591260281974,"{7: 3, 9: 2, 4: 11, 6: 2, 11: 1, 10: 1, 5: 6, 3: 20, 8: 1, 2: 33, 1: 20}",-0.7042621390296911
191,barabasi_albert,100,150,5,10,4.2796,3.0,1.6852299546352716,"{4: 13, 5: 5, 6: 6, 10: 1, 8: 1, 2: 31, 7: 2, 3: 26, 1: 15}",-0.7042621390296911
192,barabasi_albert,100,150,5,10,3.9706,3.0,2.0445048300260873,"{6: 4, 9: 1, 8: 1, 5: 10, 4: 11, 11: 1, 2: 29, 10: 1, 3: 16, 7: 2, 1: 24}",-0.7042621390296911
193,barabasi_albert,100,150,5,10,4.2092,3.0,1.7088007490635062,"{7: 1, 6: 7, 5: 7, 8: 3, 1: 17, 3: 23, 4: 11, 2: 31}",-0.7042621390296911
194,barabasi_albert,100,150,5,10,4.2634,3.0,1.7776388834631178,"{7: 5, 6: 3, 9: 1, 4: 14, 8: 1, 2: 30, 1: 19, 3: 20, 5: 7}",-0.7042621390296911
195,barabasi_albert,100,150,5,10,4.2192,3.0,1.6309506430300091,"{6: 3, 4: 13, 8: 1, 7: 3, 5: 7, 3: 28, 9: 1, 1: 15, 2: 29}",-0.7042621390296911
196,barabasi_albert,100,150,5,10,4.1684,3.0,1.6792855623746665,"{5: 12, 6: 4, 4: 14, 7: 2, 10: 1, 3: 21, 2: 27, 1: 19}",-0.7042621390296911
197,barabasi_albert,100,150,5,10,4.2066,3.0,1.794435844492636,"{5: 5, 8: 2, 7: 4, 6: 3, 3: 26, 2: 22, 4: 15, 1: 22, 9: 1}",-0.7042621390296911
198,barabasi_albert,100,150,5,10,4.3548,3.0,1.61245154965971,"{7: 5, 5: 9, 8: 1, 6: 2, 3: 30, 4: 10, 2: 27, 1: 16}",-0.7042621390296911
199,barabasi_albert,100,150,5,10,4.1746,3.0,1.697056274847714,"{8: 2, 6: 7, 7: 2, 4: 16, 5: 5, 3: 24, 1: 21, 2: 23}",-0.7042621390296911
200,barabasi_albert,100,150,5,10,4.2218,3.0,1.816590212458495,"{5: 10, 4: 15, 6: 3, 8: 2, 7: 3, 3: 15, 2: 30, 1: 21, 9: 1}",-0.7042621390296911
201,barabasi_albert,100,150,5,10,4.0908,3.0,1.8867962264113207,"{8: 2, 7: 4, 6: 4, 11: 1, 5: 5, 4: 13, 3: 22, 2: 29, 1: 20}",-0.7042621390296911
202,barabasi_albert,100,150,5,10,4.2072,3.0,1.9339079605813716,"{10: 1, 5: 8, 4: 14, 9: 2, 6: 2, 1: 22, 7: 3, 2: 28, 3: 19, 8: 1}",-0.7042621390296911
203,barabasi_albert,100,150,5,10,4.183,3.0,1.6370705543744901,"{7: 1, 4: 15, 5: 13, 6: 4, 10: 1, 2: 28, 3: 20, 1: 18}",-0.7042621390296911
204,barabasi_albert,100,150,5,10,4.2248,3.0,1.7320508075688772,"{4: 11, 9: 1, 8: 2, 7: 3, 6: 3, 5: 8, 2: 32, 3: 24, 1: 16}",-0.7042621390296911
205,barabasi_albert,100,150,5,10,4.0374,3.0,2.0542638584174138,"{5: 8, 7: 5, 3: 23, 15: 1, 2: 29, 6: 5, 1: 21, 4: 8}",-0.7042621390296911
206,barabasi_albert,100,150,5,10,4.0758,3.0,1.8708286933869707,"{5: 10, 8: 3, 4: 10, 7: 2, 2: 24, 3: 26, 9: 2, 1: 22, 6: 1}",-0.7042621390296911
207,barabasi_albert,100,150,5,10,4.1312,3.0,1.9493588689617927,"{8: 3, 9: 3, 6: 3, 7: 1, 3: 17, 4: 13, 2: 33, 5: 7, 1: 20}",-0.7042621390296911
208,barabasi_albert,100,150,5,10,4.2464,3.0,1.7776388834631178,"{9: 1, 8: 1, 6: 5, 4: 11, 7: 4, 5: 7, 3: 24, 2: 27, 1: 20}",-0.7042621390296911
209,barabasi_albert,100,150,5,10,4.1154,3.0,1.7888543819998317,"{6: 5, 7: 4, 9: 1, 3: 20, 5: 7, 4: 13, 2: 29, 8: 1, 1: 20}",-0.7042621390296911
210,barabasi_albert,100,150,5,10,4.2828,3.0,1.7146428199482247,"{7: 1, 6: 6, 8: 1, 5: 4, 4: 15, 9: 2, 1: 17, 3: 26, 2: 28}",-0.7042621390296911
211,barabasi_albert,100,150,5,10,4.0662,3.0,1.8973665961010275,"{7: 4, 9: 2, 4: 8, 8: 1, 5: 8, 3: 21, 1: 21, 6: 5, 2: 30}",-0.7042621390296911
212,barabasi_albert,100,150,5,10,4.1124,3.0,1.9798989873223332,"{5: 6, 4: 14, 11: 1, 6: 6, 8: 2, 7: 1, 2: 25, 10: 1, 3: 20, 1: 24}",-0.7042621390296911
213,barabasi_albert,100,150,5,10,4.3074,3.0,1.7492855684535902,"{7: 6, 6: 9, 2: 37, 5: 5, 4: 8, 3: 19, 1: 16}",-0.7042621390296911
214,barabasi_albert,100,150,5,10,4.175,3.0,1.8867962264113207,"{6: 7, 11: 1, 5: 5, 2: 32, 3: 25, 10: 1, 8: 2, 1: 17, 4: 10}",-0.7042621390296911
215,barabasi_albert,100,150,5,10,4.1316,3.0,1.8055470085267789,"{5: 10, 8: 2, 4: 14, 7: 3, 1: 17, 11: 1, 2: 33, 3: 19, 6: 1}",-0.7042621390296911
216,barabasi_albert,100,150,5,10,4.3946,3.0,1.5427248620541512,"{6: 6, 5: 8, 7: 3, 4: 13, 2: 27, 3: 27, 1: 16}",-0.7042621390296911
217,barabasi_albert,100,150,5,10,4.172,3.0,1.8601075237738274,"{12: 1, 5: 10, 7: 4, 8: 1, 4: 9, 6: 3, 3: 20, 2: 36, 1: 16}",-0.7042621390296911
218,barabasi_albert,100,150,5,10,4.1562,3.0,1.9595917942265424,"{5: 6, 9: 2, 10: 2, 4: 16, 1: 23, 8: 1, 7: 1, 3: 24, 2: 23, 6: 2}",-0.7042621390296911
219,barabasi_albert,100,150,5,10,4.3278,3.0,1.7262676501632068,"{4: 21, 6: 3, 7: 5, 3: 21, 8: 2, 5: 3, 1: 21, 2: 24}",-0.7042621390296911
220,barabasi_albert,100,150,5,10,4.2858,3.0,1.7888543819998317,"{7: 6, 5: 7, 6: 4, 4: 13, 3: 21, 2: 27, 9: 1, 1: 21}",-0.7042621390296911
221,barabasi_albert,100,150,5,10,4.1508,3.0,1.783255450012701,"{5: 9, 6: 5, 4: 10, 7: 2, 3: 25, 8: 2, 9: 1, 1: 21, 2: 25}",-0.7042621390296911
222,barabasi_albert,100,150,5,10,4.235,3.0,1.865475810617763,"{4: 9, 8: 2, 6: 7, 7: 2, 2: 30, 11: 1, 5: 6, 3: 24, 1: 19}",-0.7042621390296911
223,barabasi_albert,100,150,5,10,4.0366,3.0,1.9287301521985911,"{7: 5, 9: 2, 5: 5, 6: 4, 2: 27, 4: 16, 1: 24, 3: 16, 8: 1}",-0.7042621390296911
224,barabasi_albert,100,150,5,10,4.2674,3.0,1.8275666882497066,"{6: 4, 4: 10, 9: 1, 5: 7, 3: 28, 8: 4, 2: 24, 1: 21, 7: 1}",-0.7042621390296911
225,barabasi_albert,100,150,5,10,4.2314,3.0,1.8220867158288598,"{8: 2, 9: 3, 6: 4, 4: 12, 5: 6, 2: 26, 3: 28, 1: 19}",-0.7042621390296911
226,barabasi_albert,100,150,5,10,4.2078,3.0,1.9390719429665315,"{7: 3, 6: 6, 8: 1, 10: 1, 5: 7, 3: 20, 9: 1, 1: 25, 4: 12, 2: 24}",-0.7042621390296911
227,barabasi_albert,100,150,5,10,4.1492,3.0,1.849324200890693,"{6: 7, 7: 6, 3: 27, 8: 2, 4: 8, 2: 25, 1: 22, 5: 3}",-0.7042621390296911
228,barabasi_albert,100,150,5,10,4.2294,3.0,1.783255450012701,"{6: 5, 10: 1, 8: 2, 5: 5, 9: 1, 3: 28, 4: 15, 1: 20, 2: 23}",-0.7042621390296911
229,barabasi_albert,100,150,5,10,4.1922,3.0,1.9493588689617927,"{4: 10, 6: 6, 5: 6, 9: 2, 7: 6, 2: 28, 3: 18, 1: 24}",-0.7042621390296911
230,barabasi_albert,100,150,5,10,4.2334,3.0,1.783255450012701,"{5: 5, 7: 2, 9: 1, 4: 18, 6: 4, 12: 1, 3: 22, 2: 31, 1: 16}",-0.7042621390296911
231,barabasi_albert,100,150,5,10,4.2098,3.0,1.8,"{7: 5, 6: 5, 4: 17, 5: 7, 3: 16, 1: 23, 2: 26, 9: 1}",-0.7042621390296911
232,barabasi_albert,100,150,5,10,4.0348,3.0,2.06881608655772,"{6: 2, 4: 13, 8: 2, 7: 3, 3: 16, 10: 2, 1: 19, 2: 37, 9: 2, 5: 4}",-0.7042621390296911
233,barabasi_albert,100,150,5,10,4.0782,3.0,1.9026297590440449,"{7: 4, 10: 1, 4: 16, 9: 2, 3: 21, 5: 5, 2: 26, 1: 22, 6: 3}",-0.7042621390296911
234,barabasi_albert,100,150,5,10,4.2586,3.0,1.6552945357246849,"{4: 14, 5: 9, 7: 4, 6: 4, 2: 31, 3: 20, 1: 17, 8: 1}",-0.7042621390296911
235,barabasi_albert,100,150,5,10,4.2318,3.0,1.6613247725836149,"{8: 2, 6: 3, 7: 2, 2: 34, 5: 12, 4: 17, 1: 17, 3: 13}",-0.7042621390296911
236,barabasi_albert,100,150,5,10,4.2298,3.0,1.7146428199482247,"{8: 2, 5: 8, 7: 4, 3: 24, 1: 18, 6: 4, 4: 11, 2: 29}",-0.7042621390296911
237,barabasi_albert,100,150,5,10,4.0896,3.0,2.0445048300260873,"{7: 3, 8: 3, 9: 2, 5: 5, 11: 1, 4: 8, 2: 29, 3: 26, 6: 2, 1: 21}",-0.7042621390296911
238,barabasi_albert,100,150,5,10,4.1604,3.0,1.70293863659264,"{6: 4, 8: 3, 5: 4, 4: 17, 7: 3, 3: 22, 2: 30, 1: 17}",-0.7042621390296911
239,barabasi_albert,100,150,5,10,4.0438,3.0,1.816590212458495,"{4: 11, 7: 5, 6: 3, 5: 12, 10: 1, 3: 19, 2: 27, 1: 22}",-0.7042621390296911
240,barabasi_albert,100,150,5,10,4.3622,3.0,1.5811388300841898,"{7: 4, 5: 8, 4: 15, 6: 5, 3: 22, 1: 16, 2: 30}",-0.7042621390296911
241,barabasi_albert,100,150,5,10,4.076,3.0,1.7888543819998317,"{9: 1, 5: 7, 8: 2, 6: 7, 7: 1, 2: 25, 4: 14, 1: 22, 3: 21}",-0.7042621390296911
242,barabasi_albert,100,150,5,10,4.305,3.0,1.816590212458495,"{6: 7, 5: 8, 8: 2, 4: 15, 3: 17, 2: 26, 9: 1, 7: 1, 1: 23}",-0.7042621390296911
243,barabasi_albert,100,150,5,10,4.2882,3.0,1.865475810617763,"{5: 13, 8: 2, 6: 5, 9: 1, 2: 24, 3: 19, 7: 2, 1: 25, 4: 9}",-0.7042621390296911
244,barabasi_albert,100,150,5,10,4.1324,3.0,1.7776388834631178,"{7: 4, 9: 1, 4: 20, 6: 2, 3: 18, 2: 29, 5: 6, 1: 19, 10: 1}",-0.7042621390296911
245,barabasi_albert,100,150,5,10,4.1284,3.0,1.7776388834631178,"{9: 3, 6: 4, 5: 6, 8: 1, 3: 23, 2: 34, 4: 13, 7: 1, 1: 15}",-0.7042621390296911
246,barabasi_albert,100,150,5,10,4.1632,3.0,1.876166303929372,"{8: 2, 6: 1, 5: 10, 7: 2, 4: 12, 10: 2, 3: 26, 2: 23, 1: 22}",-0.7042621390296911
247,barabasi_albert,100,150,5,10,4.1554,3.0,1.849324200890693,"{6: 4, 5: 8, 7: 4, 8: 1, 11: 1, 4: 10, 3: 27, 1: 22, 2: 23}",-0.7042621390296911
248,barabasi_albert,100,150,5,10,4.1368,3.0,1.8867962264113207,"{6: 7, 7: 3, 11: 1, 5: 7, 4: 11, 1: 23, 3: 22, 2: 25, 8: 1}",-0.7042621390296911
249,barabasi_albert,100,150,5,10,4.0868,3.0,1.9287301521985911,"{6: 4, 13: 1, 5: 13, 8: 2, 4: 13, 3: 21, 2: 21, 1: 25}",-0.7042621390296911
250,barabasi_albert,100,150,5,10,4.2314,3.0,1.783255450012701,"{8: 1, 6: 3, 7: 2, 4: 12, 12: 1, 5: 10, 3: 27, 2: 25, 1: 19}",-0.7042621390296911
251,barabasi_albert,100,150,5,10,4.2424,3.0,1.9390719429665315,"{6: 6, 12: 1, 9: 1, 5: 5, 8: 2, 3: 22, 4: 17, 1: 24, 2: 22}",-0.7042621390296911
252,barabasi_albert,100,150,5,10,4.1506,3.0,1.8814887722226779,"{6: 3, 8: 1, 7: 3, 5: 12, 12: 1, 4: 9, 3: 27, 2: 20, 1: 24}",-0.7042621390296911
253,barabasi_albert,100,150,5,10,4.065,3.0,1.8920887928424501,"{4: 11, 7: 4, 10: 1, 9: 1, 1: 19, 2: 32, 6: 5, 3: 21, 8: 1, 5: 5}",-0.7042621390296911
254,barabasi_albert,100,150,5,10,4.2864,3.0,1.6492422502470643,"{9: 1, 8: 1, 6: 4, 5: 11, 2: 34, 4: 17, 3: 15, 7: 1, 1: 16}",-0.7042621390296911
255,barabasi_albert,100,150,5,10,3.9888,3.0,1.9798989873223332,"{7: 1, 4: 18, 5: 8, 6: 2, 11: 1, 3: 17, 8: 2, 2: 29, 12: 1, 1: 21}",-0.7042621390296911
256,barabasi_albert,100,150,5,10,4.2052,3.0,1.8384776310850235,"{6: 6, 7: 2, 9: 2, 2: 27, 5: 6, 3: 18, 4: 16, 1: 22, 8: 1}",-0.7042621390296911
257,barabasi_albert,100,150,5,10,4.3356,3.0,1.849324200890693,"{7: 2, 9: 1, 8: 2, 4: 11, 2: 25, 3: 22, 5: 6, 1: 23, 6: 8}",-0.7042621390296911
258,barabasi_albert,100,150,5,10,4.206,3.0,1.7663521732655694,"{7: 4, 6: 6, 5: 2, 9: 2, 2: 28, 3: 26, 4: 14, 1: 18}",-0.7042621390296911
259,barabasi_albert,100,150,5,10,4.0756,3.0,2.0,"{4: 14, 6: 3, 7: 1, 8: 3, 10: 1, 3: 16, 5: 7, 2: 31, 9: 2, 1: 22}",-0.7042621390296911
260,barabasi_albert,100,150,5,10,4.1734,3.0,1.6911534525287764,"{6: 6, 5: 14, 7: 2, 3: 21, 2: 26, 8: 1, 4: 9, 1: 21}",-0.7042621390296911
261,barabasi_albert,100,150,5,10,4.0948,3.0,1.8055470085267789,"{6: 7, 8: 4, 7: 1, 4: 14, 5: 5, 2: 25, 3: 22, 1: 22}",-0.7042621390296911
262,barabasi_albert,100,150,5,10,4.147,3.0,1.8920887928424501,"{8: 3, 7: 2, 6: 4, 4: 11, 11: 1, 3: 26, 5: 7, 1: 22, 2: 24}",-0.7042621390296911
263,barabasi_albert,100,150,5,10,4.183,3.0,1.876166303929372,"{6: 8, 5: 7, 8: 1, 7: 3, 4: 11, 10: 1, 2: 27, 3: 19, 1: 23}",-0.7042621390296911
264,barabasi_albert,100,150,5,10,4.0656,3.0,1.8384776310850235,"{9: 2, 7: 3, 6: 5, 8: 2, 4: 12, 3: 28, 5: 2, 2: 27, 1: 19}",-0.7042621390296911
265,barabasi_albert,100,150,5,10,4.0982,3.0,1.96468827043885,"{10: 1, 7: 2, 6: 3, 5: 7, 9: 2, 8: 2, 2: 25, 3: 24, 4: 11, 1: 23}",-0.7042621390296911
266,barabasi_albert,100,150,5,10,4.1734,3.0,1.8973665961010275,"{5: 9, 9: 1, 7: 2, 10: 2, 2: 26, 4: 14, 3: 23, 6: 1, 1: 21, 8: 1}",-0.7042621390296911
267,barabasi_albert,100,150,5,10,4.2088,3.0,1.876166303929372,"{8: 2, 10: 1, 5: 6, 6: 4, 7: 4, 1: 21, 3: 17, 2: 30, 4: 15}",-0.7042621390296911
268,barabasi_albert,100,150,5,10,4.3218,3.0,1.70293863659264,"{7: 2, 5: 10, 6: 4, 4: 14, 3: 24, 2: 23, 8: 1, 9: 1, 1: 21}",-0.7042621390296911
269,barabasi_albert,100,150,5,10,4.1318,3.0,1.8275666882497066,"{9: 2, 5: 6, 6: 4, 4: 14, 3: 27, 7: 2, 10: 1, 2: 23, 1: 21}",-0.7042621390296911
270,barabasi_albert,100,150,5,10,4.024,3.0,2.0346989949375804,"{7: 3, 12: 1, 5: 7, 8: 1, 10: 1, 3: 19, 4: 13, 2: 25, 6: 5, 1: 25}",-0.7042621390296911
271,barabasi_albert,100,150,5,10,4.2002,3.0,1.8110770276274832,"{7: 3, 8: 1, 4: 15, 6: 5, 10: 1, 1: 22, 5: 8, 3: 19, 2: 26}",-0.7042621390296911
272,barabasi_albert,100,150,5,10,4.3338,3.0,1.6733200530681511,"{7: 4, 6: 4, 5: 6, 9: 1, 2: 29, 4: 19, 3: 19, 1: 18}",-0.7042621390296911
273,barabasi_albert,100,150,5,10,4.2714,3.0,1.8439088914585775,"{5: 5, 6: 6, 7: 4, 8: 3, 4: 13, 1: 21, 3: 18, 2: 30}",-0.7042621390296911
274,barabasi_albert,100,150,5,10,4.291,3.0,1.8,"{5: 9, 9: 2, 8: 1, 7: 3, 4: 12, 2: 32, 6: 3, 3: 20, 1: 18}",-0.7042621390296911
275,barabasi_albert,100,150,5,10,4.1104,3.0,1.794435844492636,"{7: 3, 6: 3, 8: 3, 4: 16, 2: 36, 3: 17, 9: 1, 5: 5, 1: 16}",-0.7042621390296911
276,barabasi_albert,100,150,5,10,4.1578,3.0,1.783255450012701,"{5: 9, 6: 3, 7: 4, 9: 1, 4: 15, 8: 1, 3: 21, 2: 23, 1: 23}",-0.7042621390296911
277,barabasi_albert,100,150,5,10,4.1632,3.0,1.9183326093250879,"{6: 2, 5: 11, 4: 17, 9: 1, 13: 1, 1: 21, 2: 28, 8: 1, 3: 17, 7: 1}",-0.7042621390296911
278,barabasi_albert,100,150,5,10,4.1804,3.0,1.8439088914585775,"{9: 2, 6: 6, 5: 7, 4: 12, 10: 1, 3: 25, 2: 25, 1: 21, 7: 1}",-0.7042621390296911
279,barabasi_albert,100,150,5,10,4.2782,3.0,1.6673332000533065,"{4: 19, 8: 3, 5: 11, 7: 1, 3: 18, 6: 2, 2: 26, 1: 20}",-0.7042621390296911
280,barabasi_albert,100,150,5,10,4.3994,3.0,1.5811388300841898,"{4: 14, 6: 6, 8: 1, 5: 10, 3: 27, 2: 21, 7: 1, 1: 20}",-0.7042621390296911
281,barabasi_albert,100,150,5,10,4.2354,3.0,2.0248456731316584,"{8: 1, 7: 3, 6: 8, 9: 3, 3: 15, 1: 25, 4: 12, 2: 29, 5: 4}",-0.7042621390296911
282,barabasi_albert,100,150,5,10,4.228,3.0,1.7435595774162693,"{5: 9, 6: 5, 7: 5, 3: 22, 8: 1, 1: 20, 2: 28, 4: 10}",-0.7042621390296911
283,barabasi_albert,100,150,5,10,4.2728,3.0,1.6733200530681511,"{6: 5, 7: 5, 8: 1, 5: 7, 4: 9, 3: 25, 1: 15, 2: 33}",-0.7042621390296911
284,barabasi_albert,100,150,5,10,4.3888,3.0,1.61245154965971,"{8: 2, 5: 10, 7: 2, 4: 19, 6: 2, 3: 21, 2: 25, 1: 19}",-0.7042621390296911
285,barabasi_albert,100,150,5,10,4.1152,3.0,1.8601075237738274,"{5: 10, 4: 12, 7: 4, 3: 21, 6: 3, 2: 26, 11: 1, 1: 22, 8: 1}",-0.7042621390296911
286,barabasi_albert,100,150,5,10,4.2118,3.0,1.7088007490635062,"{8: 1, 6: 3, 5: 10, 11: 1, 4: 18, 7: 1, 3: 21, 2: 26, 1: 19}",-0.7042621390296911
287,barabasi_albert,100,150,5,10,4.2274,3.0,1.8,"{8: 2, 7: 2, 9: 1, 4: 18, 5: 8, 3: 20, 6: 4, 1: 25, 2: 20}",-0.7042621390296911
288,barabasi_albert,100,150,5,10,4.1426,3.0,1.7776388834631178,"{10: 1, 7: 6, 5: 6, 2: 35, 6: 4, 3: 20, 1: 16, 4: 12}",-0.7042621390296911
289,barabasi_albert,100,150,5,10,4.3646,3.0,1.6613247725836149,"{4: 11, 6: 6, 7: 3, 5: 9, 8: 1, 1: 19, 3: 25, 2: 26}",-0.7042621390296911
290,barabasi_albert,100,150,5,10,4.108,3.0,1.9131126469708992,"{8: 3, 11: 1, 6: 4, 4: 11, 5: 8, 1: 23, 2: 24, 3: 24, 7: 2}",-0.7042621390296911
291,barabasi_albert,100,150,5,10,4.28,3.0,1.70293863659264,"{5: 7, 8: 2, 6: 8, 7: 2, 2: 28, 3: 27, 4: 8, 1: 18}",-0.7042621390296911
292,barabasi_albert,100,150,5,10,4.4298,3.0,1.5231546211727816,"{8: 1, 6: 3, 5: 4, 4: 27, 3: 17, 7: 1, 2: 33, 9: 1, 1: 13}",-0.7042621390296911
293,barabasi_albert,100,150,5,10,4.2848,3.0,1.5937377450509227,"{6: 5, 5: 5, 7: 5, 3: 24, 4: 16, 2: 29, 1: 16}",-0.7042621390296911
294,barabasi_albert,100,150,5,10,4.019,3.0,1.98997487421324,"{7: 3, 15: 1, 8: 2, 4: 13, 6: 3, 3: 21, 2: 38, 5: 5, 1: 14}",-0.7042621390296911
295,barabasi_albert,100,150,5,10,4.035,3.0,1.96468827043885,"{5: 8, 11: 1, 4: 14, 6: 7, 7: 2, 8: 2, 2: 23, 3: 16, 1: 27}",-0.7042621390296911
296,barabasi_albert,100,150,5,10,4.0364,3.0,1.9849433241279208,"{7: 5, 6: 5, 5: 7, 9: 2, 8: 2, 2: 35, 3: 20, 1: 20, 4: 4}",-0.7042621390296911
297,barabasi_albert,100,150,5,10,4.3388,3.0,1.697056274847714,"{7: 6, 6: 4, 5: 5, 3: 27, 8: 1, 4: 12, 2: 27, 1: 18}",-0.7042621390296911
298,barabasi_albert,100,150,5,10,4.1488,3.0,1.9026297590440449,"{8: 1, 7: 5, 5: 6, 13: 1, 6: 2, 3: 24, 4: 13, 2: 30, 1: 18}",-0.7042621390296911
299,barabasi_albert,100,150,5,10,4.2762,3.0,1.6613247725836149,"{5: 7, 9: 2, 6: 7, 3: 22, 4: 16, 2: 29, 1: 17}",-0.7042621390296911
300,barabasi_albert,100,150,5,10,4.0596,3.0,1.9949937343260002,"{8: 2, 6: 3, 11: 2, 4: 12, 7: 3, 3: 20, 1: 19, 5: 6, 2: 33}",-0.7042621390296911
301,barabasi_albert,100,150,5,10,4.3136,3.0,1.8220867158288598,"{4: 13, 7: 4, 5: 7, 6: 4, 10: 1, 3: 21, 9: 1, 2: 30, 1: 19}",-0.7042621390296911
302,barabasi_albert,100,150,5,10,4.1546,3.0,1.8708286933869707,"{6: 6, 8: 1, 4: 11, 7: 2, 5: 9, 12: 1, 2: 27, 3: 22, 1: 21}",-0.7042621390296911
303,barabasi_albert,100,150,5,10,4.149,3.0,1.7663521732655694,"{5: 8, 7: 3, 6: 4, 4: 14, 10: 1, 3: 24, 8: 1, 2: 24, 1: 21}",-0.7042621390296911
304,barabasi_albert,100,150,5,10,4.1406,3.0,1.8,"{7: 4, 9: 2, 4: 14, 5: 5, 6: 5, 3: 24, 1: 21, 2: 25}",-0.7042621390296911
305,barabasi_albert,100,150,5,10,4.23,3.0,1.7888543819998317,"{6: 6, 7: 5, 9: 1, 5: 7, 2: 24, 3: 25, 4: 10, 1: 22}",-0.7042621390296911
306,barabasi_albert,100,150,5,10,3.9734,3.0,2.029778313018444,"{7: 6, 5: 5, 12: 1, 10: 1, 6: 4, 1: 22, 3: 19, 2: 30, 4: 12}",-0.7042621390296911
307,barabasi_albert,100,150,5,10,4.2046,3.0,1.8547236990991407,"{9: 2, 5: 9, 6: 3, 8: 2, 3: 21, 7: 2, 4: 13, 2: 26, 1: 22}",-0.7042621390296911
308,barabasi_albert,100,150,5,10,3.9992,3.0,2.280350850198276,"{6: 5, 5: 5, 4: 9, 8: 2, 9: 1, 2: 36, 17: 1, 3: 18, 1: 20, 7: 3}",-0.7042621390296911
309,barabasi_albert,100,150,5,10,4.2192,3.0,1.7378147196982767,"{9: 3, 7: 1, 5: 8, 6: 4, 4: 13, 3: 25, 2: 29, 1: 17}",-0.7042621390296911
310,barabasi_albert,100,150,5,10,4.242,3.0,1.7146428199482247,"{4: 17, 6: 7, 7: 1, 9: 2, 3: 19, 5: 6, 2: 30, 1: 18}",-0.7042621390296911
311,barabasi_albert,100,150,5,10,4.1902,3.0,1.833030277982336,"{8: 2, 6: 8, 5: 9, 3: 20, 4: 9, 1: 24, 7: 3, 2: 25}",-0.7042621390296911
312,barabasi_albert,100,150,5,10,4.1018,3.0,1.8384776310850235,"{4: 12, 11: 1, 5: 12, 6: 4, 7: 2, 9: 1, 1: 20, 2: 30, 3: 18}",-0.7042621390296911
313,barabasi_albert,100,150,5,10,4.2028,3.0,1.7492855684535902,"{7: 1, 6: 9, 11: 1, 8: 1, 5: 4, 4: 10, 3: 28, 2: 30, 1: 16}",-0.7042621390296911
314,barabasi_albert,100,150,5,10,4.2628,3.0,1.70293863659264,"{4: 19, 5: 8, 8: 1, 7: 4, 6: 4, 1: 23, 3: 19, 2: 22}",-0.7042621390296911
315,barabasi_albert,100,150,5,10,4.2318,3.0,1.8055470085267789,"{9: 1, 4: 10, 10: 1, 5: 10, 6: 4, 3: 24, 7: 3, 1: 20, 2: 27}",-0.7042621390296911
316,barabasi_albert,100,150,5,10,4.1402,3.0,1.7888543819998317,"{6: 5, 7: 5, 4: 13, 8: 2, 2: 24, 5: 5, 3: 24, 1: 22}",-0.7042621390296911
317,barabasi_albert,100,150,5,10,4.3294,3.0,1.772004514666935,"{6: 2, 5: 13, 8: 1, 9: 1, 7: 3, 4: 16, 3: 17, 1: 24, 2: 23}",-0.7042621390296911
318,barabasi_albert,100,150,5,10,4.002,3.0,2.004993765576342,"{6: 6, 8: 3, 10: 1, 4: 7, 1: 24, 5: 7, 3: 19, 7: 4, 2: 29}",-0.7042621390296911
319,barabasi_albert,100,150,5,10,4.207,3.0,1.8220867158288598,"{5: 6, 10: 1, 6: 5, 7: 4, 4: 15, 8: 1, 3: 18, 1: 20, 2: 30}",-0.7042621390296911
320,barabasi_albert,100,150,5,10,4.2566,3.0,1.7088007490635062,"{6: 5, 9: 1, 5: 11, 7: 2, 8: 1, 3: 18, 2: 35, 4: 11, 1: 16}",-0.7042621390296911
321,barabasi_albert,100,150,5,10,4.3754,3.0,1.6492422502470643,"{6: 4, 4: 11, 8: 1, 7: 4, 5: 10, 3: 22, 2: 32, 1: 16}",-0.7042621390296911
322,barabasi_albert,100,150,5,10,4.4072,3.0,1.61245154965971,"{6: 6, 5: 8, 4: 21, 7: 1, 1: 18, 2: 29, 9: 1, 3: 16}",-0.7042621390296911
323,barabasi_albert,100,150,5,10,4.1936,3.0,2.078460969082653,"{11: 1, 5: 7, 6: 5, 13: 1, 4: 13, 3: 17, 2: 32, 8: 2, 1: 21, 7: 1}",-0.7042621390296911
324,barabasi_albert,100,150,5,10,4.1072,3.0,1.8920887928424501,"{7: 4, 9: 1, 6: 4, 5: 8, 4: 18, 1: 24, 10: 1, 2: 27, 3: 13}",-0.7042621390296911
325,barabasi_albert,100,150,5,10,4.428,3.0,1.7320508075688772,"{7: 2, 6: 5, 9: 1, 5: 10, 1: 21, 2: 25, 8: 1, 3: 22, 4: 13}",-0.7042621390296911
326,barabasi_albert,100,150,5,10,4.0372,3.0,2.16794833886788,"{8: 4, 10: 1, 11: 1, 5: 7, 6: 2, 4: 10, 2: 25, 9: 2, 3: 22, 1: 26}",-0.7042621390296911
327,barabasi_albert,100,150,5,10,3.9948,3.0,1.9339079605813716,"{8: 3, 9: 1, 10: 2, 7: 1, 4: 13, 5: 5, 2: 38, 3: 20, 6: 2, 1: 15}",-0.7042621390296911
328,barabasi_albert,100,150,5,10,4.0576,3.0,1.8110770276274832,"{5: 10, 7: 4, 6: 5, 8: 2, 3: 19, 2: 26, 1: 23, 4: 11}",-0.7042621390296911
329,barabasi_albert,100,150,5,10,4.2506,3.0,1.7320508075688772,"{7: 2, 5: 10, 4: 17, 6: 5, 8: 2, 3: 17, 1: 23, 2: 24}",-0.7042621390296911
330,barabasi_albert,100,150,5,10,4.0972,3.0,1.9183326093250879,"{9: 2, 5: 8, 8: 3, 4: 11, 7: 4, 2: 26, 1: 22, 3: 24}",-0.7042621390296911
331,barabasi_albert,100,150,5,10,4.1416,3.0,1.9131126469708992,"{8: 3, 7: 3, 5: 8, 9: 1, 6: 5, 2: 28, 4: 10, 3: 19, 1: 23}",-0.7042621390296911
332,barabasi_albert,100,150,5,10,4.2916,3.0,1.794435844492636,"{5: 4, 8: 2, 7: 2, 6: 5, 10: 1, 4: 20, 1: 21, 3: 19, 2: 26}",-0.7042621390296911
333,barabasi_albert,100,150,5,10,4.166,3.0,1.7888543819998317,"{4: 16, 6: 9, 11: 1, 5: 6, 8: 1, 3: 20, 2: 26, 1: 21}",-0.7042621390296911
334,barabasi_albert,100,150,5,10,4.327,3.0,1.6552945357246849,"{6: 9, 7: 2, 4: 16, 8: 1, 3: 24, 5: 4, 1: 20, 2: 24}",-0.7042621390296911
335,barabasi_albert,100,150,5,10,4.245,3.0,1.8275666882497066,"{6: 7, 4: 14, 10: 1, 5: 9, 3: 20, 11: 1, 2: 28, 1: 20}",-0.7042621390296911
336,barabasi_albert,100,150,5,10,4.0906,3.0,1.8973665961010275,"{4: 15, 8: 2, 9: 1, 5: 7, 3: 28, 12: 1, 7: 2, 2: 21, 6: 1, 1: 22}",-0.7042621390296911
337,barabasi_albert,100,150,5,10,4.1058,3.0,1.9748417658131499,"{6: 6, 9: 2, 10: 1, 4: 12, 7: 2, 2: 34, 5: 7, 8: 1, 3: 14, 1: 21}",-0.7042621390296911
338,barabasi_albert,100,150,5,10,4.1588,3.0,1.8867962264113207,"{10: 1, 8: 2, 5: 3, 9: 2, 6: 4, 3: 23, 1: 19, 2: 29, 4: 16, 7: 1}",-0.7042621390296911
339,barabasi_albert,100,150,5,10,4.2834,3.0,1.7549928774784245,"{9: 1, 8: 2, 6: 3, 7: 2, 5: 11, 2: 27, 4: 12, 3: 22, 1: 20}",-0.7042621390296911
340,barabasi_albert,100,150,5,10,4.1694,3.0,1.98997487421324,"{6: 5, 4: 13, 7: 4, 9: 1, 11: 1, 8: 1, 5: 6, 3: 19, 2: 25, 1: 25}",-0.7042621390296911
341,barabasi_albert,100,150,5,10,4.175,3.0,1.8973665961010275,"{5: 3, 8: 1, 4: 13, 11: 1, 7: 3, 3: 26, 6: 3, 9: 2, 2: 31, 1: 17}",-0.7042621390296911
342,barabasi_albert,100,150,5,10,4.1916,3.0,1.8220867158288598,"{5: 9, 9: 1, 7: 3, 6: 2, 3: 17, 10: 1, 8: 1, 2: 33, 4: 15, 1: 18}",-0.7042621390296911
343,barabasi_albert,100,150,5,10,3.9666,3.0,2.0445048300260873,"{11: 1, 6: 6, 8: 2, 13: 1, 5: 6, 4: 14, 2: 32, 1: 20, 3: 18}",-0.7042621390296911
344,barabasi_albert,100,150,5,10,3.9322,3.0,2.039607805437114,"{8: 3, 6: 3, 9: 1, 10: 2, 2: 26, 3: 22, 5: 8, 4: 10, 1: 24, 7: 1}",-0.7042621390296911
345,barabasi_albert,100,150,5,10,3.882,3.0,2.1633307652783933,"{7: 3, 8: 3, 5: 4, 14: 1, 6: 3, 4: 13, 3: 19, 10: 1, 2: 31, 1: 22}",-0.7042621390296911
346,barabasi_albert,100,150,5,10,4.1644,3.0,1.8920887928424501,"{5: 9, 7: 5, 6: 4, 8: 1, 4: 8, 2: 33, 3: 20, 11: 1, 1: 19}",-0.7042621390296911
347,barabasi_albert,100,150,5,10,4.2284,3.0,1.7146428199482247,"{6: 4, 7: 4, 4: 12, 3: 21, 8: 2, 1: 17, 5: 8, 2: 32}",-0.7042621390296911
348,barabasi_albert,100,150,5,10,4.1922,3.0,1.8601075237738274,"{8: 4, 6: 4, 7: 3, 5: 9, 2: 31, 4: 11, 3: 17, 1: 21}",-0.7042621390296911
349,barabasi_albert,100,150,5,10,4.0872,3.0,1.9849433241279208,"{4: 13, 10: 2, 5: 7, 9: 1, 8: 2, 2: 23, 3: 24, 7: 2, 6: 2, 1: 24}",-0.7042621390296911
350,barabasi_albert,100,150,5,10,4.4108,3.0,1.606237840420901,"{6: 5, 5: 9, 7: 2, 4: 16, 3: 26, 8: 1, 1: 21, 2: 20}",-0.7042621390296911
351,barabasi_albert,100,150,5,10,4.2148,3.0,1.816590212458495,"{7: 3, 6: 6, 10: 1, 5: 8, 3: 19, 2: 30, 8: 1, 4: 12, 1: 20}",-0.7042621390296911
352,barabasi_albert,100,150,5,10,4.1536,3.0,1.70293863659264,"{8: 3, 4: 15, 6: 5, 7: 2, 2: 31, 5: 6, 3: 21, 1: 17}",-0.7042621390296911
353,barabasi_albert,100,150,5,10,4.2684,3.0,1.8220867158288598,"{6: 4, 7: 2, 5: 10, 9: 1, 10: 1, 8: 1, 4: 10, 2: 32, 3: 21, 1: 18}",-0.7042621390296911
354,barabasi_albert,100,150,5,10,4.2332,3.0,1.6492422502470643,"{5: 8, 8: 3, 9: 1, 4: 14, 7: 1, 2: 26, 3: 30, 6: 1, 1: 16}",-0.7042621390296911
355,barabasi_albert,100,150,5,10,4.1286,3.0,1.833030277982336,"{5: 9, 4: 11, 6: 4, 7: 3, 9: 2, 8: 1, 3: 19, 1: 19, 2: 32}",-0.7042621390296911
356,barabasi_albert,100,150,5,10,4.4696,3.0,1.6552945357246849,"{8: 3, 7: 1, 6: 5, 3: 22, 4: 19, 5: 5, 1: 18, 2: 27}",-0.7042621390296911
357,barabasi_albert,100,150,5,10,4.2244,3.0,1.772004514666935,"{8: 2, 5: 6, 6: 4, 4: 16, 7: 3, 2: 32, 3: 18, 9: 1, 1: 18}",-0.7042621390296911
358,barabasi_albert,100,150,5,10,4.268,3.0,1.6613247725836149,"{5: 10, 7: 2, 6: 3, 3: 18, 2: 31, 4: 17, 8: 1, 9: 1, 1: 17}",-0.7042621390296911
359,barabasi_albert,100,150,5,10,4.0362,3.0,1.9026297590440449,"{6: 5, 5: 5, 7: 5, 8: 2, 4: 11, 2: 24, 3: 23, 9: 1, 1: 24}",-0.7042621390296911
360,barabasi_albert,100,150,5,10,4.2594,3.0,1.7663521732655694,"{7: 3, 5: 6, 6: 2, 3: 24, 4: 18, 9: 2, 8: 1, 2: 23, 1: 21}",-0.7042621390296911
361,barabasi_albert,100,150,5,10,4.0178,3.0,1.98997487421324,"{7: 2, 6: 9, 5: 5, 9: 1, 4: 10, 12: 1, 3: 14, 2: 39, 1: 18, 8: 1}",-0.7042621390296911
362,barabasi_albert,100,150,5,10,4.1366,3.0,1.8110770276274832,"{5: 6, 7: 6, 8: 1, 6: 6, 4: 12, 3: 21, 2: 25, 1: 23}",-0.7042621390296911
363,barabasi_albert,100,150,5,10,4.1324,3.0,1.772004514666935,"{7: 3, 6: 3, 10: 1, 5: 9, 3: 16, 2: 34, 9: 1, 4: 16, 1: 17}",-0.7042621390296911
364,barabasi_albert,100,150,5,10,4.162,3.0,1.7888543819998317,"{6: 5, 11: 1, 5: 9, 4: 17, 8: 2, 2: 28, 3: 18, 1: 20}",-0.7042621390296911
365,barabasi_albert,100,150,5,10,4.2076,3.0,1.783255450012701,"{6: 8, 5: 8, 9: 1, 8: 1, 3: 19, 7: 2, 2: 30, 4: 11, 1: 20}",-0.7042621390296911
366,barabasi_albert,100,150,5,10,4.1692,3.0,1.876166303929372,"{6: 5, 5: 10, 7: 2, 11: 1, 8: 2, 4: 10, 3: 19, 1: 20, 2: 31}",-0.7042621390296911
367,barabasi_albert,100,150,5,10,4.2536,3.0,1.7776388834631178,"{7: 4, 8: 2, 5: 7, 6: 5, 4: 16, 2: 29, 1: 21, 3: 16}",-0.7042621390296911
368,barabasi_albert,100,150,5,10,4.2836,3.0,1.7549928774784245,"{5: 9, 8: 1, 7: 4, 2: 30, 3: 21, 4: 14, 6: 2, 10: 1, 1: 18}",-0.7042621390296911
369,barabasi_albert,100,150,5,10,4.2404,3.0,1.7663521732655694,"{6: 7, 7: 5, 5: 9, 4: 15, 2: 30, 1: 22, 3: 12}",-0.7042621390296911
370,barabasi_albert,100,150,5,10,4.026,3.0,1.9849433241279208,"{7: 2, 5: 10, 6: 1, 10: 1, 11: 2, 2: 26, 3: 17, 4: 18, 1: 23}",-0.7042621390296911
371,barabasi_albert,100,150,5,10,4.2244,3.0,1.7776388834631178,"{6: 6, 10: 1, 8: 2, 4: 12, 5: 10, 2: 23, 1: 22, 3: 24}",-0.7042621390296911
372,barabasi_albert,100,150,5,10,4.2684,3.0,1.7204650534085253,"{7: 3, 9: 1, 6: 5, 8: 1, 4: 18, 3: 20, 2: 28, 1: 19, 5: 5}",-0.7042621390296911
373,barabasi_albert,100,150,5,10,4.0618,3.0,2.009975124224178,"{11: 1, 6: 5, 8: 2, 10: 1, 7: 2, 1: 25, 4: 12, 5: 7, 2: 24, 3: 21}",-0.7042621390296911
374,barabasi_albert,100,150,5,10,4.0484,3.0,1.9595917942265424,"{9: 3, 7: 1, 6: 5, 2: 30, 10: 1, 3: 17, 4: 12, 1: 22, 5: 9}",-0.7042621390296911
375,barabasi_albert,100,150,5,10,4.188,3.0,1.8110770276274832,"{7: 2, 9: 1, 5: 7, 8: 4, 4: 10, 3: 30, 2: 24, 1: 20, 6: 2}",-0.7042621390296911
376,barabasi_albert,100,150,5,10,4.0078,3.0,2.0,"{10: 2, 7: 3, 6: 4, 5: 7, 8: 1, 4: 10, 3: 22, 9: 1, 1: 23, 2: 27}",-0.7042621390296911
377,barabasi_albert,100,150,5,10,4.0378,3.0,1.9748417658131499,"{6: 6, 7: 3, 4: 13, 5: 7, 11: 1, 1: 23, 8: 1, 2: 30, 9: 1, 3: 15}",-0.7042621390296911
378,barabasi_albert,100,150,5,10,4.1818,3.0,1.833030277982336,"{6: 4, 9: 2, 7: 3, 5: 12, 4: 12, 3: 19, 2: 24, 1: 24}",-0.7042621390296911
379,barabasi_albert,100,150,5,10,4.231,3.0,1.760681686165901,"{7: 4, 4: 12, 6: 6, 8: 2, 2: 30, 3: 21, 1: 19, 5: 6}",-0.7042621390296911
380,barabasi_albert,100,150,5,10,4.2878,3.0,1.8110770276274832,"{11: 1, 6: 6, 9: 1, 4: 14, 8: 1, 3: 23, 7: 1, 2: 31, 5: 5, 1: 17}",-0.7042621390296911
381,barabasi_albert,100,150,5,10,4.2224,3.0,1.70293863659264,"{7: 3, 5: 9, 8: 2, 1: 18, 6: 5, 3: 24, 2: 29, 4: 10}",-0.7042621390296911
382,barabasi_albert,100,150,5,10,4.1766,3.0,1.8920887928424501,"{7: 4, 10: 1, 5: 10, 9: 1, 6: 2, 2: 30, 3: 18, 4: 12, 8: 1, 1: 21}",-0.7042621390296911
383,barabasi_albert,100,150,5,10,4.228,3.0,1.7435595774162693,"{6: 3, 8: 4, 3: 32, 7: 1, 2: 26, 9: 1, 4: 11, 5: 5, 1: 17}",-0.7042621390296911
384,barabasi_albert,100,150,5,10,4.208,3.0,1.9493588689617927,"{7: 3, 4: 12, 13: 1, 5: 10, 3: 24, 6: 1, 8: 1, 2: 26, 1: 21, 9: 1}",-0.7042621390296911
385,barabasi_albert,100,150,5,10,4.2148,3.0,1.760681686165901,"{4: 21, 6: 3, 8: 1, 5: 6, 7: 4, 3: 17, 2: 25, 9: 1, 1: 22}",-0.7042621390296911
386,barabasi_albert,100,150,5,10,4.2358,3.0,1.6792855623746665,"{9: 1, 6: 2, 5: 7, 3: 31, 8: 2, 1: 21, 7: 2, 4: 16, 2: 18}",-0.7042621390296911
387,barabasi_albert,100,150,5,10,4.1972,3.0,1.8055470085267789,"{8: 2, 9: 1, 4: 14, 6: 5, 1: 21, 3: 17, 7: 2, 2: 29, 5: 9}",-0.7042621390296911
388,barabasi_albert,100,150,5,10,4.3014,3.0,1.8867962264113207,"{8: 3, 5: 5, 4: 11, 11: 1, 2: 25, 7: 2, 3: 27, 6: 5, 1: 21}",-0.7042621390296911
389,barabasi_albert,100,150,5,10,4.261,3.0,1.7888543819998317,"{6: 3, 8: 1, 5: 12, 9: 2, 7: 2, 4: 9, 3: 24, 2: 27, 1: 20}",-0.7042621390296911
390,barabasi_albert,100,150,5,10,4.0632,3.0,1.944222209522358,"{7: 4, 11: 1, 6: 6, 1: 24, 9: 1, 5: 6, 4: 14, 2: 26, 3: 18}",-0.7042621390296911
391,barabasi_albert,100,150,5,10,4.234,3.0,1.9339079605813716,"{6: 5, 8: 2, 11: 1, 10: 1, 3: 27, 7: 3, 4: 8, 2: 34, 5: 3, 1: 16}",-0.7042621390296911
392,barabasi_albert,100,150,5,10,4.0806,3.0,1.9078784028338913,"{7: 2, 6: 7, 5: 5, 11: 2, 4: 15, 1: 18, 2: 34, 3: 17}",-0.7042621390296911
393,barabasi_albert,100,150,5,10,4.1568,3.0,1.8601075237738274,"{6: 8, 5: 7, 11: 1, 4: 12, 9: 1, 2: 29, 3: 21, 8: 1, 1: 20}",-0.7042621390296911
394,barabasi_albert,100,150,5,10,4.303,3.0,1.6613247725836149,"{7: 2, 8: 2, 6: 4, 5: 6, 4: 23, 2: 19, 1: 23, 3: 21}",-0.7042621390296911
395,barabasi_albert,100,150,5,10,4.2622,3.0,1.9544820285692064,"{8: 4, 6: 5, 5: 9, 2: 22, 4: 10, 1: 26, 7: 1, 3: 22, 10: 1}",-0.7042621390296911
396,barabasi_albert,100,150,5,10,4.1004,3.0,1.8973665961010275,"{7: 5, 5: 6, 9: 2, 4: 8, 6: 5, 3: 18, 2: 38, 8: 1, 1: 17}",-0.7042621390296911
397,barabasi_albert,100,150,5,10,4.0584,3.0,2.0445048300260873,"{8: 3, 5: 5, 7: 3, 11: 1, 4: 10, 6: 4, 10: 1, 3: 20, 2: 32, 1: 21}",-0.7042621390296911
398,barabasi_albert,100,150,5,10,4.0782,3.0,2.039607805437114,"{9: 3, 8: 4, 5: 5, 6: 5, 3: 21, 1: 22, 2: 31, 4: 8, 7: 1}",-0.7042621390296911
399,barabasi_albert,100,150,5,10,4.146,3.0,1.876166303929372,"{5: 8, 10: 1, 7: 3, 8: 2, 3: 19, 6: 5, 4: 12, 2: 28, 1: 22}",-0.7042621390296911
400,barabasi_albert,100,150,5,10,4.1214,3.0,1.8973665961010275,"{4: 15, 6: 5, 10: 2, 5: 6, 1: 21, 2: 30, 7: 4, 3: 17}",-0.7042621390296911
401,barabasi_albert,100,150,5,10,4.256,3.0,1.7204650534085253,"{7: 3, 6: 6, 4: 19, 5: 7, 9: 1, 3: 16, 1: 21, 2: 27}",-0.7042621390296911
402,barabasi_albert,100,150,5,10,4.262,3.0,1.760681686165901,"{6: 3, 11: 1, 8: 2, 4: 12, 7: 3, 3: 27, 2: 33, 5: 5, 1: 14}",-0.7042621390296911
403,barabasi_albert,100,150,5,10,4.1818,3.0,1.8,"{8: 4, 6: 4, 5: 4, 7: 3, 3: 15, 4: 18, 1: 18, 2: 34}",-0.7042621390296911
404,barabasi_albert,100,150,5,10,4.2262,3.0,1.7549928774784245,"{6: 5, 5: 8, 8: 2, 3: 23, 4: 11, 9: 1, 7: 2, 1: 18, 2: 30}",-0.7042621390296911
405,barabasi_albert,100,150,5,10,4.0834,3.0,2.0,"{7: 1, 5: 4, 14: 1, 6: 7, 9: 1, 4: 14, 2: 29, 8: 1, 3: 22, 1: 20}",-0.7042621390296911
406,barabasi_albert,100,150,5,10,4.1078,3.0,1.9235384061671346,"{5: 10, 7: 1, 9: 3, 3: 17, 4: 12, 8: 3, 2: 34, 1: 19, 6: 1}",-0.7042621390296911
407,barabasi_albert,100,150,5,10,4.0504,3.0,1.9078784028338913,"{5: 7, 8: 3, 6: 5, 3: 24, 9: 1, 2: 30, 4: 10, 11: 1, 1: 19}",-0.7042621390296911
408,barabasi_albert,100,150,5,10,4.1514,3.0,1.8814887722226779,"{8: 2, 5: 9, 12: 1, 6: 4, 3: 23, 7: 2, 4: 11, 1: 20, 2: 28}",-0.7042621390296911
409,barabasi_albert,100,150,5,10,4.0292,3.0,2.0199009876724157,"{9: 2, 5: 9, 7: 3, 4: 11, 10: 1, 6: 4, 8: 1, 1: 27, 3: 19, 2: 23}",-0.7042621390296911
410,barabasi_albert,100,150,5,10,4.1566,3.0,1.8384776310850235,"{7: 3, 5: 8, 6: 2, 3: 27, 10: 2, 4: 12, 8: 1, 2: 25, 1: 20}",-0.7042621390296911
411,barabasi_albert,100,150,5,10,4.2032,3.0,1.6613247725836149,"{5: 12, 4: 10, 6: 7, 2: 27, 9: 1, 3: 23, 1: 19, 7: 1}",-0.7042621390296911
412,barabasi_albert,100,150,5,10,4.0802,3.0,1.9235384061671346,"{9: 3, 4: 14, 6: 4, 7: 2, 11: 1, 3: 26, 5: 3, 1: 19, 2: 28}",-0.7042621390296911
413,barabasi_albert,100,150,5,10,4.2108,3.0,1.8,"{6: 8, 10: 1, 5: 9, 3: 20, 7: 1, 8: 1, 4: 12, 2: 26, 1: 22}",-0.7042621390296911
414,barabasi_albert,100,150,5,10,4.2162,3.0,1.783255450012701,"{6: 4, 7: 6, 9: 1, 1: 20, 2: 25, 3: 26, 8: 1, 4: 16, 5: 1}",-0.7042621390296911
415,barabasi_albert,100,150,5,10,4.2426,3.0,1.7776388834631178,"{7: 3, 5: 12, 4: 9, 6: 7, 1: 20, 2: 32, 9: 1, 3: 16}",-0.7042621390296911
416,barabasi_albert,100,150,5,10,4.0842,3.0,1.865475810617763,"{6: 3, 5: 9, 7: 4, 10: 1, 4: 11, 3: 19, 2: 31, 8: 2, 1: 20}",-0.7042621390296911
417,barabasi_albert,100,150,5,10,4.2672,3.0,1.7492855684535902,"{5: 6, 7: 4, 4: 11, 6: 5, 3: 25, 9: 1, 8: 1, 1: 18, 2: 29}",-0.7042621390296911
418,barabasi_albert,100,150,5,10,4.1774,3.0,1.783255450012701,"{7: 2, 9: 1, 6: 4, 5: 10, 11: 1, 4: 11, 2: 31, 3: 23, 1: 17}",-0.7042621390296911
419,barabasi_albert,100,150,5,10,4.1624,3.0,1.8920887928424501,"{7: 3, 5: 7, 6: 3, 8: 2, 9: 2, 2: 26, 3: 19, 4: 15, 1: 23}",-0.7042621390296911
420,barabasi_albert,100,150,5,10,4.16,3.0,1.760681686165901,"{6: 5, 4: 15, 5: 7, 9: 1, 8: 3, 3: 27, 1: 23, 2: 19}",-0.7042621390296911
421,barabasi_albert,100,150,5,10,4.2808,3.0,1.7549928774784245,"{6: 5, 9: 1, 7: 2, 4: 9, 5: 13, 3: 20, 1: 20, 2: 29, 8: 1}",-0.7042621390296911
422,barabasi_albert,100,150,5,10,4.144,3.0,1.865475810617763,"{6: 5, 8: 2, 5: 6, 9: 1, 4: 12, 3: 22, 7: 4, 1: 23, 2: 25}",-0.7042621390296911
423,barabasi_albert,100,150,5,10,4.4346,3.0,1.6911534525287764,"{6: 5, 8: 2, 9: 1, 4: 9, 7: 2, 5: 7, 1: 12, 3: 24, 2: 38}",-0.7042621390296911
424,barabasi_albert,100,150,5,10,4.2852,3.0,1.7776388834631178,"{10: 1, 5: 9, 8: 1, 12: 1, 4: 15, 6: 2, 2: 28, 3: 27, 1: 16}",-0.7042621390296911
425,barabasi_albert,100,150,5,10,4.346,3.0,1.7435595774162693,"{6: 4, 8: 3, 5: 8, 7: 3, 2: 24, 3: 29, 4: 9, 1: 20}",-0.7042621390296911
426,barabasi_albert,100,150,5,10,4.1568,3.0,1.8920887928424501,"{5: 8, 10: 1, 7: 2, 6: 6, 11: 1, 3: 21, 4: 13, 2: 26, 1: 22}",-0.7042621390296911
427,barabasi_albert,100,150,5,10,4.2562,3.0,1.9183326093250879,"{7: 3, 6: 6, 5: 8, 9: 3, 4: 8, 3: 23, 2: 26, 1: 23}",-0.7042621390296911
428,barabasi_albert,100,150,5,10,4.1078,3.0,1.9131126469708992,"{8: 2, 7: 3, 6: 7, 11: 1, 2: 25, 3: 27, 5: 5, 4: 8, 1: 22}",-0.7042621390296911
429,barabasi_albert,100,150,5,10,4.3242,3.0,1.5033296378372907,"{5: 13, 8: 1, 7: 1, 6: 4, 3: 29, 4: 10, 2: 27, 1: 15}",-0.7042621390296911
430,barabasi_albert,100,150,5,10,4.158,3.0,1.7204650534085253,"{9: 1, 5: 5, 7: 2, 4: 14, 10: 1, 6: 6, 3: 22, 2: 35, 1: 14}",-0.7042621390296911
431,barabasi_albert,100,150,5,10,4.2964,3.0,1.7776388834631178,"{7: 2, 5: 10, 8: 1, 4: 14, 6: 6, 9: 1, 3: 17, 2: 27, 1: 22}",-0.7042621390296911
432,barabasi_albert,100,150,5,10,4.1844,3.0,1.7088007490635062,"{6: 8, 4: 13, 5: 8, 9: 2, 3: 23, 2: 27, 1: 19}",-0.7042621390296911
433,barabasi_albert,100,150,5,10,4.2224,3.0,1.7549928774784245,"{9: 1, 6: 6, 5: 9, 7: 2, 8: 1, 4: 13, 2: 24, 3: 22, 1: 22}",-0.7042621390296911
434,barabasi_albert,100,150,5,10,4.1048,3.0,1.8384776310850235,"{6: 3, 7: 3, 8: 2, 4: 15, 5: 9, 2: 29, 3: 17, 10: 1, 1: 21}",-0.7042621390296911
435,barabasi_albert,100,150,5,10,4.1668,3.0,2.1540659228538015,"{8: 2, 7: 2, 4: 12, 6: 3, 16: 1, 2: 26, 3: 25, 9: 1, 5: 6, 1: 22}",-0.7042621390296911
436,barabasi_albert,100,150,5,10,4.1432,3.0,1.794435844492636,"{9: 3, 4: 11, 7: 3, 6: 2, 2: 29, 5: 9, 3: 25, 1: 18}",-0.7042621390296911
437,barabasi_albert,100,150,5,10,4.0646,3.0,1.98997487421324,"{8: 2, 7: 1, 5: 10, 6: 3, 4: 13, 9: 2, 3: 20, 2: 21, 10: 1, 1: 27}",-0.7042621390296911
438,barabasi_albert,100,150,5,10,4.1468,3.0,2.004993765576342,"{10: 1, 7: 3, 9: 3, 8: 1, 5: 5, 2: 27, 4: 20, 6: 1, 3: 15, 1: 24}",-0.7042621390296911
439,barabasi_albert,100,150,5,10,4.2716,3.0,1.8275666882497066,"{6: 4, 9: 2, 7: 3, 3: 21, 5: 7, 4: 14, 2: 27, 8: 1, 1: 21}",-0.7042621390296911
440,barabasi_albert,100,150,5,10,4.1076,3.0,2.004993765576342,"{6: 4, 12: 1, 5: 9, 4: 10, 1: 22, 7: 3, 2: 29, 10: 1, 3: 20, 8: 1}",-0.7042621390296911
441,barabasi_albert,100,150,5,10,4.2842,3.0,1.5874507866387544,"{5: 8, 6: 5, 4: 16, 7: 2, 2: 31, 3: 22, 9: 1, 1: 15}",-0.7042621390296911
442,barabasi_albert,100,150,5,10,4.21,3.0,1.8439088914585775,"{7: 3, 9: 2, 5: 10, 3: 16, 6: 6, 4: 11, 2: 31, 1: 21}",-0.7042621390296911
443,barabasi_albert,100,150,5,10,4.1744,3.0,1.7492855684535902,"{6: 8, 5: 8, 10: 1, 7: 2, 4: 13, 3: 20, 1: 20, 2: 28}",-0.7042621390296911
444,barabasi_albert,100,150,5,10,4.316,3.0,1.8867962264113207,"{8: 5, 6: 4, 9: 1, 3: 21, 4: 13, 5: 5, 7: 1, 2: 30, 1: 20}",-0.7042621390296911
445,barabasi_albert,100,150,5,10,4.1692,3.0,1.833030277982336,"{5: 4, 8: 3, 6: 6, 7: 1, 9: 1, 2: 23, 4: 20, 3: 18, 1: 24}",-0.7042621390296911
446,barabasi_albert,100,150,5,10,4.0994,3.0,1.9390719429665315,"{5: 8, 7: 4, 8: 1, 10: 1, 3: 19, 12: 1, 2: 35, 1: 17, 4: 13, 6: 1}",-0.7042621390296911
447,barabasi_albert,100,150,5,10,4.1594,3.0,1.849324200890693,"{9: 1, 5: 10, 7: 2, 8: 2, 10: 1, 3: 28, 1: 21, 4: 9, 6: 2, 2: 24}",-0.7042621390296911
448,barabasi_albert,100,150,5,10,4.2082,3.0,1.6852299546352716,"{6: 4, 5: 8, 7: 2, 8: 2, 4: 19, 3: 25, 1: 25, 2: 15}",-0.7042621390296911
449,barabasi_albert,100,150,5,10,4.1218,3.0,1.865475810617763,"{8: 3, 7: 3, 5: 7, 6: 6, 4: 16, 3: 16, 2: 23, 1: 26}",-0.7042621390296911
450,barabasi_albert,100,150,5,10,4.2174,3.0,1.7146428199482247,"{7: 2, 4: 13, 6: 4, 5: 8, 9: 1, 3: 26, 2: 28, 1: 17, 10: 1}",-0.7042621390296911
451,barabasi_albert,100,150,5,10,4.0676,3.0,1.8439088914585775,"{6: 6, 9: 1, 5: 8, 8: 1, 4: 13, 2: 23, 1: 23, 10: 1, 3: 23, 7: 1}",-0.7042621390296911
452,barabasi_albert,100,150,5,10,4.135,3.0,1.9748417658131499,"{6: 3, 7: 4, 9: 1, 8: 3, 3: 18, 4: 16, 10: 1, 5: 2, 1: 21, 2: 31}",-0.7042621390296911
453,barabasi_albert,100,150,5,10,4.0774,3.0,1.8920887928424501,"{8: 3, 5: 9, 6: 2, 12: 1, 4: 14, 7: 2, 2: 38, 3: 15, 1: 16}",-0.7042621390296911
454,barabasi_albert,100,150,5,10,4.3142,3.0,1.6911534525287764,"{7: 3, 8: 3, 4: 15, 5: 8, 6: 2, 3: 22, 2: 30, 1: 17}",-0.7042621390296911
455,barabasi_albert,100,150,5,10,4.222,3.0,1.8601075237738274,"{8: 4, 7: 3, 6: 6, 3: 21, 5: 6, 2: 31, 1: 20, 4: 9}",-0.7042621390296911
456,barabasi_albert,100,150,5,10,4.0004,3.0,1.9078784028338913,"{6: 1, 7: 3, 5: 6, 8: 2, 11: 1, 4: 18, 9: 1, 2: 23, 3: 22, 1: 23}",-0.7042621390296911
457,barabasi_albert,100,150,5,10,4.2898,3.0,1.7204650534085253,"{6: 5, 7: 1, 5: 10, 8: 3, 4: 14, 1: 19, 2: 30, 3: 18}",-0.7042621390296911
458,barabasi_albert,100,150,5,10,4.1632,3.0,1.8,"{6: 6, 5: 6, 8: 3, 9: 1, 4: 13, 3: 21, 2: 30, 1: 19, 7: 1}",-0.7042621390296911
459,barabasi_albert,100,150,5,10,4.0942,3.0,1.772004514666935,"{4: 13, 8: 1, 6: 3, 10: 1, 7: 3, 5: 6, 2: 36, 3: 22, 9: 1, 1: 14}",-0.7042621390296911
460,barabasi_albert,100,150,5,10,4.458,3.0,1.5427248620541512,"{5: 8, 6: 7, 7: 1, 4: 11, 9: 1, 2: 36, 3: 25, 1: 11}",-0.7042621390296911
461,barabasi_albert,100,150,5,10,4.1584,3.0,2.0,"{7: 4, 5: 10, 6: 6, 8: 2, 1: 28, 10: 1, 2: 23, 4: 8, 3: 18}",-0.7042621390296911
462,barabasi_albert,100,150,5,10,4.3296,3.0,1.8220867158288598,"{7: 3, 10: 1, 5: 9, 9: 1, 6: 2, 3: 20, 1: 19, 8: 1, 2: 30, 4: 14}",-0.7042621390296911
463,barabasi_albert,100,150,5,10,4.033,3.0,2.039607805437114,"{6: 5, 4: 12, 10: 1, 3: 21, 8: 2, 7: 1, 5: 7, 13: 1, 2: 28, 1: 22}",-0.7042621390296911
464,barabasi_albert,100,150,5,10,4.1978,3.0,1.7320508075688772,"{7: 4, 5: 7, 8: 2, 4: 16, 3: 20, 6: 1, 2: 33, 9: 1, 1: 16}",-0.7042621390296911
465,barabasi_albert,100,150,5,10,4.2998,3.0,1.6911534525287764,"{7: 6, 5: 7, 6: 6, 3: 24, 4: 9, 2: 31, 1: 17}",-0.7042621390296911
466,barabasi_albert,100,150,5,10,4.198,3.0,1.7378147196982767,"{6: 9, 5: 8, 7: 2, 2: 28, 8: 1, 4: 16, 1: 22, 3: 14}",-0.7042621390296911
467,barabasi_albert,100,150,5,10,4.1302,3.0,1.876166303929372,"{8: 1, 7: 7, 4: 15, 9: 1, 2: 30, 3: 15, 5: 7, 6: 2, 1: 22}",-0.7042621390296911
468,barabasi_albert,100,150,5,10,3.8614,3.0,2.1587033144922905,"{4: 17, 6: 4, 9: 2, 2: 23, 12: 1, 10: 1, 11: 1, 3: 23, 1: 25, 5: 2, 7: 1}",-0.7042621390296911
469,barabasi_albert,100,150,5,10,4.2024,3.0,1.794435844492636,"{6: 3, 5: 9, 8: 2, 4: 12, 7: 3, 3: 26, 9: 1, 1: 23, 2: 21}",-0.7042621390296911
470,barabasi_albert,100,150,5,10,4.0536,3.0,1.8708286933869707,"{8: 4, 7: 4, 5: 8, 4: 11, 2: 31, 1: 19, 3: 22, 9: 1}",-0.7042621390296911
471,barabasi_albert,100,150,5,10,4.406,3.0,1.7262676501632068,"{7: 4, 6: 8, 5: 7, 4: 17, 3: 16, 2: 25, 1: 23}",-0.7042621390296911
472,barabasi_albert,100,150,5,10,4.2054,3.0,1.9235384061671346,"{11: 1, 5: 8, 10: 1, 6: 6, 4: 16, 7: 2, 1: 25, 2: 23, 3: 18}",-0.7042621390296911
473,barabasi_albert,100,150,5,10,4.1216,3.0,1.876166303929372,"{5: 10, 8: 2, 9: 2, 6: 1, 7: 3, 3: 27, 2: 17, 1: 26, 4: 12}",-0.7042621390296911
474,barabasi_albert,100,150,5,10,4.1952,3.0,1.849324200890693,"{5: 10, 7: 2, 9: 3, 6: 2, 1: 19, 3: 20, 2: 31, 4: 12, 8: 1}",-0.7042621390296911
475,barabasi_albert,100,150,5,10,4.219,3.0,1.8275666882497066,"{8: 2, 7: 3, 6: 3, 5: 8, 4: 17, 10: 1, 2: 31, 3: 15, 1: 20}",-0.7042621390296911
476,barabasi_albert,100,150,5,10,4.1144,3.0,1.9183326093250879,"{11: 1, 6: 4, 8: 1, 5: 10, 9: 1, 1: 23, 4: 15, 3: 15, 7: 2, 2: 28}",-0.7042621390296911
477,barabasi_albert,100,150,5,10,3.983,3.0,2.0,"{7: 2, 5: 7, 13: 1, 4: 14, 2: 29, 3: 20, 8: 2, 6: 3, 9: 1, 1: 21}",-0.7042621390296911
478,barabasi_albert,100,150,5,10,4.229,3.0,1.783255450012701,"{4: 15, 8: 3, 10: 1, 5: 8, 6: 3, 2: 28, 7: 1, 1: 19, 3: 22}",-0.7042621390296911
479,barabasi_albert,100,150,5,10,4.246,3.0,1.7088007490635062,"{7: 4, 5: 4, 6: 5, 8: 2, 4: 16, 2: 29, 3: 22, 1: 18}",-0.7042621390296911
480,barabasi_albert,100,150,5,10,4.0676,3.0,1.8601075237738274,"{6: 8, 4: 10, 7: 3, 5: 6, 8: 3, 3: 19, 2: 29, 1: 22}",-0.7042621390296911
481,barabasi_albert,100,150,5,10,4.0808,3.0,2.0542638584174138,"{16: 1, 4: 14, 6: 4, 7: 4, 5: 7, 3: 22, 1: 21, 2: 27}",-0.7042621390296911
482,barabasi_albert,100,150,5,10,4.3774,3.0,1.6613247725836149,"{5: 6, 7: 3, 11: 1, 4: 20, 2: 34, 8: 1, 3: 21, 6: 1, 1: 13}",-0.7042621390296911
483,barabasi_albert,100,150,5,10,4.2558,3.0,1.772004514666935,"{5: 6, 7: 4, 11: 1, 6: 4, 4: 16, 3: 28, 2: 18, 1: 23}",-0.7042621390296911
484,barabasi_albert,100,150,5,10,4.0028,3.0,1.9026297590440449,"{7: 2, 9: 1, 12: 1, 6: 6, 5: 8, 4: 12, 3: 24, 2: 23, 1: 23}",-0.7042621390296911
485,barabasi_albert,100,150,5,10,4.1808,3.0,1.9748417658131499,"{6: 4, 7: 2, 12: 1, 5: 12, 10: 1, 3: 20, 4: 14, 1: 28, 2: 18}",-0.7042621390296911
486,barabasi_albert,100,150,5,10,4.3708,3.0,1.624807680927192,"{7: 2, 8: 2, 5: 10, 6: 4, 3: 27, 4: 11, 1: 17, 2: 27}",-0.7042621390296911
487,barabasi_albert,100,150,5,10,4.2078,3.0,1.9131126469708992,"{5: 10, 12: 1, 6: 3, 4: 13, 3: 18, 2: 36, 11: 1, 1: 16, 8: 1, 7: 1}",-0.7042621390296911
488,barabasi_albert,100,150,5,10,4.0612,3.0,1.816590212458495,"{8: 2, 6: 5, 7: 1, 4: 16, 9: 2, 5: 5, 3: 24, 1: 22, 2: 23}",-0.7042621390296911
489,barabasi_albert,100,150,5,10,4.1152,3.0,1.9849433241279208,"{11: 1, 8: 1, 6: 4, 9: 2, 4: 10, 2: 27, 5: 6, 3: 24, 1: 22, 7: 3}",-0.7042621390296911
490,barabasi_albert,100,150,5,10,4.2598,3.0,1.6552945357246849,"{7: 2, 5: 8, 8: 3, 3: 27, 4: 13, 6: 3, 2: 27, 1: 17}",-0.7042621390296911
491,barabasi_albert,100,150,5,10,4.1976,3.0,1.7492855684535902,"{4: 15, 6: 4, 8: 2, 5: 12, 10: 1, 2: 28, 3: 18, 1: 20}",-0.7042621390296911
492,barabasi_albert,100,150,5,10,4.1,3.0,1.8055470085267789,"{10: 2, 6: 6, 5: 3, 4: 16, 2: 32, 8: 2, 1: 16, 3: 23}",-0.7042621390296911
493,barabasi_albert,100,150,5,10,4.3122,3.0,1.783255450012701,"{6: 6, 7: 2, 8: 1, 4: 16, 3: 20, 2: 31, 5: 4, 9: 2, 1: 18}",-0.7042621390296911
494,barabasi_albert,100,150,5,10,4.269,3.0,1.849324200890693,"{8: 2, 5: 12, 7: 4, 2: 22, 9: 1, 3: 25, 1: 24, 6: 2, 4: 8}",-0.7042621390296911
495,barabasi_albert,100,150,5,10,4.1494,3.0,2.0,"{5: 10, 11: 2, 8: 2, 4: 15, 1: 25, 6: 3, 7: 1, 3: 18, 2: 24}",-0.7042621390296911
496,barabasi_albert,100,150,5,10,4.1748,3.0,1.876166303929372,"{7: 4, 8: 2, 9: 2, 6: 3, 3: 22, 4: 14, 2: 29, 5: 4, 1: 20}",-0.7042621390296911
497,barabasi_albert,100,150,5,10,4.0852,3.0,1.9078784028338913,"{8: 2, 5: 7, 10: 1, 6: 5, 3: 19, 4: 11, 2: 29, 1: 22, 7: 4}",-0.7042621390296911
498,barabasi_albert,100,150,5,10,4.1348,3.0,1.8547236990991407,"{6: 3, 7: 5, 10: 1, 4: 9, 2: 26, 8: 1, 5: 10, 3: 23, 1: 22}",-0.7042621390296911
499,barabasi_albert,100,150,5,10,4.1182,3.0,2.0,"{11: 2, 7: 4, 5: 7, 6: 3, 3: 27, 2: 22, 8: 1, 4: 10, 1: 24}",-0.7042621390296911
500,barabasi_albert,100,150,5,10,4.2714,3.0,1.865475810617763,"{7: 1, 8: 1, 6: 5, 9: 1, 4: 19, 5: 5, 3: 18, 12: 1, 1: 19, 2: 30}",-0.7042621390296911
501,barabasi_albert,100,150,5,10,4.1864,3.0,1.7663521732655694,"{6: 6, 5: 8, 9: 1, 10: 1, 1: 19, 4: 13, 2: 27, 8: 1, 3: 24}",-0.7042621390296911
502,barabasi_albert,100,150,5,10,4.1874,3.0,1.8973665961010275,"{6: 2, 9: 1, 7: 2, 5: 8, 10: 1, 11: 1, 4: 17, 3: 22, 2: 24, 1: 22}",-0.7042621390296911
503,barabasi_albert,100,150,5,10,4.041,3.0,2.009975124224178,"{7: 2, 6: 2, 9: 2, 5: 8, 4: 16, 3: 13, 1: 22, 2: 32, 8: 2, 11: 1}",-0.7042621390296911
504,barabasi_albert,100,150,5,10,4.2042,3.0,1.7888543819998317,"{11: 1, 6: 5, 5: 8, 8: 1, 7: 2, 4: 15, 3: 21, 2: 27, 1: 20}",-0.7042621390296911
505,barabasi_albert,100,150,5,10,4.1992,3.0,1.9493588689617927,"{8: 3, 5: 7, 10: 2, 6: 3, 7: 2, 3: 23, 2: 30, 1: 20, 4: 10}",-0.7042621390296911
506,barabasi_albert,100,150,5,10,4.123,3.0,1.9026297590440449,"{9: 2, 6: 6, 5: 5, 2: 31, 4: 12, 7: 4, 1: 21, 3: 18, 8: 1}",-0.7042621390296911
507,barabasi_albert,100,150,5,10,4.132,3.0,1.9544820285692064,"{7: 2, 9: 2, 8: 4, 6: 5, 4: 5, 2: 32, 5: 5, 3: 26, 1: 19}",-0.7042621390296911
508,barabasi_albert,100,150,5,10,4.2096,3.0,1.70293863659264,"{9: 2, 7: 3, 5: 9, 4: 14, 6: 2, 3: 28, 2: 22, 1: 20}",-0.7042621390296911
509,barabasi_albert,100,150,5,10,4.259,3.0,1.783255450012701,"{5: 11, 6: 6, 8: 2, 7: 1, 9: 1, 3: 18, 4: 10, 2: 32, 1: 19}",-0.7042621390296911
510,barabasi_albert,100,150,5,10,4.2622,3.0,1.7776388834631178,"{7: 3, 5: 5, 10: 2, 4: 11, 3: 28, 6: 5, 2: 30, 1: 16}",-0.7042621390296911
511,barabasi_albert,100,150,5,10,4.1926,3.0,1.7320508075688772,"{4: 11, 7: 3, 9: 1, 6: 6, 5: 10, 3: 24, 2: 23, 1: 22}",-0.7042621390296911
512,barabasi_albert,100,150,5,10,4.0438,3.0,1.9544820285692064,"{8: 3, 6: 5, 11: 1, 5: 6, 4: 12, 2: 34, 9: 1, 7: 1, 3: 18, 1: 19}",-0.7042621390296911
513,barabasi_albert,100,150,5,10,4.0822,3.0,1.876166303929372,"{10: 2, 7: 4, 6: 4, 4: 12, 3: 26, 2: 22, 1: 23, 5: 7}",-0.7042621390296911
514,barabasi_albert,100,150,5,10,4.0694,3.0,1.9287301521985911,"{7: 2, 5: 12, 9: 1, 8: 1, 11: 1, 4: 13, 3: 21, 6: 3, 2: 19, 1: 27}",-0.7042621390296911
515,barabasi_albert,100,150,5,10,4.1958,3.0,1.876166303929372,"{5: 7, 7: 3, 4: 8, 12: 1, 6: 3, 3: 31, 8: 1, 9: 1, 2: 27, 1: 18}",-0.7042621390296911
516,barabasi_albert,100,150,5,10,4.2982,3.0,1.876166303929372,"{6: 5, 5: 8, 10: 1, 7: 2, 9: 2, 3: 23, 4: 11, 1: 21, 2: 27}",-0.7042621390296911
517,barabasi_albert,100,150,5,10,4.064,3.0,2.078460969082653,"{8: 5, 6: 2, 4: 10, 12: 1, 5: 7, 7: 3, 3: 19, 2: 30, 1: 23}",-0.7042621390296911
518,barabasi_albert,100,150,5,10,4.2518,3.0,1.6613247725836149,"{4: 12, 6: 2, 5: 7, 7: 4, 8: 1, 2: 25, 3: 31, 1: 17, 9: 1}",-0.7042621390296911
519,barabasi_albert,100,150,5,10,4.1838,3.0,1.9849433241279208,"{8: 1, 5: 13, 6: 2, 12: 1, 3: 16, 4: 12, 1: 22, 9: 2, 2: 30, 7: 1}",-0.7042621390296911
520,barabasi_albert,100,150,5,10,4.1302,3.0,2.0149441679609885,"{7: 3, 4: 12, 8: 3, 6: 1, 11: 1, 9: 1, 3: 22, 1: 26, 5: 9, 2: 22}",-0.7042621390296911
521,barabasi_albert,100,150,5,10,4.2186,3.0,1.7204650534085253,"{5: 9, 4: 15, 6: 6, 10: 1, 8: 1, 3: 17, 2: 33, 1: 17, 7: 1}",-0.7042621390296911
522,barabasi_albert,100,150,5,10,4.0562,3.0,1.9949937343260002,"{8: 3, 9: 1, 5: 7, 6: 6, 1: 27, 2: 21, 7: 1, 4: 11, 10: 1, 3: 22}",-0.7042621390296911
523,barabasi_albert,100,150,5,10,4.1156,3.0,1.944222209522358,"{9: 1, 6: 3, 8: 2, 4: 12, 13: 1, 2: 29, 3: 24, 5: 8, 7: 1, 1: 19}",-0.7042621390296911
524,barabasi_albert,100,150,5,10,4.003,3.0,1.8601075237738274,"{5: 6, 7: 4, 4: 13, 9: 1, 6: 3, 10: 1, 8: 1, 3: 23, 2: 28, 1: 20}",-0.7042621390296911
525,barabasi_albert,100,150,5,10,4.3468,3.0,1.606237840420901,"{8: 1, 7: 3, 6: 5, 3: 20, 5: 10, 2: 37, 4: 11, 1: 13}",-0.7042621390296911
526,barabasi_albert,100,150,5,10,4.2456,3.0,1.7320508075688772,"{6: 4, 8: 1, 10: 1, 5: 7, 7: 4, 4: 9, 3: 24, 2: 37, 1: 13}",-0.7042621390296911
527,barabasi_albert,100,150,5,10,4.2478,3.0,1.9078784028338913,"{7: 5, 6: 4, 9: 2, 3: 21, 4: 13, 8: 1, 5: 5, 2: 26, 1: 23}",-0.7042621390296911
528,barabasi_albert,100,150,5,10,4.0186,3.0,1.8439088914585775,"{6: 6, 12: 1, 7: 3, 3: 23, 4: 14, 5: 4, 2: 30, 1: 18, 8: 1}",-0.7042621390296911
529,barabasi_albert,100,150,5,10,4.3252,3.0,1.8814887722226779,"{5: 8, 4: 11, 6: 4, 7: 4, 8: 2, 2: 32, 10: 1, 3: 18, 1: 20}",-0.7042621390296911
530,barabasi_albert,100,150,5,10,4.0446,3.0,1.969771560359221,"{8: 2, 7: 5, 5: 6, 4: 13, 10: 2, 3: 20, 1: 21, 2: 30, 6: 1}",-0.7042621390296911
531,barabasi_albert,100,150,5,10,4.1098,3.0,1.876166303929372,"{4: 15, 8: 2, 5: 7, 11: 1, 6: 5, 3: 22, 7: 2, 1: 24, 2: 22}",-0.7042621390296911
532,barabasi_albert,100,150,5,10,4.198,3.0,1.816590212458495,"{7: 3, 6: 5, 5: 8, 8: 1, 9: 1, 2: 15, 4: 17, 3: 22, 1: 28}",-0.7042621390296911
533,barabasi_albert,100,150,5,10,4.077,3.0,1.8867962264113207,"{4: 13, 6: 2, 5: 9, 11: 1, 10: 1, 9: 1, 7: 2, 3: 26, 2: 24, 1: 21}",-0.7042621390296911
534,barabasi_albert,100,150,5,10,4.2948,3.0,1.7146428199482247,"{8: 2, 6: 4, 7: 4, 5: 8, 2: 29, 4: 11, 3: 24, 1: 18}",-0.7042621390296911
535,barabasi_albert,100,150,5,10,4.0568,3.0,1.8275666882497066,"{6: 5, 4: 17, 8: 1, 7: 2, 12: 1, 2: 30, 5: 7, 3: 18, 1: 19}",-0.7042621390296911
536,barabasi_albert,100,150,5,10,4.3046,3.0,1.7146428199482247,"{7: 2, 5: 8, 8: 2, 6: 3, 4: 14, 9: 1, 3: 27, 1: 20, 2: 23}",-0.7042621390296911
537,barabasi_albert,100,150,5,10,4.162,3.0,1.7663521732655694,"{5: 9, 8: 2, 6: 6, 4: 13, 7: 3, 2: 31, 3: 16, 1: 20}",-0.7042621390296911
538,barabasi_albert,100,150,5,10,4.2858,3.0,1.8275666882497066,"{9: 1, 7: 5, 8: 1, 6: 5, 5: 7, 3: 18, 4: 11, 2: 33, 1: 19}",-0.7042621390296911
539,barabasi_albert,100,150,5,10,4.0464,3.0,1.8814887722226779,"{6: 4, 8: 1, 5: 6, 7: 4, 3: 26, 10: 1, 2: 26, 9: 1, 4: 10, 1: 21}",-0.7042621390296911
540,barabasi_albert,100,150,5,10,4.1616,3.0,1.9287301521985911,"{6: 5, 9: 2, 8: 3, 7: 2, 4: 9, 3: 18, 5: 7, 2: 35, 1: 19}",-0.7042621390296911
541,barabasi_albert,100,150,5,10,4.063,3.0,1.8708286933869707,"{10: 1, 5: 3, 7: 3, 8: 2, 6: 3, 9: 1, 3: 28, 4: 16, 2: 20, 1: 23}",-0.7042621390296911
542,barabasi_albert,100,150,5,10,4.0134,3.0,1.944222209522358,"{5: 7, 6: 5, 7: 4, 9: 2, 4: 15, 8: 1, 2: 25, 3: 15, 1: 26}",-0.7042621390296911
543,barabasi_albert,100,150,5,10,4.1218,3.0,2.0346989949375804,"{6: 8, 11: 1, 7: 2, 8: 3, 5: 6, 3: 14, 4: 13, 1: 27, 2: 26}",-0.7042621390296911
544,barabasi_albert,100,150,5,10,4.0356,3.0,1.8920887928424501,"{5: 7, 9: 1, 8: 2, 4: 13, 7: 2, 3: 22, 6: 4, 2: 26, 10: 1, 1: 22}",-0.7042621390296911
545,barabasi_albert,100,150,5,10,4.1908,3.0,1.7378147196982767,"{6: 9, 7: 2, 8: 2, 4: 10, 2: 29, 3: 23, 5: 6, 1: 19}",-0.7042621390296911
546,barabasi_albert,100,150,5,10,4.001,3.0,1.865475810617763,"{4: 12, 5: 7, 6: 6, 10: 1, 12: 1, 3: 24, 8: 1, 2: 31, 1: 17}",-0.7042621390296911
547,barabasi_albert,100,150,5,10,4.0084,3.0,1.9235384061671346,"{9: 1, 6: 5, 7: 1, 5: 7, 8: 2, 1: 22, 11: 1, 3: 18, 2: 28, 4: 15}",-0.7042621390296911
548,barabasi_albert,100,150,5,10,4.2616,3.0,1.7776388834631178,"{8: 4, 7: 3, 4: 16, 3: 23, 6: 4, 5: 3, 2: 28, 1: 19}",-0.7042621390296911
549,barabasi_albert,100,150,5,10,4.146,3.0,1.8973665961010275,"{7: 3, 8: 2, 4: 12, 9: 2, 10: 1, 5: 5, 3: 25, 2: 32, 1: 17, 6: 1}",-0.7042621390296911
550,barabasi_albert,100,150,5,10,4.1492,3.0,2.0248456731316584,"{8: 4, 10: 2, 9: 1, 5: 6, 4: 14, 2: 33, 3: 18, 1: 20, 7: 1, 6: 1}",-0.7042621390296911
551,barabasi_albert,100,150,5,10,4.1392,3.0,1.9949937343260002,"{5: 7, 6: 8, 9: 1, 3: 19, 1: 21, 12: 1, 8: 1, 7: 2, 2: 32, 4: 8}",-0.7042621390296911
552,barabasi_albert,100,150,5,10,4.143,3.0,1.794435844492636,"{6: 8, 7: 1, 4: 19, 8: 1, 5: 6, 3: 16, 10: 1, 1: 23, 2: 25}",-0.7042621390296911
553,barabasi_albert,100,150,5,10,4.28,3.0,1.8055470085267789,"{10: 1, 6: 4, 5: 10, 8: 2, 2: 28, 4: 11, 7: 2, 3: 22, 1: 20}",-0.7042621390296911
554,barabasi_albert,100,150,5,10,4.0766,3.0,2.004993765576342,"{6: 4, 8: 2, 7: 2, 12: 1, 3: 23, 10: 1, 1: 23, 4: 13, 2: 25, 5: 6}",-0.7042621390296911
555,barabasi_albert,100,150,5,10,4.1886,3.0,1.9235384061671346,"{5: 8, 7: 3, 6: 5, 9: 1, 10: 1, 4: 12, 8: 1, 3: 21, 2: 23, 1: 25}",-0.7042621390296911
556,barabasi_albert,100,150,5,10,3.986,3.0,1.9390719429665315,"{5: 5, 6: 9, 9: 2, 3: 19, 8: 2, 7: 1, 4: 12, 2: 25, 1: 25}",-0.7042621390296911
557,barabasi_albert,100,150,5,10,4.192,3.0,1.876166303929372,"{9: 1, 5: 5, 6: 3, 13: 1, 3: 29, 4: 14, 10: 1, 2: 30, 7: 1, 1: 15}",-0.7042621390296911
558,barabasi_albert,100,150,5,10,4.2198,3.0,1.6613247725836149,"{4: 16, 5: 8, 7: 2, 6: 5, 8: 2, 3: 20, 1: 18, 2: 29}",-0.7042621390296911
559,barabasi_albert,100,150,5,10,3.9712,3.0,2.04939015319192,"{6: 6, 10: 1, 8: 2, 4: 7, 2: 27, 3: 21, 5: 10, 7: 1, 12: 1, 1: 24}",-0.7042621390296911
560,barabasi_albert,100,150,5,10,4.1254,3.0,1.8867962264113207,"{6: 4, 7: 3, 10: 1, 5: 4, 3: 18, 4: 15, 2: 34, 8: 2, 9: 1, 1: 18}",-0.7042621390296911
561,barabasi_albert,100,150,5,10,4.2632,3.0,1.6186414056238645,"{8: 1, 7: 1, 6: 4, 9: 1, 3: 25, 4: 14, 5: 10, 2: 27, 1: 17}",-0.7042621390296911
562,barabasi_albert,100,150,5,10,4.1356,3.0,1.9798989873223332,"{7: 5, 10: 2, 6: 7, 5: 5, 4: 10, 3: 19, 2: 29, 1: 23}",-0.7042621390296911
563,barabasi_albert,100,150,5,10,4.0784,3.0,1.9183326093250879,"{5: 14, 4: 13, 13: 1, 6: 5, 2: 26, 1: 23, 9: 1, 3: 17}",-0.7042621390296911
564,barabasi_albert,100,150,5,10,4.2582,3.0,1.8384776310850235,"{6: 5, 4: 8, 7: 6, 3: 26, 9: 1, 5: 5, 2: 28, 1: 20, 8: 1}",-0.7042621390296911
565,barabasi_albert,100,150,5,10,4.2208,3.0,1.7888543819998317,"{8: 4, 9: 1, 7: 1, 5: 9, 3: 20, 4: 13, 1: 17, 6: 2, 2: 33}",-0.7042621390296911
566,barabasi_albert,100,150,5,10,4.0752,3.0,1.7888543819998317,"{8: 3, 6: 4, 7: 3, 1: 22, 4: 12, 2: 25, 5: 9, 3: 22}",-0.7042621390296911
567,barabasi_albert,100,150,5,10,4.2288,3.0,1.70293863659264,"{7: 5, 6: 7, 4: 12, 2: 30, 3: 25, 5: 3, 8: 1, 1: 17}",-0.7042621390296911
568,barabasi_albert,100,150,5,10,4.1002,3.0,1.849324200890693,"{13: 1, 8: 1, 5: 8, 6: 8, 1: 18, 4: 11, 3: 23, 2: 30}",-0.7042621390296911
569,barabasi_albert,100,150,5,10,4.086,3.0,1.8,"{5: 4, 6: 2, 8: 3, 7: 5, 3: 17, 4: 21, 2: 26, 1: 22}",-0.7042621390296911
570,barabasi_albert,100,150,5,10,4.1144,3.0,1.8384776310850235,"{10: 1, 8: 3, 7: 1, 5: 9, 3: 20, 4: 17, 6: 3, 2: 22, 1: 24}",-0.7042621390296911
571,barabasi_albert,100,150,5,10,4.234,3.0,1.7320508075688772,"{7: 3, 6: 6, 5: 5, 8: 2, 2: 23, 3: 22, 4: 17, 1: 22}",-0.7042621390296911
572,barabasi_albert,100,150,5,10,4.321,3.0,1.6,"{6: 4, 5: 9, 7: 3, 4: 15, 8: 1, 2: 28, 3: 23, 1: 17}",-0.7042621390296911
573,barabasi_albert,100,150,5,10,3.9494,3.0,2.16794833886788,"{7: 3, 5: 9, 9: 1, 16: 1, 6: 5, 2: 22, 4: 10, 3: 23, 1: 26}",-0.7042621390296911
574,barabasi_albert,100,150,5,10,4.1834,3.0,1.8973665961010275,"{9: 1, 7: 2, 8: 3, 6: 3, 5: 8, 4: 6, 2: 31, 3: 27, 10: 1, 1: 18}",-0.7042621390296911
575,barabasi_albert,100,150,5,10,4.1638,3.0,1.7435595774162693,"{6: 3, 8: 1, 7: 2, 5: 12, 10: 1, 2: 25, 4: 14, 3: 21, 1: 21}",-0.7042621390296911
576,barabasi_albert,100,150,5,10,4.1258,3.0,1.9183326093250879,"{8: 2, 7: 1, 9: 4, 5: 4, 6: 3, 3: 25, 4: 12, 2: 31, 1: 18}",-0.7042621390296911
577,barabasi_albert,100,150,5,10,4.1832,3.0,1.7492855684535902,"{6: 5, 5: 7, 4: 18, 9: 1, 3: 19, 1: 23, 7: 4, 2: 23}",-0.7042621390296911
578,barabasi_albert,100,150,5,10,4.13,3.0,1.8973665961010275,"{8: 2, 6: 8, 4: 9, 5: 8, 3: 17, 7: 2, 10: 1, 2: 32, 1: 21}",-0.7042621390296911
579,barabasi_albert,100,150,5,10,4.1236,3.0,1.8110770276274832,"{6: 6, 8: 1, 5: 6, 10: 1, 7: 3, 3: 21, 4: 15, 2: 25, 1: 22}",-0.7042621390296911
580,barabasi_albert,100,150,5,10,4.3018,3.0,1.8439088914585775,"{7: 3, 6: 5, 9: 3, 3: 19, 2: 33, 4: 14, 5: 5, 1: 18}",-0.7042621390296911
581,barabasi_albert,100,150,5,10,4.2248,3.0,1.760681686165901,"{6: 5, 5: 11, 9: 1, 8: 1, 7: 3, 2: 32, 3: 21, 4: 8, 1: 18}",-0.7042621390296911
582,barabasi_albert,100,150,5,10,4.042,3.0,1.8920887928424501,"{5: 5, 8: 3, 10: 1, 7: 2, 3: 17, 6: 7, 4: 11, 2: 36, 1: 18}",-0.7042621390296911
583,barabasi_albert,100,150,5,10,4.3694,3.0,1.6492422502470643,"{5: 5, 4: 16, 6: 5, 7: 3, 8: 2, 3: 21, 2: 33, 1: 15}",-0.7042621390296911
584,barabasi_albert,100,150,5,10,4.2622,3.0,1.606237840420901,"{8: 1, 5: 10, 7: 4, 6: 2, 3: 23, 4: 15, 2: 28, 1: 17}",-0.7042621390296911
585,barabasi_albert,100,150,5,10,4.1842,3.0,1.9287301521985911,"{5: 10, 6: 4, 9: 1, 7: 4, 3: 17, 11: 1, 4: 12, 2: 28, 1: 23}",-0.7042621390296911
586,barabasi_albert,100,150,5,10,4.4478,3.0,1.6,"{6: 4, 8: 2, 7: 2, 4: 16, 5: 7, 3: 26, 2: 26, 1: 17}",-0.7042621390296911
587,barabasi_albert,100,150,5,10,4.2444,3.0,1.6492422502470643,"{6: 3, 8: 2, 7: 2, 3: 20, 4: 18, 5: 10, 2: 25, 1: 20}",-0.7042621390296911
588,barabasi_albert,100,150,5,10,4.2238,3.0,1.7204650534085253,"{9: 1, 7: 1, 6: 6, 5: 6, 8: 2, 4: 14, 3: 25, 2: 26, 1: 19}",-0.7042621390296911
589,barabasi_albert,100,150,5,10,4.3054,3.0,1.7320508075688772,"{6: 8, 5: 6, 9: 1, 4: 14, 2: 21, 3: 28, 10: 1, 1: 21}",-0.7042621390296911
590,barabasi_albert,100,150,5,10,4.0384,3.0,1.9493588689617927,"{9: 1, 7: 6, 6: 4, 10: 1, 5: 9, 2: 34, 3: 15, 1: 21, 4: 9}",-0.7042621390296911
591,barabasi_albert,100,150,5,10,4.335,3.0,1.783255450012701,"{8: 2, 6: 1, 5: 8, 7: 5, 9: 1, 3: 29, 4: 9, 2: 26, 1: 19}",-0.7042621390296911
592,barabasi_albert,100,150,5,10,4.2242,3.0,1.772004514666935,"{5: 8, 6: 4, 7: 3, 10: 1, 3: 16, 4: 17, 2: 31, 8: 1, 1: 19}",-0.7042621390296911
593,barabasi_albert,100,150,5,10,4.146,3.0,1.8,"{9: 1, 6: 5, 7: 5, 5: 9, 4: 12, 1: 22, 3: 19, 2: 27}",-0.7042621390296911
594,barabasi_albert,100,150,5,10,4.2296,3.0,1.7492855684535902,"{11: 1, 6: 2, 5: 9, 4: 15, 7: 3, 8: 1, 3: 23, 1: 18, 2: 28}",-0.7042621390296911
595,barabasi_albert,100,150,5,10,4.3112,3.0,1.7146428199482247,"{8: 1, 9: 1, 6: 4, 7: 4, 3: 23, 5: 6, 4: 13, 2: 32, 1: 16}",-0.7042621390296911
596,barabasi_albert,100,150,5,10,4.3536,3.0,1.6673332000533065,"{5: 6, 6: 5, 4: 16, 7: 4, 3: 24, 8: 1, 2: 24, 1: 20}",-0.7042621390296911
597,barabasi_albert,100,150,5,10,4.0592,3.0,1.9339079605813716,"{6: 5, 7: 5, 5: 7, 4: 7, 2: 32, 12: 1, 3: 23, 8: 1, 1: 19}",-0.7042621390296911
598,barabasi_albert,100,150,5,10,4.1542,3.0,1.8,"{6: 7, 7: 4, 5: 11, 1: 23, 3: 18, 4: 9, 8: 1, 2: 27}",-0.7042621390296911
599,barabasi_albert,100,150,5,10,4.2724,3.0,1.7262676501632068,"{6: 6, 5: 10, 9: 2, 4: 13, 2: 31, 3: 19, 1: 18, 7: 1}",-0.7042621390296911
600,barabasi_albert,100,150,5,10,4.365,3.0,1.624807680927192,"{6: 6, 5: 8, 7: 3, 4: 20, 3: 19, 2: 22, 1: 22}",-0.7042621390296911
601,barabasi_albert,100,150,5,10,4.1614,3.0,1.9595917942265424,"{5: 7, 7: 5, 6: 9, 4: 5, 3: 21, 9: 1, 1: 26, 8: 1, 2: 25}",-0.7042621390296911
602,barabasi_albert,100,150,5,10,3.934,3.0,1.9849433241279208,"{6: 5, 8: 1, 5: 12, 12: 1, 10: 1, 7: 1, 2: 25, 3: 21, 4: 9, 1: 24}",-0.7042621390296911
603,barabasi_albert,100,150,5,10,4.2452,3.0,1.876166303929372,"{9: 1, 6: 5, 7: 3, 10: 1, 5: 7, 4: 12, 2: 33, 3: 18, 1: 19, 8: 1}",-0.7042621390296911
604,barabasi_albert,100,150,5,10,4.2274,3.0,1.6186414056238645,"{7: 1, 5: 10, 6: 4, 3: 26, 2: 33, 10: 1, 4: 11, 8: 1, 1: 13}",-0.7042621390296911
605,barabasi_albert,100,150,5,10,4.0468,3.0,1.9026297590440449,"{9: 1, 4: 10, 11: 1, 7: 3, 5: 10, 6: 5, 3: 23, 1: 24, 2: 23}",-0.7042621390296911
606,barabasi_albert,100,150,5,10,4.1206,3.0,1.9235384061671346,"{8: 1, 12: 1, 6: 6, 4: 14, 9: 1, 2: 32, 3: 16, 7: 1, 5: 8, 1: 20}",-0.7042621390296911
607,barabasi_albert,100,150,5,10,4.2564,3.0,1.794435844492636,"{5: 9, 6: 8, 7: 3, 2: 26, 10: 1, 1: 21, 3: 25, 4: 7}",-0.7042621390296911
608,barabasi_albert,100,150,5,10,4.0074,3.0,1.9026297590440449,"{10: 2, 6: 1, 8: 2, 5: 8, 9: 1, 2: 30, 4: 15, 3: 21, 1: 19, 7: 1}",-0.7042621390296911
609,barabasi_albert,100,150,5,10,4.2686,3.0,1.5748015748023623,"{6: 6, 7: 3, 5: 9, 4: 13, 3: 26, 2: 25, 1: 18}",-0.7042621390296911
610,barabasi_albert,100,150,5,10,4.3154,3.0,1.6,"{6: 8, 5: 8, 8: 1, 4: 15, 2: 32, 3: 19, 7: 1, 1: 16}",-0.7042621390296911
611,barabasi_albert,100,150,5,10,4.2192,3.0,1.865475810617763,"{8: 2, 9: 2, 6: 4, 2: 28, 4: 10, 3: 22, 5: 9, 7: 2, 1: 21}",-0.7042621390296911
612,barabasi_albert,100,150,5,10,4.1588,3.0,1.816590212458495,"{5: 12, 6: 7, 10: 1, 8: 1, 2: 26, 3: 18, 4: 11, 7: 1, 1: 23}",-0.7042621390296911
613,barabasi_albert,100,150,5,10,4.2084,3.0,1.9183326093250879,"{8: 1, 9: 1, 6: 6, 4: 10, 5: 4, 7: 4, 10: 1, 3: 25, 2: 26, 1: 22}",-0.7042621390296911
614,barabasi_albert,100,150,5,10,4.3594,3.0,1.70293863659264,"{8: 3, 5: 6, 6: 6, 4: 16, 2: 25, 7: 1, 3: 23, 1: 20}",-0.7042621390296911
615,barabasi_albert,100,150,5,10,4.1216,3.0,1.9131126469708992,"{5: 10, 9: 2, 8: 4, 7: 1, 6: 1, 3: 16, 4: 14, 2: 31, 1: 21}",-0.7042621390296911
616,barabasi_albert,100,150,5,10,4.1928,3.0,1.6911534525287764,"{6: 8, 7: 1, 4: 13, 8: 2, 3: 19, 5: 8, 2: 31, 1: 18}",-0.7042621390296911
617,barabasi_albert,100,150,5,10,3.9756,3.0,2.0199009876724157,"{7: 5, 6: 3, 10: 1, 3: 21, 1: 26, 8: 2, 9: 1, 5: 7, 4: 10, 2: 24}",-0.7042621390296911
618,barabasi_albert,100,150,5,10,4.2698,3.0,1.6613247725836149,"{4: 13, 5: 9, 7: 2, 8: 2, 6: 5, 3: 23, 2: 28, 1: 18}",-0.7042621390296911
619,barabasi_albert,100,150,5,10,4.1266,3.0,1.8547236990991407,"{8: 2, 5: 6, 7: 3, 10: 2, 3: 27, 4: 10, 6: 2, 2: 32, 1: 16}",-0.7042621390296911
620,barabasi_albert,100,150,5,10,4.3052,3.0,1.7435595774162693,"{11: 1, 8: 1, 7: 3, 5: 8, 6: 3, 2: 34, 4: 14, 3: 21, 1: 15}",-0.7042621390296911
621,barabasi_albert,100,150,5,10,4.1434,3.0,1.7888543819998317,"{6: 4, 10: 2, 5: 12, 3: 16, 2: 31, 4: 15, 7: 1, 1: 19}",-0.7042621390296911
622,barabasi_albert,100,150,5,10,3.9946,3.0,1.9798989873223332,"{6: 3, 10: 2, 5: 8, 7: 1, 4: 11, 3: 22, 12: 1, 8: 1, 2: 34, 1: 17}",-0.7042621390296911
623,barabasi_albert,100,150,5,10,4.1578,3.0,1.816590212458495,"{6: 4, 9: 1, 7: 4, 4: 12, 8: 2, 2: 28, 5: 6, 3: 23, 1: 20}",-0.7042621390296911
624,barabasi_albert,100,150,5,10,4.0908,3.0,1.8547236990991407,"{7: 2, 6: 5, 9: 1, 5: 7, 4: 12, 11: 1, 2: 34, 3: 20, 8: 1, 1: 17}",-0.7042621390296911
625,barabasi_albert,100,150,5,10,4.0324,3.0,1.8384776310850235,"{7: 3, 5: 11, 6: 5, 8: 1, 3: 18, 10: 1, 4: 11, 2: 28, 1: 22}",-0.7042621390296911
626,barabasi_albert,100,150,5,10,4.0434,3.0,1.9183326093250879,"{7: 4, 5: 11, 6: 5, 4: 9, 3: 17, 10: 1, 1: 23, 9: 1, 2: 29}",-0.7042621390296911
627,barabasi_albert,100,150,5,10,4.055,3.0,2.0639767440550294,"{6: 4, 7: 5, 11: 1, 5: 6, 2: 29, 8: 3, 3: 12, 1: 26, 4: 14}",-0.7042621390296911
628,barabasi_albert,100,150,5,10,4.0938,3.0,2.0976176963403033,"{6: 5, 8: 2, 7: 3, 13: 1, 4: 9, 10: 1, 5: 6, 1: 20, 2: 35, 3: 18}",-0.7042621390296911
629,barabasi_albert,100,150,5,10,4.2872,3.0,1.6792855623746665,"{5: 9, 4: 13, 8: 2, 7: 4, 3: 26, 2: 25, 1: 19, 6: 2}",-0.7042621390296911
630,barabasi_albert,100,150,5,10,4.1206,3.0,1.8814887722226779,"{6: 8, 8: 1, 5: 5, 7: 3, 4: 15, 10: 1, 3: 20, 2: 21, 1: 26}",-0.7042621390296911
631,barabasi_albert,100,150,5,10,4.3044,3.0,1.772004514666935,"{7: 3, 8: 1, 6: 5, 4: 14, 3: 24, 11: 1, 2: 30, 5: 5, 1: 17}",-0.7042621390296911
632,barabasi_albert,100,150,5,10,4.051,3.0,1.9287301521985911,"{4: 12, 8: 2, 7: 4, 5: 5, 11: 1, 3: 25, 6: 2, 9: 1, 1: 20, 2: 28}",-0.7042621390296911
633,barabasi_albert,100,150,5,10,4.2462,3.0,1.7776388834631178,"{8: 1, 9: 2, 5: 4, 6: 8, 4: 19, 3: 20, 2: 24, 1: 22}",-0.7042621390296911
634,barabasi_albert,100,150,5,10,4.157,3.0,1.7888543819998317,"{8: 3, 7: 3, 4: 9, 5: 10, 3: 29, 10: 1, 2: 27, 1: 18}",-0.7042621390296911
635,barabasi_albert,100,150,5,10,4.3088,3.0,1.6673332000533065,"{5: 7, 4: 13, 8: 2, 10: 1, 2: 34, 3: 25, 6: 4, 1: 13, 7: 1}",-0.7042621390296911
636,barabasi_albert,100,150,5,10,4.0606,3.0,1.783255450012701,"{5: 9, 6: 4, 4: 16, 7: 2, 8: 2, 9: 1, 2: 28, 1: 21, 3: 17}",-0.7042621390296911
637,barabasi_albert,100,150,5,10,4.3388,3.0,1.6309506430300091,"{5: 8, 7: 4, 6: 6, 3: 20, 4: 15, 2: 29, 1: 18}",-0.7042621390296911
638,barabasi_albert,100,150,5,10,4.2644,3.0,1.8867962264113207,"{6: 8, 10: 1, 8: 1, 5: 5, 7: 4, 2: 31, 1: 21, 4: 11, 3: 18}",-0.7042621390296911
639,barabasi_albert,100,150,5,10,4.1898,3.0,1.697056274847714,"{7: 2, 6: 9, 9: 1, 4: 14, 5: 6, 3: 18, 2: 33, 1: 17}",-0.7042621390296911
640,barabasi_albert,100,150,5,10,4.1768,3.0,1.7492855684535902,"{4: 13, 8: 3, 7: 3, 5: 6, 2: 33, 6: 5, 3: 20, 1: 17}",-0.7042621390296911
641,barabasi_albert,100,150,5,10,4.1074,3.0,1.865475810617763,"{6: 4, 7: 3, 4: 8, 8: 4, 3: 23, 2: 36, 5: 5, 9: 1, 1: 16}",-0.7042621390296911
642,barabasi_albert,100,150,5,10,4.2558,3.0,1.7549928774784245,"{8: 2, 6: 7, 9: 1, 4: 9, 2: 30, 3: 24, 5: 8, 1: 18, 7: 1}",-0.7042621390296911
643,barabasi_albert,100,150,5,10,4.2026,3.0,1.833030277982336,"{5: 8, 10: 2, 8: 1, 9: 1, 7: 1, 4: 17, 3: 23, 2: 27, 1: 19, 6: 1}",-0.7042621390296911
644,barabasi_albert,100,150,5,10,4.0856,3.0,1.772004514666935,"{7: 2, 5: 6, 4: 10, 8: 3, 3: 28, 2: 22, 6: 7, 1: 22}",-0.7042621390296911
645,barabasi_albert,100,150,5,10,4.3024,3.0,1.6852299546352716,"{6: 6, 10: 1, 5: 11, 8: 1, 3: 20, 4: 13, 1: 17, 2: 31}",-0.7042621390296911
646,barabasi_albert,100,150,5,10,4.07,3.0,1.9235384061671346,"{4: 13, 6: 5, 8: 3, 10: 2, 5: 7, 1: 20, 3: 19, 2: 31}",-0.7042621390296911
647,barabasi_albert,100,150,5,10,4.2462,3.0,1.7204650534085253,"{7: 4, 4: 11, 9: 1, 5: 9, 3: 22, 8: 1, 6: 3, 2: 33, 1: 16}",-0.7042621390296911
648,barabasi_albert,100,150,5,10,4.1288,3.0,1.8275666882497066,"{4: 16, 6: 5, 9: 2, 7: 3, 8: 1, 5: 4, 3: 23, 2: 24, 1: 22}",-0.7042621390296911
649,barabasi_albert,100,150,5,10,4.1268,3.0,1.7146428199482247,"{8: 1, 6: 6, 9: 1, 5: 6, 7: 3, 1: 17, 4: 10, 3: 27, 2: 29}",-0.7042621390296911
650,barabasi_albert,100,150,5,10,4.1304,3.0,1.8867962264113207,"{7: 6, 10: 1, 6: 2, 8: 1, 2: 32, 9: 1, 3: 23, 1: 18, 5: 4, 4: 12}",-0.7042621390296911
651,barabasi_albert,100,150,5,10,4.117,3.0,1.8220867158288598,"{4: 15, 5: 6, 8: 2, 7: 2, 9: 1, 11: 1, 3: 30, 6: 1, 2: 22, 1: 20}",-0.7042621390296911
652,barabasi_albert,100,150,5,10,4.132,3.0,1.8275666882497066,"{8: 3, 6: 4, 5: 8, 7: 3, 9: 1, 4: 6, 3: 25, 2: 33, 1: 17}",-0.7042621390296911
653,barabasi_albert,100,150,5,10,4.0556,3.0,1.9339079605813716,"{8: 1, 5: 13, 6: 8, 11: 1, 3: 21, 7: 1, 1: 30, 4: 9, 2: 16}",-0.7042621390296911
654,barabasi_albert,100,150,5,10,4.1188,3.0,1.8439088914585775,"{8: 2, 7: 4, 5: 8, 6: 4, 9: 1, 3: 19, 2: 31, 4: 11, 1: 20}",-0.7042621390296911
655,barabasi_albert,100,150,5,10,4.2354,3.0,1.8920887928424501,"{5: 7, 4: 17, 13: 1, 8: 2, 6: 6, 3: 18, 2: 29, 1: 20}",-0.7042621390296911
656,barabasi_albert,100,150,5,10,4.1974,3.0,1.7492855684535902,"{7: 3, 8: 1, 5: 10, 9: 1, 6: 4, 3: 26, 2: 22, 4: 11, 1: 22}",-0.7042621390296911
657,barabasi_albert,100,150,5,10,4.0464,3.0,2.009975124224178,"{6: 5, 7: 3, 8: 2, 9: 1, 12: 1, 3: 22, 4: 8, 2: 32, 5: 6, 1: 20}",-0.7042621390296911
658,barabasi_albert,100,150,5,10,4.1838,3.0,1.833030277982336,"{5: 7, 9: 3, 4: 10, 6: 5, 2: 28, 8: 1, 3: 26, 1: 19, 7: 1}",-0.7042621390296911
659,barabasi_albert,100,150,5,10,4.1762,3.0,1.8055470085267789,"{8: 5, 6: 6, 5: 6, 4: 16, 3: 14, 2: 35, 1: 18}",-0.7042621390296911
660,barabasi_albert,100,150,5,10,4.3084,3.0,1.6,"{5: 7, 7: 3, 6: 7, 4: 16, 2: 25, 1: 19, 3: 23}",-0.7042621390296911
661,barabasi_albert,100,150,5,10,4.33,3.0,1.772004514666935,"{7: 5, 11: 1, 8: 1, 4: 16, 5: 6, 1: 16, 2: 32, 3: 22, 6: 1}",-0.7042621390296911
662,barabasi_albert,100,150,5,10,4.4044,3.0,1.7146428199482247,"{6: 6, 5: 8, 7: 2, 8: 2, 4: 17, 3: 16, 2: 29, 1: 20}",-0.7042621390296911
663,barabasi_albert,100,150,5,10,4.2354,3.0,1.8601075237738274,"{6: 3, 5: 7, 10: 1, 7: 4, 4: 11, 8: 1, 9: 1, 2: 30, 3: 23, 1: 19}",-0.7042621390296911
664,barabasi_albert,100,150,5,10,4.167,3.0,1.8439088914585775,"{6: 7, 9: 1, 8: 1, 7: 3, 4: 14, 3: 16, 2: 26, 5: 8, 1: 24}",-0.7042621390296911
665,barabasi_albert,100,150,5,10,4.2646,3.0,1.816590212458495,"{9: 2, 8: 2, 5: 11, 2: 23, 4: 17, 3: 20, 7: 2, 1: 23}",-0.7042621390296911
666,barabasi_albert,100,150,5,10,4.2322,3.0,1.7435595774162693,"{6: 3, 5: 11, 8: 2, 10: 1, 4: 7, 7: 2, 3: 27, 1: 16, 2: 31}",-0.7042621390296911
667,barabasi_albert,100,150,5,10,4.1422,3.0,1.9078784028338913,"{6: 5, 5: 5, 4: 18, 12: 1, 7: 1, 10: 1, 2: 26, 8: 1, 3: 21, 1: 21}",-0.7042621390296911
668,barabasi_albert,100,150,5,10,4.2148,3.0,1.816590212458495,"{6: 4, 7: 1, 13: 1, 5: 6, 8: 2, 3: 24, 4: 14, 2: 34, 1: 14}",-0.7042621390296911
669,barabasi_albert,100,150,5,10,4.243,3.0,1.772004514666935,"{9: 1, 8: 2, 5: 9, 3: 25, 7: 1, 6: 6, 2: 23, 4: 11, 1: 22}",-0.7042621390296911
670,barabasi_albert,100,150,5,10,4.1774,3.0,1.7492855684535902,"{6: 5, 9: 1, 10: 1, 5: 6, 3: 31, 4: 9, 7: 3, 2: 27, 1: 17}",-0.7042621390296911
671,barabasi_albert,100,150,5,10,4.2016,3.0,1.876166303929372,"{9: 2, 4: 15, 11: 1, 5: 8, 6: 3, 7: 2, 3: 22, 2: 26, 1: 21}",-0.7042621390296911
672,barabasi_albert,100,150,5,10,4.1194,3.0,1.8973665961010275,"{6: 3, 7: 1, 8: 2, 12: 1, 4: 17, 9: 1, 3: 23, 5: 6, 2: 25, 1: 21}",-0.7042621390296911
673,barabasi_albert,100,150,5,10,4.3028,3.0,1.6552945357246849,"{8: 2, 6: 7, 5: 14, 4: 6, 3: 23, 2: 31, 1: 17}",-0.7042621390296911
674,barabasi_albert,100,150,5,10,4.1396,3.0,1.9287301521985911,"{5: 9, 8: 2, 10: 1, 4: 14, 6: 2, 1: 20, 3: 22, 12: 1, 2: 28, 7: 1}",-0.7042621390296911
675,barabasi_albert,100,150,5,10,4.2588,3.0,1.6552945357246849,"{5: 4, 4: 17, 7: 3, 10: 1, 6: 6, 3: 21, 2: 34, 1: 14}",-0.7042621390296911
676,barabasi_albert,100,150,5,10,4.2724,3.0,1.697056274847714,"{8: 1, 4: 17, 7: 2, 6: 2, 9: 2, 3: 24, 2: 28, 5: 7, 1: 17}",-0.7042621390296911
677,barabasi_albert,100,150,5,10,4.157,3.0,1.8708286933869707,"{5: 7, 11: 1, 6: 4, 7: 2, 2: 29, 4: 13, 1: 19, 3: 23, 9: 2}",-0.7042621390296911
678,barabasi_albert,100,150,5,10,4.116,3.0,1.8275666882497066,"{8: 2, 6: 4, 10: 1, 11: 1, 3: 26, 5: 7, 4: 12, 2: 31, 1: 16}",-0.7042621390296911
679,barabasi_albert,100,150,5,10,4.2128,3.0,1.7492855684535902,"{5: 10, 7: 5, 6: 5, 8: 1, 3: 23, 4: 8, 2: 28, 1: 20}",-0.7042621390296911
680,barabasi_albert,100,150,5,10,4.279,3.0,1.7492855684535902,"{5: 12, 4: 14, 8: 2, 9: 1, 6: 4, 2: 34, 3: 14, 1: 18, 7: 1}",-0.7042621390296911
681,barabasi_albert,100,150,5,10,4.1814,3.0,1.9949937343260002,"{7: 3, 10: 1, 11: 1, 4: 16, 5: 6, 1: 23, 9: 1, 3: 20, 2: 26, 8: 1, 6: 2}",-0.7042621390296911
682,barabasi_albert,100,150,5,10,4.2318,3.0,1.6370705543744901,"{5: 8, 6: 9, 7: 2, 4: 16, 3: 18, 1: 20, 2: 27}",-0.7042621390296911
683,barabasi_albert,100,150,5,10,4.2476,3.0,1.7888543819998317,"{6: 7, 5: 4, 9: 2, 7: 3, 3: 20, 2: 30, 4: 15, 1: 19}",-0.7042621390296911
684,barabasi_albert,100,150,5,10,4.031,3.0,2.2045407685048604,"{6: 1, 8: 3, 4: 15, 3: 16, 11: 1, 9: 1, 5: 6, 2: 26, 12: 1, 7: 3, 1: 27}",-0.7042621390296911
685,barabasi_albert,100,150,5,10,4.0762,3.0,1.9390719429665315,"{5: 6, 6: 6, 8: 1, 9: 1, 7: 4, 4: 9, 3: 20, 2: 31, 10: 1, 1: 21}",-0.7042621390296911
686,barabasi_albert,100,150,5,10,4.261,3.0,1.6852299546352716,"{6: 5, 8: 1, 5: 7, 9: 1, 2: 35, 7: 3, 1: 14, 4: 11, 3: 23}",-0.7042621390296911
687,barabasi_albert,100,150,5,10,4.23,3.0,1.7492855684535902,"{6: 7, 4: 16, 7: 1, 8: 3, 5: 6, 3: 21, 2: 24, 1: 22}",-0.7042621390296911
688,barabasi_albert,100,150,5,10,4.1754,3.0,1.7888543819998317,"{4: 18, 7: 2, 12: 1, 5: 14, 6: 2, 3: 17, 2: 23, 1: 23}",-0.7042621390296911
689,barabasi_albert,100,150,5,10,4.2608,3.0,1.9849433241279208,"{5: 11, 13: 1, 6: 3, 7: 3, 10: 1, 3: 15, 2: 33, 4: 13, 1: 20}",-0.7042621390296911
690,barabasi_albert,100,150,5,10,4.0484,3.0,1.7776388834631178,"{5: 10, 12: 1, 7: 2, 6: 5, 3: 24, 4: 13, 1: 20, 2: 25}",-0.7042621390296911
691,barabasi_albert,100,150,5,10,4.1418,3.0,1.8110770276274832,"{7: 3, 8: 3, 6: 6, 5: 7, 1: 22, 4: 10, 3: 24, 2: 25}",-0.7042621390296911
692,barabasi_albert,100,150,5,10,4.0488,3.0,1.9949937343260002,"{7: 3, 5: 3, 4: 14, 10: 1, 6: 4, 9: 2, 3: 20, 8: 2, 2: 29, 1: 22}",-0.7042621390296911
693,barabasi_albert,100,150,5,10,4.2288,3.0,1.61245154965971,"{5: 8, 6: 6, 8: 1, 4: 19, 7: 2, 1: 16, 2: 34, 3: 14}",-0.7042621390296911
694,barabasi_albert,100,150,5,10,4.25,3.0,1.7492855684535902,"{6: 7, 4: 10, 5: 10, 9: 2, 3: 22, 7: 1, 1: 19, 2: 29}",-0.7042621390296911
695,barabasi_albert,100,150,5,10,4.2644,3.0,1.8973665961010275,"{7: 5, 5: 9, 8: 2, 3: 21, 2: 30, 4: 11, 11: 1, 6: 1, 1: 20}",-0.7042621390296911
696,barabasi_albert,100,150,5,10,4.0744,3.0,2.029778313018444,"{10: 1, 5: 8, 6: 2, 11: 2, 7: 2, 2: 27, 3: 22, 1: 22, 4: 13, 8: 1}",-0.7042621390296911
697,barabasi_albert,100,150,5,10,4.044,3.0,1.849324200890693,"{7: 5, 4: 10, 5: 9, 6: 2, 9: 1, 2: 28, 8: 2, 3: 22, 1: 21}",-0.7042621390296911
698,barabasi_albert,100,150,5,10,4.3418,3.0,1.5811388300841898,"{4: 16, 6: 6, 8: 1, 5: 8, 9: 1, 2: 35, 3: 20, 1: 13}",-0.7042621390296911
699,barabasi_albert,100,150,5,10,4.201,3.0,1.8439088914585775,"{5: 9, 6: 5, 7: 1, 10: 2, 2: 34, 8: 1, 4: 14, 1: 18, 3: 16}",-0.7042621390296911
700,barabasi_albert,100,150,5,10,4.2126,3.0,2.0248456731316584,"{5: 6, 8: 3, 13: 1, 9: 1, 7: 2, 2: 28, 3: 23, 6: 2, 4: 13, 1: 21}",-0.7042621390296911
701,barabasi_albert,100,150,5,10,4.0706,3.0,1.9339079605813716,"{7: 3, 4: 15, 8: 1, 6: 6, 2: 36, 11: 1, 9: 1, 3: 13, 5: 5, 1: 19}",-0.7042621390296911
702,barabasi_albert,100,150,5,10,4.3268,3.0,1.7088007490635062,"{4: 15, 5: 7, 7: 5, 6: 4, 8: 1, 2: 24, 3: 23, 1: 21}",-0.7042621390296911
703,barabasi_albert,100,150,5,10,4.0426,3.0,1.9235384061671346,"{8: 3, 6: 7, 5: 9, 10: 1, 2: 26, 4: 9, 1: 24, 3: 20, 7: 1}",-0.7042621390296911
704,barabasi_albert,100,150,5,10,4.0802,3.0,1.8384776310850235,"{7: 4, 10: 1, 6: 8, 5: 8, 4: 9, 2: 32, 1: 20, 3: 18}",-0.7042621390296911
705,barabasi_albert,100,150,5,10,4.0082,3.0,1.98997487421324,"{4: 9, 5: 5, 7: 4, 6: 2, 10: 1, 12: 1, 1: 19, 2: 29, 8: 2, 3: 28}",-0.7042621390296911
706,barabasi_albert,100,150,5,10,4.2792,3.0,1.697056274847714,"{5: 10, 7: 4, 8: 2, 3: 25, 6: 3, 4: 9, 2: 30, 1: 17}",-0.7042621390296911
707,barabasi_albert,100,150,5,10,4.292,3.0,1.9026297590440449,"{7: 1, 10: 1, 8: 4, 5: 7, 6: 2, 9: 1, 3: 23, 4: 11, 2: 32, 1: 18}",-0.7042621390296911
708,barabasi_albert,100,150,5,10,4.2572,3.0,1.7146428199482247,"{4: 9, 7: 2, 5: 12, 6: 2, 3: 28, 9: 1, 8: 2, 2: 25, 1: 19}",-0.7042621390296911
709,barabasi_albert,100,150,5,10,4.1446,3.0,1.8439088914585775,"{5: 10, 12: 1, 4: 13, 3: 26, 2: 27, 11: 1, 7: 1, 6: 3, 1: 18}",-0.7042621390296911
710,barabasi_albert,100,150,5,10,4.1656,3.0,2.0199009876724157,"{8: 2, 5: 8, 6: 3, 7: 2, 3: 19, 4: 11, 13: 1, 10: 1, 2: 35, 1: 18}",-0.7042621390296911
711,barabasi_albert,100,150,5,10,4.192,3.0,1.783255450012701,"{8: 2, 5: 10, 7: 3, 6: 6, 3: 22, 4: 10, 1: 23, 2: 24}",-0.7042621390296911
712,barabasi_albert,100,150,5,10,4.223,3.0,1.8547236990991407,"{7: 2, 11: 1, 8: 2, 6: 5, 4: 12, 5: 8, 3: 21, 2: 29, 1: 20}",-0.7042621390296911
713,barabasi_albert,100,150,5,10,4.2416,3.0,1.7435595774162693,"{5: 7, 9: 1, 7: 2, 4: 18, 6: 6, 3: 17, 2: 27, 1: 21, 8: 1}",-0.7042621390296911
714,barabasi_albert,100,150,5,10,4.2774,3.0,1.8,"{5: 8, 6: 8, 9: 1, 8: 1, 4: 11, 7: 2, 2: 24, 3: 22, 1: 23}",-0.7042621390296911
715,barabasi_albert,100,150,5,10,4.289,3.0,1.7776388834631178,"{9: 1, 8: 3, 6: 3, 5: 7, 7: 2, 3: 26, 4: 13, 2: 25, 1: 20}",-0.7042621390296911
716,barabasi_albert,100,150,5,10,4.2492,3.0,1.7378147196982767,"{10: 1, 7: 3, 5: 6, 4: 16, 8: 2, 2: 29, 3: 24, 1: 17, 6: 2}",-0.7042621390296911
717,barabasi_albert,100,150,5,10,4.34,3.0,1.7435595774162693,"{7: 4, 5: 12, 6: 3, 8: 2, 4: 10, 3: 18, 2: 33, 1: 18}",-0.7042621390296911
718,barabasi_albert,100,150,5,10,4.2314,3.0,1.969771560359221,"{8: 2, 6: 5, 11: 1, 10: 1, 2: 25, 7: 2, 3: 28, 5: 7, 1: 22, 4: 7}",-0.7042621390296911
719,barabasi_albert,100,150,5,10,4.128,3.0,1.8920887928424501,"{9: 2, 8: 2, 5: 8, 6: 5, 4: 10, 7: 2, 1: 23, 2: 25, 3: 23}",-0.7042621390296911
720,barabasi_albert,100,150,5,10,4.1972,3.0,1.7088007490635062,"{7: 3, 5: 10, 4: 15, 11: 1, 3: 21, 6: 3, 2: 30, 1: 17}",-0.7042621390296911
721,barabasi_albert,100,150,5,10,4.1086,3.0,1.9183326093250879,"{7: 4, 5: 7, 6: 8, 10: 1, 3: 15, 1: 22, 2: 32, 4: 10, 8: 1}",-0.7042621390296911
722,barabasi_albert,100,150,5,10,4.1482,3.0,1.8275666882497066,"{4: 16, 6: 5, 5: 8, 12: 1, 2: 24, 7: 3, 3: 21, 1: 22}",-0.7042621390296911
723,barabasi_albert,100,150,5,10,4.1598,3.0,1.760681686165901,"{7: 7, 5: 5, 6: 3, 3: 21, 4: 16, 8: 1, 1: 21, 2: 26}",-0.7042621390296911
724,barabasi_albert,100,150,5,10,4.0886,3.0,2.009975124224178,"{8: 1, 4: 12, 12: 1, 7: 2, 5: 10, 9: 1, 1: 17, 3: 17, 2: 37, 11: 1, 6: 1}",-0.7042621390296911
725,barabasi_albert,100,150,5,10,4.195,3.0,1.70293863659264,"{5: 9, 8: 2, 7: 2, 6: 2, 2: 32, 3: 17, 4: 18, 9: 1, 1: 17}",-0.7042621390296911
726,barabasi_albert,100,150,5,10,4.1698,3.0,1.772004514666935,"{8: 2, 9: 1, 5: 13, 7: 2, 6: 4, 3: 24, 4: 5, 2: 31, 1: 18}",-0.7042621390296911
727,barabasi_albert,100,150,5,10,4.2752,3.0,1.6552945357246849,"{9: 1, 8: 2, 5: 11, 6: 4, 2: 28, 3: 25, 4: 12, 1: 17}",-0.7042621390296911
728,barabasi_albert,100,150,5,10,4.2482,3.0,1.7492855684535902,"{5: 6, 7: 1, 6: 7, 8: 3, 4: 16, 3: 21, 2: 24, 1: 22}",-0.7042621390296911
729,barabasi_albert,100,150,5,10,4.2094,3.0,1.606237840420901,"{6: 3, 7: 4, 5: 8, 8: 1, 4: 14, 2: 24, 1: 18, 3: 28}",-0.7042621390296911
730,barabasi_albert,100,150,5,10,4.332,3.0,1.8,"{8: 3, 6: 7, 5: 5, 2: 34, 4: 15, 10: 1, 3: 18, 1: 17}",-0.7042621390296911
731,barabasi_albert,100,150,5,10,4.1934,3.0,1.8547236990991407,"{7: 4, 5: 8, 6: 6, 11: 1, 2: 22, 3: 23, 4: 12, 1: 24}",-0.7042621390296911
732,barabasi_albert,100,150,5,10,4.263,3.0,1.6431676725154984,"{6: 4, 7: 4, 5: 9, 8: 1, 2: 35, 4: 14, 3: 18, 1: 15}",-0.7042621390296911
733,barabasi_albert,100,150,5,10,4.2118,3.0,1.8110770276274832,"{7: 4, 8: 3, 5: 8, 3: 23, 6: 4, 4: 10, 1: 21, 2: 27}",-0.7042621390296911
734,barabasi_albert,100,150,5,10,4.2762,3.0,1.8601075237738274,"{7: 1, 5: 9, 9: 1, 10: 1, 8: 2, 3: 22, 6: 4, 4: 12, 1: 21, 2: 27}",-0.7042621390296911
735,barabasi_albert,100,150,5,10,4.176,3.0,1.876166303929372,"{6: 5, 7: 4, 3: 22, 5: 6, 8: 1, 4: 17, 1: 28, 2: 16, 10: 1}",-0.7042621390296911
736,barabasi_albert,100,150,5,10,4.2774,3.0,1.8439088914585775,"{7: 5, 10: 1, 6: 3, 5: 7, 2: 28, 3: 23, 4: 12, 9: 1, 1: 20}",-0.7042621390296911
737,barabasi_albert,100,150,5,10,4.3456,3.0,1.876166303929372,"{6: 4, 5: 8, 10: 1, 4: 12, 7: 2, 8: 3, 2: 24, 3: 23, 1: 23}",-0.7042621390296911
738,barabasi_albert,100,150,5,10,4.0566,3.0,1.9078784028338913,"{4: 4, 10: 1, 5: 9, 11: 1, 6: 5, 3: 28, 8: 2, 2: 32, 7: 1, 1: 17}",-0.7042621390296911
739,barabasi_albert,100,150,5,10,4.126,3.0,1.7378147196982767,"{8: 5, 7: 1, 6: 2, 5: 7, 3: 30, 2: 22, 4: 13, 1: 20}",-0.7042621390296911
740,barabasi_albert,100,150,5,10,4.079,3.0,1.9595917942265424,"{13: 1, 10: 1, 8: 2, 5: 4, 7: 2, 4: 18, 6: 2, 3: 20, 2: 33, 1: 17}",-0.7042621390296911
741,barabasi_albert,100,150,5,10,4.225,3.0,1.7146428199482247,"{8: 1, 5: 7, 7: 4, 6: 6, 4: 12, 3: 28, 2: 19, 1: 23}",-0.7042621390296911
742,barabasi_albert,100,150,5,10,4.13,3.0,1.8867962264113207,"{8: 2, 5: 8, 9: 2, 7: 2, 4: 16, 2: 30, 6: 4, 3: 14, 1: 22}",-0.7042621390296911
743,barabasi_albert,100,150,5,10,4.1646,3.0,1.8110770276274832,"{5: 13, 9: 2, 6: 4, 4: 10, 7: 3, 3: 15, 2: 34, 1: 19}",-0.7042621390296911
744,barabasi_albert,100,150,5,10,4.1464,3.0,2.039607805437114,"{8: 3, 4: 13, 7: 4, 6: 3, 5: 6, 9: 1, 1: 25, 10: 1, 2: 28, 3: 16}",-0.7042621390296911
745,barabasi_albert,100,150,5,10,4.3524,3.0,1.7320508075688772,"{4: 19, 8: 2, 9: 2, 3: 21, 5: 9, 2: 25, 6: 2, 1: 20}",-0.7042621390296911
746,barabasi_albert,100,150,5,10,4.2748,3.0,1.7435595774162693,"{7: 3, 8: 2, 9: 2, 4: 13, 3: 32, 5: 3, 6: 2, 2: 27, 1: 16}",-0.7042621390296911
747,barabasi_albert,100,150,5,10,4.0848,3.0,1.8220867158288598,"{5: 8, 8: 2, 4: 10, 6: 3, 9: 1, 7: 1, 3: 28, 11: 1, 2: 29, 1: 17}",-0.7042621390296911
748,barabasi_albert,100,150,5,10,4.1262,3.0,1.760681686165901,"{5: 10, 6: 3, 7: 5, 4: 14, 3: 20, 9: 1, 1: 22, 2: 25}",-0.7042621390296911
749,barabasi_albert,100,150,5,10,4.1598,3.0,1.7320508075688772,"{7: 1, 8: 3, 4: 19, 5: 6, 11: 1, 3: 24, 2: 29, 1: 16, 6: 1}",-0.7042621390296911
750,barabasi_albert,100,150,5,10,4.1292,3.0,1.8110770276274832,"{5: 10, 4: 10, 6: 4, 7: 4, 8: 1, 3: 25, 2: 21, 9: 1, 1: 24}",-0.7042621390296911
751,barabasi_albert,100,150,5,10,4.2026,3.0,1.7549928774784245,"{9: 1, 4: 14, 7: 2, 5: 9, 8: 2, 3: 18, 6: 4, 2: 32, 1: 18}",-0.7042621390296911
752,barabasi_albert,100,150,5,10,4.0908,3.0,1.8275666882497066,"{5: 7, 9: 1, 8: 1, 4: 11, 6: 5, 2: 33, 3: 18, 1: 19, 7: 5}",-0.7042621390296911
753,barabasi_albert,100,150,5,10,4.2742,3.0,1.7146428199482247,"{4: 16, 9: 1, 5: 6, 10: 1, 6: 4, 8: 1, 3: 23, 7: 1, 2: 32, 1: 15}",-0.7042621390296911
754,barabasi_albert,100,150,5,10,4.0544,3.0,2.0,"{7: 3, 6: 5, 10: 2, 1: 26, 4: 13, 3: 18, 5: 8, 9: 1, 2: 24}",-0.7042621390296911
755,barabasi_albert,100,150,5,10,4.141,3.0,1.8547236990991407,"{7: 3, 8: 2, 11: 1, 4: 17, 3: 17, 2: 30, 5: 7, 6: 3, 1: 20}",-0.7042621390296911
756,barabasi_albert,100,150,5,10,4.1764,3.0,1.8384776310850235,"{8: 2, 7: 4, 5: 7, 2: 25, 6: 4, 9: 1, 1: 22, 4: 11, 3: 24}",-0.7042621390296911
757,barabasi_albert,100,150,5,10,4.2388,3.0,1.9235384061671346,"{5: 11, 7: 3, 9: 2, 6: 6, 8: 1, 3: 19, 2: 29, 4: 6, 1: 23}",-0.7042621390296911
758,barabasi_albert,100,150,5,10,4.0308,3.0,1.9849433241279208,"{4: 14, 12: 1, 6: 2, 5: 7, 8: 3, 1: 20, 7: 4, 2: 34, 3: 15}",-0.7042621390296911
759,barabasi_albert,100,150,5,10,4.0544,3.0,1.8220867158288598,"{6: 8, 5: 6, 8: 1, 7: 4, 3: 17, 9: 1, 4: 8, 2: 39, 1: 16}",-0.7042621390296911
760,barabasi_albert,100,150,5,10,4.204,3.0,1.849324200890693,"{7: 2, 9: 1, 6: 3, 5: 8, 8: 3, 4: 18, 3: 18, 2: 22, 1: 25}",-0.7042621390296911
761,barabasi_albert,100,150,5,10,4.0336,3.0,1.944222209522358,"{5: 10, 7: 2, 8: 5, 11: 1, 2: 29, 3: 25, 4: 8, 1: 20}",-0.7042621390296911
762,barabasi_albert,100,150,5,10,4.1422,3.0,1.8973665961010275,"{7: 5, 9: 1, 11: 1, 8: 1, 3: 21, 2: 25, 5: 6, 4: 18, 1: 22}",-0.7042621390296911
763,barabasi_albert,100,150,5,10,4.0852,3.0,1.9078784028338913,"{4: 10, 7: 4, 10: 1, 8: 3, 3: 27, 5: 6, 2: 23, 6: 3, 1: 23}",-0.7042621390296911
764,barabasi_albert,100,150,5,10,4.1522,3.0,1.8110770276274832,"{9: 1, 8: 1, 5: 6, 6: 8, 4: 10, 7: 3, 3: 24, 1: 22, 2: 25}",-0.7042621390296911
765,barabasi_albert,100,150,5,10,4.0948,3.0,1.8973665961010275,"{8: 2, 4: 10, 6: 4, 12: 1, 3: 23, 5: 10, 2: 27, 7: 2, 1: 21}",-0.7042621390296911
766,barabasi_albert,100,150,5,10,4.1304,3.0,1.6492422502470643,"{4: 17, 6: 5, 5: 10, 2: 30, 9: 2, 1: 17, 3: 19}",-0.7042621390296911
767,barabasi_albert,100,150,5,10,4.138,3.0,1.8,"{5: 5, 6: 5, 7: 3, 4: 18, 11: 1, 2: 32, 3: 17, 8: 1, 1: 18}",-0.7042621390296911
768,barabasi_albert,100,150,5,10,4.127,3.0,1.8920887928424501,"{11: 1, 9: 1, 6: 6, 7: 4, 3: 23, 5: 5, 4: 11, 1: 20, 2: 29}",-0.7042621390296911
769,barabasi_albert,100,150,5,10,4.102,3.0,1.7378147196982767,"{6: 6, 5: 9, 8: 1, 9: 1, 4: 13, 1: 19, 2: 30, 7: 2, 3: 19}",-0.7042621390296911
770,barabasi_albert,100,150,5,10,4.328,3.0,1.794435844492636,"{8: 2, 10: 1, 5: 10, 7: 1, 4: 19, 2: 32, 3: 11, 6: 4, 1: 20}",-0.7042621390296911
771,barabasi_albert,100,150,5,10,4.1156,3.0,1.7549928774784245,"{6: 7, 7: 3, 8: 2, 3: 25, 5: 5, 4: 14, 2: 21, 1: 23}",-0.7042621390296911
772,barabasi_albert,100,150,5,10,4.2664,3.0,1.697056274847714,"{9: 1, 5: 5, 6: 5, 4: 10, 10: 1, 3: 34, 8: 1, 2: 27, 7: 1, 1: 15}",-0.7042621390296911
773,barabasi_albert,100,150,5,10,4.1366,3.0,1.9026297590440449,"{5: 10, 7: 3, 6: 4, 8: 1, 12: 1, 2: 17, 4: 11, 3: 27, 1: 26}",-0.7042621390296911
774,barabasi_albert,100,150,5,10,4.203,3.0,1.783255450012701,"{8: 2, 5: 8, 7: 4, 9: 1, 4: 16, 3: 23, 2: 23, 1: 22, 6: 1}",-0.7042621390296911
775,barabasi_albert,100,150,5,10,4.1594,3.0,1.8973665961010275,"{6: 8, 7: 1, 9: 1, 5: 10, 8: 2, 4: 13, 3: 16, 1: 28, 2: 21}",-0.7042621390296911
776,barabasi_albert,100,150,5,10,4.2264,3.0,1.6852299546352716,"{5: 10, 6: 4, 7: 4, 9: 1, 3: 27, 1: 18, 2: 27, 4: 9}",-0.7042621390296911
777,barabasi_albert,100,150,5,10,4.0048,3.0,2.0,"{5: 7, 4: 15, 9: 2, 2: 27, 14: 1, 7: 3, 6: 1, 3: 24, 1: 20}",-0.7042621390296911
778,barabasi_albert,100,150,5,10,4.1804,3.0,1.7549928774784245,"{5: 11, 6: 3, 7: 3, 8: 1, 4: 12, 2: 31, 10: 1, 3: 20, 1: 18}",-0.7042621390296911
779,barabasi_albert,100,150,5,10,4.1084,3.0,1.8220867158288598,"{5: 12, 7: 2, 6: 6, 4: 6, 10: 1, 3: 22, 9: 1, 1: 19, 2: 31}",-0.7042621390296911
780,barabasi_albert,100,150,5,10,3.9478,3.0,2.04939015319192,"{7: 4, 4: 10, 6: 4, 8: 2, 11: 1, 10: 1, 5: 7, 2: 35, 3: 15, 1: 21}",-0.7042621390296911
781,barabasi_albert,100,150,5,10,4.2128,3.0,1.7492855684535902,"{5: 7, 7: 3, 8: 1, 6: 5, 9: 1, 4: 15, 2: 25, 3: 22, 1: 21}",-0.7042621390296911
782,barabasi_albert,100,150,5,10,4.147,3.0,1.7378147196982767,"{7: 5, 8: 2, 6: 3, 3: 20, 4: 16, 5: 6, 1: 19, 2: 29}",-0.7042621390296911
783,barabasi_albert,100,150,5,10,4.205,3.0,1.816590212458495,"{9: 2, 4: 17, 6: 7, 7: 2, 5: 7, 2: 26, 3: 16, 1: 23}",-0.7042621390296911
784,barabasi_albert,100,150,5,10,4.1926,3.0,1.8275666882497066,"{4: 13, 7: 2, 9: 1, 6: 6, 10: 1, 3: 23, 8: 1, 5: 5, 2: 29, 1: 19}",-0.7042621390296911
785,barabasi_albert,100,150,5,10,4.2192,3.0,1.8439088914585775,"{6: 6, 5: 6, 8: 2, 7: 3, 3: 26, 9: 1, 1: 24, 4: 11, 2: 21}",-0.7042621390296911
786,barabasi_albert,100,150,5,10,4.3952,3.0,1.8439088914585775,"{6: 3, 8: 1, 5: 8, 9: 2, 2: 32, 7: 4, 3: 19, 4: 12, 1: 19}",-0.7042621390296911
787,barabasi_albert,100,150,5,10,4.5098,3.0,1.5297058540778354,"{5: 10, 6: 4, 8: 2, 4: 17, 3: 24, 2: 27, 1: 16}",-0.7042621390296911
788,barabasi_albert,100,150,5,10,4.2176,3.0,1.969771560359221,"{4: 13, 5: 5, 11: 1, 7: 3, 9: 3, 3: 21, 6: 3, 2: 32, 1: 19}",-0.7042621390296911
789,barabasi_albert,100,150,5,10,4.1802,3.0,1.8384776310850235,"{11: 1, 7: 2, 5: 9, 9: 1, 3: 22, 2: 30, 6: 6, 1: 19, 4: 10}",-0.7042621390296911
790,barabasi_albert,100,150,5,10,4.2226,3.0,1.7146428199482247,"{4: 13, 5: 9, 7: 4, 6: 5, 9: 1, 2: 36, 3: 16, 1: 16}",-0.7042621390296911
791,barabasi_albert,100,150,5,10,4.155,3.0,1.8547236990991407,"{5: 5, 4: 16, 7: 5, 6: 1, 3: 24, 8: 1, 9: 1, 2: 25, 10: 1, 1: 21}",-0.7042621390296911
792,barabasi_albert,100,150,5,10,4.3552,3.0,1.5811388300841898,"{6: 3, 9: 1, 4: 14, 7: 3, 5: 8, 3: 32, 2: 21, 1: 18}",-0.7042621390296911
793,barabasi_albert,100,150,5,10,4.015,3.0,1.9026297590440449,"{4: 9, 7: 1, 8: 3, 5: 12, 10: 2, 3: 22, 1: 19, 2: 31, 6: 1}",-0.7042621390296911
794,barabasi_albert,100,150,5,10,4.2438,3.0,1.5033296378372907,"{7: 2, 8: 1, 6: 5, 5: 8, 3: 25, 2: 35, 4: 13, 1: 11}",-0.7042621390296911
795,barabasi_albert,100,150,5,10,4.183,3.0,1.7088007490635062,"{5: 12, 7: 2, 4: 11, 6: 5, 8: 2, 3: 19, 2: 30, 1: 19}",-0.7042621390296911
796,barabasi_albert,100,150,5,10,4.2366,3.0,1.8110770276274832,"{8: 1, 6: 3, 7: 3, 11: 1, 4: 20, 3: 23, 5: 2, 9: 1, 2: 28, 1: 18}",-0.7042621390296911
797,barabasi_albert,100,150,5,10,4.0018,3.0,2.1118712081942874,"{7: 4, 5: 9, 8: 1, 13: 1, 10: 1, 3: 19, 2: 27, 6: 4, 4: 9, 1: 25}",-0.7042621390296911
798,barabasi_albert,100,150,5,10,4.3262,3.0,1.6852299546352716,"{6: 4, 10: 1, 5: 7, 3: 22, 7: 4, 4: 14, 2: 33, 1: 15}",-0.7042621390296911
799,barabasi_albert,100,150,5,10,4.1688,3.0,1.9493588689617927,"{9: 1, 6: 3, 7: 4, 5: 8, 4: 7, 10: 1, 2: 37, 11: 1, 3: 22, 1: 16}",-0.7042621390296911
800,barabasi_albert,100,150,5,10,4.2874,3.0,1.624807680927192,"{5: 7, 4: 19, 11: 1, 7: 3, 2: 31, 3: 23, 1: 14, 6: 2}",-0.7042621390296911
801,barabasi_albert,100,150,5,10,4.1244,3.0,1.8708286933869707,"{10: 2, 8: 3, 5: 6, 4: 8, 6: 5, 3: 30, 2: 28, 1: 18}",-0.7042621390296911
802,barabasi_albert,100,150,5,10,4.0864,3.0,1.8601075237738274,"{8: 2, 7: 5, 5: 8, 4: 10, 3: 20, 6: 3, 9: 1, 1: 20, 2: 31}",-0.7042621390296911
803,barabasi_albert,100,150,5,10,4.083,3.0,1.9544820285692064,"{10: 1, 8: 3, 5: 6, 7: 4, 9: 1, 4: 9, 2: 35, 3: 21, 6: 2, 1: 18}",-0.7042621390296911
804,barabasi_albert,100,150,5,10,4.0842,3.0,2.1118712081942874,"{6: 5, 11: 1, 9: 4, 7: 2, 1: 24, 4: 11, 2: 30, 3: 17, 5: 6}",-0.7042621390296911
805,barabasi_albert,100,150,5,10,4.1494,3.0,1.7663521732655694,"{5: 2, 8: 4, 6: 3, 7: 4, 3: 28, 1: 18, 2: 27, 4: 14}",-0.7042621390296911
806,barabasi_albert,100,150,5,10,4.1214,3.0,1.9798989873223332,"{7: 4, 10: 1, 6: 6, 4: 8, 8: 2, 5: 9, 2: 23, 3: 20, 1: 27}",-0.7042621390296911
807,barabasi_albert,100,150,5,10,4.2068,3.0,1.865475810617763,"{5: 9, 6: 4, 8: 2, 9: 2, 3: 22, 7: 2, 1: 21, 2: 28, 4: 10}",-0.7042621390296911
808,barabasi_albert,100,150,5,10,4.0882,3.0,1.9544820285692064,"{8: 2, 9: 1, 6: 5, 5: 6, 4: 8, 7: 3, 1: 18, 11: 1, 2: 35, 3: 21}",-0.7042621390296911
809,barabasi_albert,100,150,5,10,4.1996,3.0,1.9544820285692064,"{6: 3, 8: 1, 7: 3, 5: 7, 4: 16, 10: 1, 3: 24, 11: 1, 2: 17, 1: 27}",-0.7042621390296911
810,barabasi_albert,100,150,5,10,4.0152,3.0,1.9390719429665315,"{6: 3, 7: 6, 9: 2, 5: 8, 1: 20, 8: 1, 2: 35, 4: 9, 3: 16}",-0.7042621390296911
811,barabasi_albert,100,150,5,10,4.2314,3.0,1.8110770276274832,"{6: 10, 9: 2, 7: 2, 5: 2, 4: 15, 1: 21, 3: 21, 2: 27}",-0.7042621390296911
812,barabasi_albert,100,150,5,10,4.244,3.0,1.7663521732655694,"{7: 1, 5: 10, 6: 5, 4: 16, 9: 1, 2: 26, 3: 19, 10: 1, 1: 21}",-0.7042621390296911
813,barabasi_albert,100,150,5,10,4.3596,3.0,1.6370705543744901,"{7: 3, 8: 1, 6: 7, 4: 12, 5: 6, 3: 26, 2: 28, 1: 17}",-0.7042621390296911
814,barabasi_albert,100,150,5,10,4.418,3.0,1.449137674618944,"{6: 5, 7: 2, 5: 8, 4: 19, 2: 34, 3: 20, 1: 12}",-0.7042621390296911
815,barabasi_albert,100,150,5,10,4.504,3.0,1.7492855684535902,"{7: 3, 6: 8, 5: 8, 8: 1, 3: 20, 4: 13, 2: 24, 1: 23}",-0.7042621390296911
816,barabasi_albert,100,150,5,10,4.1624,3.0,1.9078784028338913,"{5: 6, 6: 3, 8: 5, 3: 21, 2: 30, 7: 4, 4: 10, 1: 21}",-0.7042621390296911
817,barabasi_albert,100,150,5,10,4.2022,3.0,1.794435844492636,"{6: 5, 4: 18, 7: 2, 9: 2, 10: 1, 3: 23, 5: 2, 2: 30, 1: 17}",-0.7042621390296911
818,barabasi_albert,100,150,5,10,4.2258,3.0,1.7262676501632068,"{6: 7, 4: 12, 5: 8, 8: 1, 10: 1, 3: 23, 1: 18, 2: 29, 7: 1}",-0.7042621390296911
819,barabasi_albert,100,150,5,10,4.0538,3.0,1.9339079605813716,"{6: 2, 8: 4, 5: 8, 4: 15, 3: 17, 11: 1, 2: 33, 1: 19, 9: 1}",-0.7042621390296911
820,barabasi_albert,100,150,5,10,4.222,3.0,1.697056274847714,"{7: 3, 5: 10, 4: 11, 8: 1, 6: 3, 3: 27, 9: 1, 1: 19, 2: 25}",-0.7042621390296911
821,barabasi_albert,100,150,5,10,4.371,3.0,1.6911534525287764,"{7: 3, 8: 1, 5: 9, 6: 3, 4: 13, 2: 25, 9: 1, 1: 19, 3: 26}",-0.7042621390296911
822,barabasi_albert,100,150,5,10,4.1738,3.0,1.9078784028338913,"{4: 14, 7: 4, 6: 5, 10: 1, 9: 1, 5: 4, 2: 27, 8: 1, 3: 21, 1: 22}",-0.7042621390296911
823,barabasi_albert,100,150,5,10,4.3094,3.0,1.876166303929372,"{7: 2, 9: 1, 10: 2, 5: 8, 4: 11, 3: 25, 6: 4, 2: 27, 1: 20}",-0.7042621390296911
824,barabasi_albert,100,150,5,10,4.3456,3.0,1.760681686165901,"{6: 3, 7: 6, 8: 1, 3: 21, 5: 9, 2: 25, 4: 13, 1: 22}",-0.7042621390296911
825,barabasi_albert,100,150,5,10,4.3488,3.0,1.7435595774162693,"{8: 2, 7: 4, 6: 3, 3: 20, 5: 4, 4: 16, 1: 15, 2: 35, 9: 1}",-0.7042621390296911
826,barabasi_albert,100,150,5,10,4.2702,3.0,1.6673332000533065,"{6: 4, 8: 2, 5: 12, 4: 12, 3: 21, 9: 1, 2: 32, 1: 16}",-0.7042621390296911
827,barabasi_albert,100,150,5,10,4.3206,3.0,1.6186414056238645,"{6: 5, 4: 12, 5: 11, 7: 1, 3: 22, 8: 2, 2: 31, 1: 16}",-0.7042621390296911
828,barabasi_albert,100,150,5,10,4.117,3.0,1.833030277982336,"{9: 1, 7: 3, 6: 5, 5: 7, 8: 2, 4: 14, 2: 27, 3: 19, 1: 22}",-0.7042621390296911
829,barabasi_albert,100,150,5,10,4.2976,3.0,1.7146428199482247,"{4: 11, 8: 3, 5: 12, 7: 2, 3: 19, 2: 33, 6: 3, 1: 17}",-0.7042621390296911
830,barabasi_albert,100,150,5,10,4.0632,3.0,1.9287301521985911,"{6: 6, 5: 10, 7: 5, 8: 1, 3: 18, 1: 26, 9: 1, 4: 8, 2: 25}",-0.7042621390296911
831,barabasi_albert,100,150,5,10,4.2662,3.0,1.8973665961010275,"{10: 1, 8: 2, 5: 8, 6: 8, 2: 26, 3: 25, 1: 22, 9: 1, 4: 7}",-0.7042621390296911
832,barabasi_albert,100,150,5,10,4.2594,3.0,1.6309506430300091,"{4: 21, 5: 7, 9: 1, 7: 1, 8: 2, 3: 23, 1: 18, 2: 25, 6: 2}",-0.7042621390296911
833,barabasi_albert,100,150,5,10,4.184,3.0,1.876166303929372,"{5: 10, 8: 2, 12: 1, 6: 3, 4: 12, 7: 2, 3: 23, 2: 26, 1: 21}",-0.7042621390296911
834,barabasi_albert,100,150,5,10,4.2656,3.0,1.9595917942265424,"{5: 7, 4: 13, 9: 3, 8: 3, 7: 3, 3: 19, 1: 20, 2: 32}",-0.7042621390296911
835,barabasi_albert,100,150,5,10,4.1936,3.0,1.8275666882497066,"{7: 1, 10: 1, 6: 5, 8: 1, 5: 10, 9: 1, 2: 30, 3: 18, 4: 13, 1: 20}",-0.7042621390296911
836,barabasi_albert,100,150,5,10,4.1648,3.0,1.7378147196982767,"{6: 4, 4: 14, 7: 2, 11: 1, 5: 7, 3: 31, 8: 1, 2: 19, 1: 21}",-0.7042621390296911
837,barabasi_albert,100,150,5,10,4.0706,3.0,1.8708286933869707,"{7: 3, 6: 6, 4: 13, 11: 2, 5: 3, 1: 15, 3: 23, 2: 35}",-0.7042621390296911
838,barabasi_albert,100,150,5,10,4.3584,3.0,1.70293863659264,"{5: 7, 7: 3, 10: 1, 4: 19, 9: 1, 3: 27, 1: 20, 2: 21, 6: 1}",-0.7042621390296911
839,barabasi_albert,100,150,5,10,4.3568,3.0,1.6613247725836149,"{9: 1, 5: 10, 7: 4, 6: 3, 3: 21, 2: 32, 4: 13, 1: 16}",-0.7042621390296911
840,barabasi_albert,100,150,5,10,4.15,3.0,1.9235384061671346,"{7: 4, 8: 2, 10: 1, 4: 15, 5: 11, 6: 2, 3: 16, 2: 22, 1: 27}",-0.7042621390296911
841,barabasi_albert,100,150,5,10,4.188,3.0,1.8867962264113207,"{5: 7, 8: 3, 7: 6, 6: 3, 4: 11, 3: 20, 2: 27, 1: 23}",-0.7042621390296911
842,barabasi_albert,100,150,5,10,4.245,3.0,1.6792855623746665,"{6: 3, 5: 7, 11: 1, 4: 18, 9: 1, 2: 25, 3: 27, 1: 17, 7: 1}",-0.7042621390296911
843,barabasi_albert,100,150,5,10,4.3576,3.0,1.6613247725836149,"{4: 21, 8: 1, 5: 6, 9: 1, 3: 20, 6: 4, 2: 26, 7: 2, 1: 19}",-0.7042621390296911
844,barabasi_albert,100,150,5,10,4.2354,3.0,1.5874507866387544,"{6: 11, 8: 1, 4: 14, 5: 5, 2: 30, 3: 23, 1: 16}",-0.7042621390296911
845,barabasi_albert,100,150,5,10,4.038,3.0,1.6431676725154984,"{5: 9, 8: 3, 4: 11, 6: 3, 7: 2, 3: 25, 2: 33, 1: 14}",-0.7042621390296911
846,barabasi_albert,100,150,5,10,4.2778,3.0,1.7146428199482247,"{7: 4, 6: 7, 4: 22, 8: 1, 2: 24, 3: 18, 1: 22, 5: 2}",-0.7042621390296911
847,barabasi_albert,100,150,5,10,4.0906,3.0,1.9544820285692064,"{6: 4, 10: 2, 8: 1, 4: 12, 7: 3, 1: 18, 3: 19, 5: 5, 9: 1, 2: 35}",-0.7042621390296911
848,barabasi_albert,100,150,5,10,4.2018,3.0,1.8220867158288598,"{9: 2, 5: 10, 8: 1, 6: 3, 3: 18, 7: 2, 4: 17, 2: 23, 1: 24}",-0.7042621390296911
849,barabasi_albert,100,150,5,10,4.3274,3.0,1.5684387141358123,"{8: 2, 4: 17, 6: 5, 7: 1, 5: 6, 3: 29, 2: 22, 1: 18}",-0.7042621390296911
850,barabasi_albert,100,150,5,10,4.1044,3.0,1.8275666882497066,"{5: 10, 7: 2, 9: 2, 8: 2, 1: 21, 4: 12, 2: 26, 6: 2, 3: 23}",-0.7042621390296911
851,barabasi_albert,100,150,5,10,4.099,3.0,1.9544820285692064,"{6: 3, 7: 4, 8: 4, 9: 1, 5: 5, 4: 14, 3: 17, 1: 23, 2: 29}",-0.7042621390296911
852,barabasi_albert,100,150,5,10,4.1576,3.0,1.9544820285692064,"{6: 7, 5: 6, 9: 1, 12: 1, 8: 1, 4: 16, 3: 18, 2: 25, 1: 24, 7: 1}",-0.7042621390296911
853,barabasi_albert,100,150,5,10,4.1504,3.0,1.7888543819998317,"{6: 5, 7: 1, 5: 8, 8: 3, 3: 17, 2: 35, 4: 13, 9: 1, 1: 17}",-0.7042621390296911
854,barabasi_albert,100,150,5,10,4.1412,3.0,1.96468827043885,"{7: 3, 8: 2, 5: 11, 9: 1, 4: 9, 6: 3, 3: 19, 10: 1, 2: 27, 1: 24}",-0.7042621390296911
855,barabasi_albert,100,150,5,10,4.2346,3.0,1.7262676501632068,"{9: 1, 10: 1, 8: 2, 6: 3, 7: 1, 4: 14, 2: 34, 3: 26, 5: 5, 1: 13}",-0.7042621390296911
856,barabasi_albert,100,150,5,10,4.3928,3.0,1.6552945357246849,"{6: 4, 7: 2, 5: 9, 9: 1, 8: 1, 4: 13, 3: 25, 2: 28, 1: 17}",-0.7042621390296911
857,barabasi_albert,100,150,5,10,4.319,3.0,1.9078784028338913,"{5: 14, 11: 1, 8: 4, 2: 28, 4: 10, 6: 2, 3: 19, 1: 22}",-0.7042621390296911
858,barabasi_albert,100,150,5,10,4.1998,3.0,1.9287301521985911,"{13: 1, 6: 7, 7: 4, 3: 18, 2: 35, 4: 10, 1: 18, 5: 7}",-0.7042621390296911
859,barabasi_albert,100,150,5,10,4.1638,3.0,1.8220867158288598,"{5: 10, 6: 6, 4: 12, 8: 1, 7: 3, 9: 1, 2: 29, 3: 16, 1: 22}",-0.7042621390296911
860,barabasi_albert,100,150,5,10,4.2206,3.0,1.772004514666935,"{10: 1, 8: 2, 7: 2, 6: 6, 3: 23, 5: 4, 4: 14, 1: 17, 2: 31}",-0.7042621390296911
861,barabasi_albert,100,150,5,10,4.0282,3.0,1.969771560359221,"{6: 5, 5: 8, 7: 1, 8: 2, 14: 1, 1: 21, 4: 13, 2: 27, 3: 22}",-0.7042621390296911
862,barabasi_albert,100,150,5,10,4.2204,3.0,1.8220867158288598,"{8: 3, 9: 1, 4: 12, 5: 10, 2: 30, 6: 3, 3: 19, 1: 20, 7: 2}",-0.7042621390296911
863,barabasi_albert,100,150,5,10,4.1316,3.0,1.772004514666935,"{6: 8, 7: 3, 5: 9, 4: 9, 2: 25, 3: 23, 1: 22, 9: 1}",-0.7042621390296911
864,barabasi_albert,100,150,5,10,4.0662,3.0,1.8055470085267789,"{4: 16, 6: 4, 5: 9, 9: 1, 8: 3, 3: 15, 7: 1, 2: 31, 1: 20}",-0.7042621390296911
865,barabasi_albert,100,150,5,10,4.0778,3.0,1.9026297590440449,"{5: 10, 9: 1, 7: 4, 6: 4, 4: 11, 3: 18, 8: 2, 2: 25, 1: 25}",-0.7042621390296911
866,barabasi_albert,100,150,5,10,4.1562,3.0,1.8920887928424501,"{5: 9, 8: 5, 9: 1, 7: 1, 1: 22, 3: 21, 2: 27, 4: 12, 6: 2}",-0.7042621390296911
867,barabasi_albert,100,150,5,10,4.264,3.0,1.7888543819998317,"{4: 10, 7: 1, 11: 1, 9: 1, 6: 4, 2: 26, 5: 13, 1: 20, 3: 24}",-0.7042621390296911
868,barabasi_albert,100,150,5,10,4.3318,3.0,1.7320508075688772,"{9: 1, 6: 5, 8: 2, 5: 3, 4: 21, 3: 19, 7: 2, 2: 28, 1: 19}",-0.7042621390296911
869,barabasi_albert,100,150,5,10,4.106,3.0,1.9493588689617927,"{7: 2, 9: 1, 6: 6, 11: 1, 3: 16, 8: 1, 4: 16, 5: 7, 1: 25, 2: 25}",-0.7042621390296911
870,barabasi_albert,100,150,5,10,4.302,3.0,1.8110770276274832,"{7: 6, 8: 1, 5: 4, 10: 1, 3: 19, 4: 18, 2: 30, 1: 19, 6: 2}",-0.7042621390296911
871,barabasi_albert,100,150,5,10,4.262,3.0,1.7204650534085253,"{4: 14, 5: 10, 6: 8, 7: 2, 3: 15, 1: 21, 2: 29, 8: 1}",-0.7042621390296911
872,barabasi_albert,100,150,5,10,4.1036,3.0,1.8547236990991407,"{9: 1, 8: 2, 4: 13, 7: 4, 6: 6, 3: 25, 2: 23, 5: 3, 1: 23}",-0.7042621390296911
873,barabasi_albert,100,150,5,10,4.158,3.0,2.0149441679609885,"{7: 2, 6: 3, 8: 1, 5: 10, 10: 2, 11: 1, 3: 18, 4: 9, 1: 19, 2: 35}",-0.7042621390296911
874,barabasi_albert,100,150,5,10,4.1768,3.0,1.7378147196982767,"{7: 3, 6: 4, 5: 10, 8: 2, 3: 19, 4: 15, 1: 22, 2: 25}",-0.7042621390296911
875,barabasi_albert,100,150,5,10,4.4352,3.0,1.6309506430300091,"{6: 4, 7: 3, 8: 1, 9: 1, 3: 27, 5: 5, 4: 14, 2: 31, 1: 14}",-0.7042621390296911
876,barabasi_albert,100,150,5,10,4.1806,3.0,1.7435595774162693,"{7: 5, 5: 5, 6: 6, 9: 1, 3: 23, 4: 12, 2: 30, 1: 18}",-0.7042621390296911
877,barabasi_albert,100,150,5,10,4.2088,3.0,1.8867962264113207,"{5: 6, 6: 7, 7: 2, 2: 29, 8: 2, 4: 17, 10: 1, 3: 13, 1: 23}",-0.7042621390296911
878,barabasi_albert,100,150,5,10,4.2286,3.0,1.7204650534085253,"{6: 6, 8: 1, 4: 12, 5: 8, 7: 4, 2: 25, 3: 23, 1: 21}",-0.7042621390296911
879,barabasi_albert,100,150,5,10,4.1362,3.0,1.8110770276274832,"{6: 3, 5: 10, 7: 3, 8: 2, 2: 26, 9: 1, 3: 20, 4: 13, 1: 22}",-0.7042621390296911
880,barabasi_albert,100,150,5,10,4.1078,3.0,1.944222209522358,"{5: 9, 6: 2, 9: 3, 7: 2, 3: 20, 4: 13, 8: 2, 1: 24, 2: 25}",-0.7042621390296911
881,barabasi_albert,100,150,5,10,4.2166,3.0,1.7492855684535902,"{8: 1, 7: 4, 5: 6, 4: 11, 2: 26, 6: 8, 3: 23, 1: 21}",-0.7042621390296911
882,barabasi_albert,100,150,5,10,4.0874,3.0,1.9390719429665315,"{5: 5, 7: 3, 12: 1, 6: 3, 9: 1, 8: 1, 4: 19, 1: 25, 3: 22, 2: 20}",-0.7042621390296911
883,barabasi_albert,100,150,5,10,4.1574,3.0,1.7492855684535902,"{7: 2, 6: 4, 5: 12, 11: 1, 4: 16, 3: 18, 1: 21, 2: 26}",-0.7042621390296911
884,barabasi_albert,100,150,5,10,4.0248,3.0,1.9493588689617927,"{6: 3, 5: 9, 9: 1, 3: 24, 15: 1, 2: 25, 4: 16, 1: 20, 7: 1}",-0.7042621390296911
885,barabasi_albert,100,150,5,10,4.2396,3.0,1.8708286933869707,"{7: 4, 6: 8, 9: 1, 8: 1, 5: 6, 3: 11, 4: 13, 1: 20, 2: 36}",-0.7042621390296911
886,barabasi_albert,100,150,5,10,4.1656,3.0,1.7320508075688772,"{4: 17, 7: 4, 9: 1, 8: 2, 6: 2, 3: 19, 5: 5, 1: 15, 2: 35}",-0.7042621390296911
887,barabasi_albert,100,150,5,10,4.2714,3.0,1.7888543819998317,"{5: 12, 6: 7, 9: 2, 4: 11, 7: 1, 3: 14, 2: 34, 1: 19}",-0.7042621390296911
888,barabasi_albert,100,150,5,10,4.1772,3.0,1.816590212458495,"{6: 3, 4: 8, 9: 2, 5: 10, 3: 23, 2: 33, 8: 2, 7: 2, 1: 17}",-0.7042621390296911
889,barabasi_albert,100,150,5,10,4.196,3.0,1.8601075237738274,"{4: 12, 7: 2, 8: 3, 6: 6, 2: 29, 9: 1, 3: 20, 5: 6, 1: 21}",-0.7042621390296911
890,barabasi_albert,100,150,5,10,4.1192,3.0,1.8547236990991407,"{4: 13, 8: 2, 5: 13, 10: 1, 2: 31, 6: 5, 7: 1, 1: 22, 3: 12}",-0.7042621390296911
891,barabasi_albert,100,150,5,10,4.1484,3.0,1.7146428199482247,"{8: 3, 5: 9, 4: 15, 10: 1, 6: 1, 3: 24, 2: 30, 1: 16, 7: 1}",-0.7042621390296911
892,barabasi_albert,100,150,5,10,4.307,3.0,1.6911534525287764,"{8: 2, 9: 1, 4: 12, 7: 3, 5: 8, 2: 34, 6: 2, 3: 24, 1: 14}",-0.7042621390296911
893,barabasi_albert,100,150,5,10,4.112,3.0,1.760681686165901,"{7: 5, 4: 12, 6: 2, 1: 18, 5: 9, 3: 25, 2: 28, 11: 1}",-0.7042621390296911
894,barabasi_albert,100,150,5,10,4.2076,3.0,1.7888543819998317,"{6: 5, 8: 2, 7: 3, 5: 5, 3: 26, 4: 13, 9: 1, 2: 24, 1: 21}",-0.7042621390296911
895,barabasi_albert,100,150,5,10,4.267,3.0,1.8384776310850235,"{6: 7, 8: 2, 4: 15, 7: 3, 9: 1, 5: 3, 3: 21, 2: 26, 1: 22}",-0.7042621390296911
896,barabasi_albert,100,150,5,10,4.2298,3.0,1.9748417658131499,"{6: 5, 4: 13, 10: 1, 8: 2, 7: 2, 2: 25, 11: 1, 3: 23, 5: 5, 1: 23}",-0.7042621390296911
897,barabasi_albert,100,150,5,10,4.2978,3.0,1.6733200530681511,"{6: 6, 5: 8, 8: 1, 7: 3, 4: 15, 2: 26, 3: 21, 1: 20}",-0.7042621390296911
898,barabasi_albert,100,150,5,10,4.4172,3.0,1.7204650534085253,"{6: 7, 7: 2, 9: 2, 3: 23, 4: 11, 2: 34, 5: 6, 1: 15}",-0.7042621390296911
899,barabasi_albert,100,150,5,10,4.2362,3.0,1.8275666882497066,"{9: 1, 6: 5, 5: 9, 8: 1, 7: 4, 3: 21, 2: 25, 4: 11, 1: 23}",-0.7042621390296911
900,barabasi_albert,100,150,5,10,4.1924,3.0,1.8110770276274832,"{7: 1, 5: 6, 6: 7, 8: 1, 9: 2, 4: 14, 3: 24, 1: 23, 2: 22}",-0.7042621390296911
901,barabasi_albert,100,150,5,10,4.172,3.0,1.8601075237738274,"{8: 3, 5: 10, 9: 2, 4: 12, 6: 2, 2: 25, 3: 23, 1: 22, 7: 1}",-0.7042621390296911
902,barabasi_albert,100,150,5,10,4.0866,3.0,1.9026297590440449,"{9: 3, 5: 9, 4: 10, 6: 4, 3: 22, 8: 1, 1: 22, 7: 2, 2: 27}",-0.7042621390296911
903,barabasi_albert,100,150,5,10,4.1644,3.0,1.8275666882497066,"{8: 2, 5: 4, 9: 1, 4: 7, 7: 3, 6: 8, 3: 27, 2: 29, 1: 19}",-0.7042621390296911
904,barabasi_albert,100,150,5,10,4.1156,3.0,1.8439088914585775,"{7: 4, 6: 7, 5: 7, 4: 10, 9: 1, 2: 30, 3: 19, 8: 1, 1: 21}",-0.7042621390296911
905,barabasi_albert,100,150,5,10,4.1896,3.0,1.9078784028338913,"{11: 1, 6: 2, 9: 2, 7: 2, 4: 15, 2: 34, 5: 8, 3: 17, 1: 18, 8: 1}",-0.7042621390296911
906,barabasi_albert,100,150,5,10,4.406,3.0,1.5427248620541512,"{5: 8, 7: 3, 4: 17, 6: 5, 3: 25, 2: 24, 1: 18}",-0.7042621390296911
907,barabasi_albert,100,150,5,10,4.4204,3.0,1.70293863659264,"{7: 4, 5: 6, 8: 1, 6: 6, 4: 16, 3: 20, 2: 27, 1: 20}",-0.7042621390296911
908,barabasi_albert,100,150,5,10,4.099,3.0,1.849324200890693,"{7: 2, 6: 8, 5: 10, 3: 14, 11: 1, 4: 14, 2: 28, 1: 23}",-0.7042621390296911
909,barabasi_albert,100,150,5,10,4.043,3.0,2.0199009876724157,"{4: 17, 10: 1, 6: 3, 8: 1, 12: 1, 5: 6, 3: 19, 2: 29, 9: 2, 1: 21}",-0.7042621390296911
910,barabasi_albert,100,150,5,10,4.2744,3.0,1.7492855684535902,"{4: 18, 7: 3, 8: 2, 3: 21, 2: 33, 11: 1, 1: 15, 5: 6, 6: 1}",-0.7042621390296911
911,barabasi_albert,100,150,5,10,4.1846,3.0,1.6733200530681511,"{7: 3, 8: 1, 6: 5, 5: 10, 4: 15, 2: 27, 3: 19, 1: 20}",-0.7042621390296911
912,barabasi_albert,100,150,5,10,4.0956,3.0,1.944222209522358,"{6: 3, 4: 16, 5: 6, 7: 6, 8: 2, 9: 1, 2: 25, 3: 15, 1: 26}",-0.7042621390296911
913,barabasi_albert,100,150,5,10,4.2458,3.0,1.7492855684535902,"{6: 6, 10: 1, 4: 16, 7: 1, 8: 1, 3: 19, 1: 21, 2: 26, 5: 9}",-0.7042621390296911
914,barabasi_albert,100,150,5,10,4.1378,3.0,1.8275666882497066,"{10: 1, 5: 6, 6: 7, 4: 15, 7: 2, 9: 1, 3: 22, 2: 23, 1: 23}",-0.7042621390296911
915,barabasi_albert,100,150,5,10,4.177,3.0,1.816590212458495,"{5: 6, 8: 3, 6: 4, 4: 16, 7: 2, 1: 21, 3: 20, 9: 1, 2: 27}",-0.7042621390296911
916,barabasi_albert,100,150,5,10,4.0902,3.0,1.783255450012701,"{9: 1, 4: 17, 6: 5, 5: 7, 10: 1, 3: 22, 7: 2, 2: 23, 1: 22}",-0.7042621390296911
917,barabasi_albert,100,150,5,10,4.1148,3.0,2.0,"{4: 19, 7: 4, 9: 1, 13: 1, 6: 3, 2: 25, 5: 3, 3: 20, 1: 23, 8: 1}",-0.7042621390296911
918,barabasi_albert,100,150,5,10,4.1156,3.0,1.7776388834631178,"{9: 1, 5: 8, 7: 2, 4: 16, 6: 5, 10: 1, 3: 18, 2: 30, 1: 19}",-0.7042621390296911
919,barabasi_albert,100,150,5,10,4.077,3.0,1.9595917942265424,"{5: 17, 6: 2, 9: 1, 14: 1, 7: 1, 3: 25, 1: 24, 2: 21, 4: 8}",-0.7042621390296911
920,barabasi_albert,100,150,5,10,4.198,3.0,1.7492855684535902,"{5: 3, 6: 7, 7: 5, 8: 2, 3: 24, 2: 37, 4: 8, 1: 14}",-0.7042621390296911
921,barabasi_albert,100,150,5,10,4.3586,3.0,1.61245154965971,"{5: 6, 7: 1, 6: 9, 8: 1, 4: 15, 3: 23, 1: 18, 2: 27}",-0.7042621390296911
922,barabasi_albert,100,150,5,10,4.3738,3.0,1.7146428199482247,"{5: 14, 6: 3, 8: 2, 4: 10, 2: 35, 3: 18, 9: 1, 1: 16, 7: 1}",-0.7042621390296911
923,barabasi_albert,100,150,5,10,4.1406,3.0,1.8814887722226779,"{8: 2, 5: 7, 4: 12, 11: 1, 9: 1, 7: 2, 2: 29, 3: 24, 1: 19, 6: 3}",-0.7042621390296911
924,barabasi_albert,100,150,5,10,4.2134,3.0,1.7435595774162693,"{7: 2, 4: 14, 6: 8, 5: 9, 3: 18, 9: 1, 2: 26, 1: 22}",-0.7042621390296911
925,barabasi_albert,100,150,5,10,4.2788,3.0,1.7146428199482247,"{7: 2, 6: 4, 5: 8, 3: 25, 9: 2, 1: 21, 4: 16, 2: 22}",-0.7042621390296911
926,barabasi_albert,100,150,5,10,4.282,3.0,1.7663521732655694,"{6: 2, 9: 2, 8: 1, 7: 1, 5: 15, 4: 11, 3: 21, 1: 21, 2: 26}",-0.7042621390296911
927,barabasi_albert,100,150,5,10,4.1652,3.0,1.8973665961010275,"{6: 3, 8: 4, 5: 10, 10: 1, 4: 13, 2: 31, 3: 16, 1: 21, 7: 1}",-0.7042621390296911
928,barabasi_albert,100,150,5,10,4.1328,3.0,1.8814887722226779,"{8: 3, 6: 5, 5: 10, 10: 1, 2: 32, 4: 5, 9: 1, 3: 25, 1: 18}",-0.7042621390296911
929,barabasi_albert,100,150,5,10,4.1726,3.0,1.8220867158288598,"{5: 8, 10: 1, 8: 2, 7: 2, 9: 1, 3: 18, 4: 18, 2: 30, 1: 19, 6: 1}",-0.7042621390296911
930,barabasi_albert,100,150,5,10,4.0764,3.0,1.876166303929372,"{7: 2, 6: 4, 5: 7, 8: 3, 4: 16, 2: 28, 3: 17, 10: 1, 1: 22}",-0.7042621390296911
931,barabasi_albert,100,150,5,10,4.2422,3.0,1.6852299546352716,"{5: 15, 9: 1, 6: 4, 4: 11, 7: 2, 1: 21, 2: 25, 3: 21}",-0.7042621390296911
932,barabasi_albert,100,150,5,10,4.0638,3.0,1.9748417658131499,"{10: 1, 6: 7, 5: 6, 8: 3, 9: 1, 4: 10, 3: 17, 2: 33, 7: 1, 1: 21}",-0.7042621390296911
933,barabasi_albert,100,150,5,10,4.1962,3.0,1.876166303929372,"{6: 7, 7: 4, 9: 1, 5: 3, 4: 11, 8: 2, 3: 25, 2: 24, 1: 23}",-0.7042621390296911
934,barabasi_albert,100,150,5,10,4.1428,3.0,1.8,"{6: 9, 7: 3, 3: 19, 5: 4, 8: 2, 1: 22, 4: 14, 2: 27}",-0.7042621390296911
935,barabasi_albert,100,150,5,10,4.3892,3.0,1.7888543819998317,"{7: 2, 11: 1, 5: 3, 9: 2, 4: 15, 6: 4, 3: 26, 2: 33, 1: 14}",-0.7042621390296911
936,barabasi_albert,100,150,5,10,4.3104,3.0,1.5684387141358123,"{7: 2, 6: 1, 5: 9, 8: 1, 10: 1, 4: 16, 3: 24, 2: 35, 1: 11}",-0.7042621390296911
937,barabasi_albert,100,150,5,10,4.098,3.0,1.816590212458495,"{5: 8, 8: 2, 7: 1, 4: 13, 6: 5, 11: 1, 3: 26, 2: 22, 1: 22}",-0.7042621390296911
938,barabasi_albert,100,150,5,10,4.023,3.0,1.8601075237738274,"{6: 5, 7: 4, 10: 1, 9: 1, 5: 7, 4: 12, 3: 21, 2: 28, 1: 21}",-0.7042621390296911
939,barabasi_albert,100,150,5,10,4.063,3.0,1.8973665961010275,"{4: 8, 5: 10, 7: 5, 8: 2, 6: 3, 9: 1, 3: 21, 2: 27, 1: 23}",-0.7042621390296911
940,barabasi_albert,100,150,5,10,4.343,3.0,1.849324200890693,"{5: 7, 9: 2, 6: 5, 8: 1, 11: 1, 3: 21, 4: 12, 2: 36, 1: 15}",-0.7042621390296911
941,barabasi_albert,100,150,5,10,4.1894,3.0,1.816590212458495,"{11: 1, 4: 13, 8: 1, 7: 4, 5: 11, 2: 38, 3: 14, 1: 16, 6: 2}",-0.7042621390296911
942,barabasi_albert,100,150,5,10,4.1746,3.0,2.0248456731316584,"{7: 4, 10: 2, 6: 6, 4: 12, 3: 14, 5: 7, 8: 1, 2: 29, 1: 25}",-0.7042621390296911
943,barabasi_albert,100,150,5,10,4.137,3.0,1.9390719429665315,"{7: 5, 5: 6, 8: 3, 6: 4, 3: 19, 4: 9, 2: 32, 1: 21, 9: 1}",-0.7042621390296911
944,barabasi_albert,100,150,5,10,4.1964,3.0,1.772004514666935,"{7: 1, 6: 7, 5: 9, 9: 1, 4: 8, 8: 2, 3: 24, 1: 19, 2: 29}",-0.7042621390296911
945,barabasi_albert,100,150,5,10,4.0064,3.0,1.876166303929372,"{6: 6, 5: 3, 7: 5, 10: 1, 9: 1, 3: 23, 2: 29, 4: 12, 1: 20}",-0.7042621390296911
946,barabasi_albert,100,150,5,10,4.2364,3.0,1.9078784028338913,"{7: 2, 9: 3, 8: 2, 5: 10, 3: 25, 6: 2, 2: 29, 4: 7, 1: 20}",-0.7042621390296911
947,barabasi_albert,100,150,5,10,4.2266,3.0,1.7549928774784245,"{6: 6, 7: 4, 5: 3, 8: 1, 3: 25, 4: 14, 2: 27, 1: 19, 9: 1}",-0.7042621390296911
948,barabasi_albert,100,150,5,10,4.3034,3.0,1.7088007490635062,"{4: 16, 5: 5, 6: 9, 2: 27, 3: 18, 7: 4, 1: 21}",-0.7042621390296911
949,barabasi_albert,100,150,5,10,4.2236,3.0,1.7262676501632068,"{7: 4, 5: 14, 8: 1, 6: 4, 4: 9, 3: 17, 2: 32, 1: 19}",-0.7042621390296911
950,barabasi_albert,100,150,5,10,4.157,3.0,1.7888543819998317,"{7: 2, 5: 7, 6: 5, 10: 2, 4: 16, 3: 18, 2: 33, 1: 17}",-0.7042621390296911
951,barabasi_albert,100,150,5,10,4.2754,3.0,1.6370705543744901,"{5: 8, 4: 18, 6: 3, 7: 1, 10: 1, 9: 1, 3: 23, 2: 30, 1: 15}",-0.7042621390296911
952,barabasi_albert,100,150,5,10,4.27,3.0,1.849324200890693,"{5: 15, 10: 1, 9: 1, 4: 10, 7: 4, 3: 17, 1: 21, 2: 30, 6: 1}",-0.7042621390296911
953,barabasi_albert,100,150,5,10,4.1722,3.0,1.944222209522358,"{5: 5, 7: 3, 9: 1, 10: 1, 11: 1, 2: 24, 4: 13, 6: 4, 3: 26, 1: 22}",-0.7042621390296911
954,barabasi_albert,100,150,5,10,4.189,3.0,1.8814887722226779,"{5: 9, 12: 2, 4: 13, 8: 1, 3: 28, 1: 16, 2: 29, 7: 1, 6: 1}",-0.7042621390296911
955,barabasi_albert,100,150,5,10,4.1212,3.0,1.8275666882497066,"{5: 7, 6: 6, 8: 2, 9: 2, 3: 28, 2: 26, 1: 20, 4: 8, 7: 1}",-0.7042621390296911
956,barabasi_albert,100,150,5,10,4.2998,3.0,1.833030277982336,"{4: 14, 11: 1, 9: 1, 5: 9, 7: 2, 6: 5, 2: 29, 3: 19, 1: 20}",-0.7042621390296911
957,barabasi_albert,100,150,5,10,4.0522,3.0,2.130727575266252,"{8: 5, 5: 2, 13: 1, 7: 1, 2: 28, 4: 13, 9: 1, 3: 22, 6: 4, 1: 23}",-0.7042621390296911
958,barabasi_albert,100,150,5,10,4.2958,3.0,1.8110770276274832,"{6: 6, 8: 3, 7: 2, 2: 18, 5: 8, 4: 13, 1: 26, 3: 24}",-0.7042621390296911
959,barabasi_albert,100,150,5,10,4.236,3.0,1.697056274847714,"{5: 3, 8: 3, 6: 9, 7: 1, 3: 22, 4: 12, 2: 36, 1: 14}",-0.7042621390296911
960,barabasi_albert,100,150,5,10,4.2566,3.0,1.6613247725836149,"{6: 6, 7: 2, 8: 2, 5: 7, 3: 28, 4: 12, 2: 24, 1: 19}",-0.7042621390296911
961,barabasi_albert,100,150,5,10,4.5514,3.0,1.7262676501632068,"{5: 12, 7: 4, 8: 2, 6: 1, 3: 17, 4: 16, 2: 27, 1: 21}",-0.7042621390296911
962,barabasi_albert,100,150,5,10,4.141,3.0,1.8384776310850235,"{8: 2, 7: 4, 5: 5, 6: 4, 3: 21, 4: 16, 9: 1, 2: 24, 1: 23}",-0.7042621390296911
963,barabasi_albert,100,150,5,10,4.3592,3.0,1.6309506430300091,"{5: 12, 7: 4, 4: 17, 8: 1, 6: 1, 2: 27, 3: 19, 1: 19}",-0.7042621390296911
964,barabasi_albert,100,150,5,10,4.2386,3.0,1.624807680927192,"{4: 15, 5: 8, 6: 5, 7: 3, 8: 1, 3: 23, 2: 27, 1: 18}",-0.7042621390296911
965,barabasi_albert,100,150,5,10,4.2832,3.0,1.6673332000533065,"{7: 1, 5: 10, 6: 5, 9: 1, 4: 16, 3: 17, 2: 32, 8: 1, 1: 17}",-0.7042621390296911
966,barabasi_albert,100,150,5,10,4.2074,3.0,1.7204650534085253,"{6: 5, 5: 4, 7: 5, 9: 1, 4: 16, 3: 23, 2: 27, 1: 19}",-0.7042621390296911
967,barabasi_albert,100,150,5,10,4.304,3.0,1.6552945357246849,"{5: 10, 9: 1, 6: 2, 8: 2, 4: 16, 3: 24, 7: 1, 1: 18, 2: 26}",-0.7042621390296911
968,barabasi_albert,100,150,5,10,4.1156,3.0,1.7888543819998317,"{6: 3, 8: 1, 10: 1, 5: 5, 3: 23, 7: 5, 2: 28, 4: 15, 1: 19}",-0.7042621390296911
969,barabasi_albert,100,150,5,10,4.0324,3.0,2.0542638584174138,"{9: 2, 6: 4, 4: 12, 10: 2, 1: 20, 8: 1, 11: 1, 2: 27, 3: 29, 5: 2}",-0.7042621390296911
970,barabasi_albert,100,150,5,10,4.189,3.0,1.8384776310850235,"{7: 1, 4: 15, 6: 6, 5: 7, 11: 1, 3: 20, 1: 21, 8: 2, 2: 27}",-0.7042621390296911
971,barabasi_albert,100,150,5,10,4.2614,3.0,1.8275666882497066,"{5: 5, 9: 1, 8: 2, 6: 4, 4: 16, 7: 4, 2: 28, 3: 19, 1: 21}",-0.7042621390296911
972,barabasi_albert,100,150,5,10,4.2266,3.0,1.760681686165901,"{5: 10, 7: 4, 1: 19, 4: 18, 2: 30, 11: 1, 6: 2, 3: 16}",-0.7042621390296911
973,barabasi_albert,100,150,5,10,4.0886,3.0,1.8973665961010275,"{5: 9, 6: 4, 8: 2, 7: 5, 9: 1, 2: 31, 1: 21, 3: 20, 4: 7}",-0.7042621390296911
974,barabasi_albert,100,150,5,10,4.1982,3.0,1.816590212458495,"{5: 8, 7: 2, 8: 1, 12: 1, 4: 17, 6: 4, 2: 27, 1: 20, 3: 20}",-0.7042621390296911
975,barabasi_albert,100,150,5,10,4.206,3.0,1.760681686165901,"{7: 5, 4: 12, 5: 9, 6: 5, 8: 1, 3: 19, 2: 28, 1: 21}",-0.7042621390296911
976,barabasi_albert,100,150,5,10,4.0534,3.0,1.9748417658131499,"{6: 6, 5: 8, 8: 2, 11: 1, 4: 12, 1: 26, 9: 1, 3: 21, 7: 1, 2: 22}",-0.7042621390296911
977,barabasi_albert,100,150,5,10,4.0962,3.0,1.9949937343260002,"{9: 1, 4: 7, 5: 7, 8: 4, 7: 3, 3: 19, 6: 6, 2: 29, 1: 24}",-0.7042621390296911
978,barabasi_albert,100,150,5,10,4.0952,3.0,1.833030277982336,"{10: 3, 8: 2, 6: 2, 4: 17, 2: 28, 3: 29, 1: 16, 5: 3}",-0.7042621390296911
979,barabasi_albert,100,150,5,10,4.3288,3.0,1.6613247725836149,"{10: 1, 8: 2, 5: 11, 6: 3, 2: 29, 4: 13, 3: 25, 1: 16}",-0.7042621390296911
980,barabasi_albert,100,150,5,10,4.181,3.0,1.7776388834631178,"{8: 1, 7: 2, 5: 8, 9: 2, 6: 3, 4: 20, 3: 13, 2: 32, 1: 19}",-0.7042621390296911
981,barabasi_albert,100,150,5,10,4.0938,3.0,1.9287301521985911,"{8: 2, 4: 11, 7: 3, 5: 7, 10: 1, 3: 20, 6: 4, 2: 30, 9: 1, 1: 21}",-0.7042621390296911
982,barabasi_albert,100,150,5,10,4.019,3.0,2.130727575266252,"{11: 1, 6: 4, 9: 2, 12: 1, 5: 12, 3: 17, 4: 14, 1: 30, 2: 19}",-0.7042621390296911
983,barabasi_albert,100,150,5,10,4.123,3.0,1.9595917942265424,"{5: 8, 6: 3, 9: 2, 7: 4, 4: 14, 8: 2, 3: 14, 1: 24, 2: 29}",-0.7042621390296911
984,barabasi_albert,100,150,5,10,4.1972,3.0,1.760681686165901,"{4: 8, 7: 7, 6: 5, 3: 28, 5: 8, 1: 23, 2: 21}",-0.7042621390296911
985,barabasi_albert,100,150,5,10,4.0644,3.0,1.944222209522358,"{11: 1, 6: 7, 5: 7, 4: 11, 8: 3, 1: 24, 3: 21, 2: 25, 7: 1}",-0.7042621390296911
986,barabasi_albert,100,150,5,10,4.2428,3.0,1.7776388834631178,"{7: 5, 9: 1, 4: 12, 3: 20, 5: 8, 1: 18, 8: 1, 2: 32, 6: 3}",-0.7042621390296911
987,barabasi_albert,100,150,5,10,4.171,3.0,1.9493588689617927,"{8: 4, 9: 1, 6: 1, 3: 18, 2: 29, 4: 10, 7: 4, 5: 10, 1: 23}",-0.7042621390296911
988,barabasi_albert,100,150,5,10,4.0844,3.0,1.9183326093250879,"{4: 12, 6: 7, 9: 1, 5: 8, 11: 1, 3: 21, 2: 24, 8: 1, 7: 1, 1: 24}",-0.7042621390296911
989,barabasi_albert,100,150,5,10,4.0838,3.0,1.7888543819998317,"{7: 3, 5: 11, 6: 5, 4: 10, 11: 1, 3: 24, 2: 25, 1: 21}",-0.7042621390296911
990,barabasi_albert,100,150,5,10,4.1962,3.0,1.8275666882497066,"{7: 4, 8: 1, 3: 18, 2: 31, 6: 8, 5: 3, 4: 14, 9: 1, 1: 20}",-0.7042621390296911
991,barabasi_albert,100,150,5,10,4.008,3.0,1.944222209522358,"{6: 4, 7: 3, 10: 1, 4: 6, 5: 6, 3: 30, 1: 20, 9: 3, 2: 27}",-0.7042621390296911
992,barabasi_albert,100,150,5,10,4.0482,3.0,2.0,"{9: 1, 6: 6, 10: 1, 7: 2, 5: 9, 2: 21, 8: 2, 4: 10, 3: 20, 1: 28}",-0.7042621390296911
993,barabasi_albert,100,150,5,10,4.1972,3.0,1.876166303929372,"{8: 5, 5: 6, 7: 2, 6: 5, 4: 10, 1: 23, 3: 25, 2: 24}",-0.7042621390296911
994,barabasi_albert,100,150,5,10,4.2264,3.0,1.6733200530681511,"{5: 6, 7: 5, 6: 2, 3: 33, 9: 1, 4: 9, 2: 28, 1: 15, 8: 1}",-0.7042621390296911
995,barabasi_albert,100,150,5,10,4.154,3.0,1.794435844492636,"{6: 7, 7: 4, 2: 31, 5: 6, 4: 7, 8: 1, 9: 1, 3: 25, 1: 18}",-0.7042621390296911
996,barabasi_albert,100,150,5,10,4.2572,3.0,1.8814887722226779,"{5: 10, 9: 1, 6: 3, 8: 1, 4: 16, 2: 25, 12: 1, 7: 1, 3: 20, 1: 22}",-0.7042621390296911
997,barabasi_albert,100,150,5,10,4.1334,3.0,1.8,"{8: 2, 7: 2, 6: 3, 11: 1, 2: 29, 3: 25, 4: 10, 5: 10, 1: 18}",-0.7042621390296911
998,barabasi_albert,100,150,5,10,4.3922,3.0,1.7204650534085253,"{10: 1, 7: 2, 8: 1, 5: 9, 6: 5, 3: 27, 4: 10, 2: 27, 1: 18}",-0.7042621390296911
999,barabasi_albert,100,150,5,10,4.2348,3.0,1.8220867158288598,"{8: 1, 9: 1, 4: 10, 7: 2, 6: 6, 3: 25, 10: 1, 2: 30, 5: 6, 1: 18}",-0.7042621390296911
1000,barabasi_albert,100,150,5,10,4.0568,3.0,2.004993765576342,"{6: 5, 4: 12, 7: 3, 11: 1, 5: 8, 9: 2, 2: 21, 3: 21, 1: 27}",-0.7042621390296911
