graph_id,model,n_nodes,m0,m,w,average_degree_of_separation,mean_degree_of_connection,standard_deviation_of_degrees_of_connection,degree_distribution,pearson_correlation_mean_separation_vs_degree_stdev
1,barabasi_albert,100,5,2,100,3.316,4.0,2.4413111231467406,"{10: 1, 12: 3, 9: 3, 4: 13, 7: 9, 6: 6, 8: 1, 5: 6, 3: 22, 2: 36}",-0.7870583029069778
2,barabasi_albert,100,5,2,100,3.3306,4.0,2.4,"{13: 1, 12: 1, 7: 8, 10: 2, 6: 7, 5: 6, 9: 2, 11: 1, 4: 14, 2: 32, 3: 26}",-0.7870583029069778
3,barabasi_albert,100,5,2,100,3.3728,4.0,2.2891046284519194,"{8: 6, 6: 8, 11: 1, 12: 1, 10: 2, 7: 4, 5: 12, 4: 11, 2: 36, 3: 19}",-0.7870583029069778
4,barabasi_albert,100,5,2,100,3.3198,4.0,2.4413111231467406,"{9: 4, 13: 2, 10: 1, 6: 4, 7: 7, 4: 16, 5: 7, 8: 3, 3: 20, 2: 36}",-0.7870583029069778
5,barabasi_albert,100,5,2,100,3.3326,4.0,2.4738633753705965,"{6: 9, 14: 2, 10: 1, 13: 1, 7: 3, 9: 2, 3: 16, 4: 11, 5: 18, 2: 37}",-0.7870583029069778
6,barabasi_albert,100,5,2,100,3.3532,4.0,2.2494443758403984,"{9: 3, 8: 5, 13: 1, 5: 11, 11: 1, 6: 9, 4: 17, 3: 16, 7: 2, 2: 35}",-0.7870583029069778
7,barabasi_albert,100,5,2,100,3.2384,4.0,2.6608269391300143,"{8: 2, 14: 1, 13: 1, 11: 1, 10: 3, 12: 1, 3: 23, 9: 2, 7: 4, 5: 5, 6: 4, 4: 17, 2: 36}",-0.7870583029069778
8,barabasi_albert,100,5,2,100,3.3366,4.0,2.253885533916929,"{9: 3, 8: 4, 11: 2, 7: 5, 10: 1, 6: 7, 4: 15, 5: 8, 3: 22, 2: 33}",-0.7870583029069778
9,barabasi_albert,100,5,2,100,3.2746,4.0,2.584569596664017,"{16: 1, 9: 2, 14: 1, 11: 1, 10: 1, 6: 6, 7: 8, 4: 13, 3: 20, 5: 9, 8: 1, 2: 37}",-0.7870583029069778
10,barabasi_albert,100,5,2,100,3.2236,4.0,2.7676705006196096,"{9: 2, 17: 1, 16: 1, 12: 1, 10: 2, 7: 4, 4: 14, 3: 23, 5: 8, 8: 2, 6: 6, 2: 36}",-0.7870583029069778
11,barabasi_albert,100,5,2,100,3.3262,4.0,2.262741699796952,"{7: 4, 9: 3, 8: 5, 13: 1, 12: 1, 5: 16, 4: 12, 6: 3, 3: 24, 2: 31}",-0.7870583029069778
12,barabasi_albert,100,5,2,100,3.3202,4.0,2.349468024894146,"{10: 1, 11: 1, 9: 5, 12: 1, 6: 8, 8: 4, 7: 2, 3: 22, 5: 6, 4: 16, 2: 34}",-0.7870583029069778
13,barabasi_albert,100,5,2,100,3.2682,4.0,2.6267851073127395,"{12: 3, 9: 3, 14: 2, 6: 8, 5: 13, 7: 2, 4: 8, 3: 28, 2: 33}",-0.7870583029069778
14,barabasi_albert,100,5,2,100,3.267,4.0,2.5099800796022267,"{11: 2, 10: 2, 9: 5, 8: 5, 12: 1, 3: 27, 5: 7, 4: 13, 6: 3, 2: 34, 7: 1}",-0.7870583029069778
15,barabasi_albert,100,5,2,100,3.3734,4.0,2.353720459187964,"{9: 4, 10: 3, 13: 1, 6: 7, 11: 1, 3: 23, 7: 1, 5: 12, 4: 15, 8: 1, 2: 32}",-0.7870583029069778
16,barabasi_albert,100,5,2,100,3.3722,4.0,2.4083189157584592,"{9: 2, 12: 1, 11: 2, 7: 5, 13: 1, 4: 12, 6: 6, 8: 3, 3: 23, 5: 11, 2: 34}",-0.7870583029069778
17,barabasi_albert,100,5,2,100,3.302,4.0,2.4041630560342617,"{11: 2, 9: 4, 8: 3, 14: 1, 7: 6, 5: 9, 6: 4, 3: 29, 4: 11, 2: 31}",-0.7870583029069778
18,barabasi_albert,100,5,2,100,3.3572,4.0,2.258317958127243,"{12: 1, 9: 2, 7: 5, 8: 5, 11: 1, 10: 1, 4: 10, 5: 5, 6: 9, 3: 33, 2: 28}",-0.7870583029069778
19,barabasi_albert,100,5,2,100,3.2486,4.0,2.5573423705088842,"{13: 3, 7: 4, 11: 1, 3: 20, 6: 6, 4: 16, 9: 1, 5: 9, 10: 2, 2: 36, 8: 2}",-0.7870583029069778
20,barabasi_albert,100,5,2,100,3.3022,4.0,2.5258661880630178,"{12: 2, 8: 3, 14: 1, 13: 1, 6: 7, 7: 4, 5: 9, 4: 18, 11: 1, 3: 19, 2: 35}",-0.7870583029069778
21,barabasi_albert,100,5,2,100,3.2386,4.0,2.6381811916545836,"{10: 1, 16: 1, 7: 6, 12: 2, 8: 2, 6: 5, 3: 22, 5: 8, 9: 4, 2: 38, 4: 11}",-0.7870583029069778
22,barabasi_albert,100,5,2,100,3.3292,4.0,2.3151673805580453,"{12: 2, 9: 5, 7: 1, 10: 1, 5: 12, 8: 3, 3: 26, 4: 12, 6: 7, 2: 31}",-0.7870583029069778
23,barabasi_albert,100,5,2,100,3.3216,4.0,2.420743687382041,"{14: 1, 10: 2, 6: 8, 9: 1, 13: 1, 5: 13, 7: 2, 4: 13, 12: 1, 8: 2, 3: 25, 2: 31}",-0.7870583029069778
24,barabasi_albert,100,5,2,100,3.3272,4.0,2.445403852127497,"{9: 3, 10: 3, 13: 1, 8: 3, 11: 1, 7: 4, 4: 16, 6: 7, 5: 6, 3: 19, 2: 37}",-0.7870583029069778
25,barabasi_albert,100,5,2,100,3.3142,4.0,2.4083189157584592,"{11: 2, 12: 2, 13: 1, 7: 4, 5: 10, 4: 16, 6: 7, 8: 3, 2: 32, 3: 23}",-0.7870583029069778
26,barabasi_albert,100,5,2,100,3.3058,4.0,2.4331050121192876,"{11: 2, 13: 2, 8: 1, 7: 7, 3: 20, 5: 11, 6: 7, 9: 2, 4: 12, 2: 36}",-0.7870583029069778
27,barabasi_albert,100,5,2,100,3.3286,4.0,2.4331050121192876,"{11: 1, 10: 2, 8: 5, 13: 1, 5: 11, 9: 2, 7: 5, 6: 6, 4: 13, 2: 42, 3: 12}",-0.7870583029069778
28,barabasi_albert,100,5,2,100,3.3658,4.0,2.3366642891095846,"{10: 2, 14: 1, 9: 3, 8: 6, 4: 16, 6: 7, 2: 34, 5: 10, 3: 20, 7: 1}",-0.7870583029069778
29,barabasi_albert,100,5,2,100,3.3998,4.0,2.1023796041628637,"{10: 2, 7: 5, 8: 5, 11: 1, 6: 7, 5: 15, 4: 17, 3: 13, 2: 35}",-0.7870583029069778
30,barabasi_albert,100,5,2,100,3.334,4.0,2.2759613353482084,"{11: 3, 8: 2, 10: 2, 9: 2, 7: 3, 5: 12, 6: 7, 4: 15, 2: 32, 3: 22}",-0.7870583029069778
31,barabasi_albert,100,5,2,100,3.2774,4.0,2.615339366124404,"{12: 1, 15: 1, 10: 1, 14: 2, 8: 3, 6: 2, 4: 21, 7: 3, 5: 10, 3: 25, 9: 1, 2: 30}",-0.7870583029069778
32,barabasi_albert,100,5,2,100,3.4112,4.0,2.2494443758403984,"{7: 7, 9: 6, 12: 1, 5: 12, 6: 6, 4: 12, 3: 21, 10: 1, 2: 34}",-0.7870583029069778
33,barabasi_albert,100,5,2,100,3.2882,4.0,2.734958866235469,"{12: 1, 14: 1, 11: 1, 17: 1, 10: 1, 5: 10, 6: 5, 8: 4, 7: 4, 3: 19, 9: 1, 4: 13, 2: 39}",-0.7870583029069778
34,barabasi_albert,100,5,2,100,3.305,4.0,2.4657656011875906,"{8: 2, 13: 2, 12: 1, 10: 2, 6: 4, 3: 28, 7: 8, 4: 11, 9: 1, 5: 9, 2: 32}",-0.7870583029069778
35,barabasi_albert,100,5,2,100,3.2682,4.0,2.493992782667985,"{8: 4, 11: 1, 10: 3, 15: 1, 9: 2, 7: 3, 6: 7, 4: 15, 3: 19, 5: 8, 2: 37}",-0.7870583029069778
36,barabasi_albert,100,5,2,100,3.3444,4.0,2.23606797749979,"{10: 2, 7: 4, 8: 5, 9: 3, 6: 6, 11: 1, 4: 14, 5: 10, 3: 22, 2: 33}",-0.7870583029069778
37,barabasi_albert,100,5,2,100,3.4016,4.0,2.1118712081942874,"{8: 7, 7: 6, 11: 1, 10: 1, 6: 8, 5: 11, 4: 13, 3: 20, 2: 33}",-0.7870583029069778
38,barabasi_albert,100,5,2,100,3.4144,4.0,2.227105745132009,"{8: 6, 10: 2, 13: 1, 7: 4, 4: 11, 6: 4, 5: 17, 3: 21, 2: 33, 9: 1}",-0.7870583029069778
39,barabasi_albert,100,5,2,100,3.2542,4.0,2.4617067250182343,"{7: 5, 10: 1, 15: 1, 9: 3, 6: 8, 12: 1, 8: 3, 3: 17, 5: 12, 4: 10, 2: 39}",-0.7870583029069778
40,barabasi_albert,100,5,2,100,3.3816,4.0,2.3151673805580453,"{10: 2, 9: 3, 12: 2, 6: 7, 5: 10, 8: 2, 4: 17, 7: 4, 3: 19, 2: 34}",-0.7870583029069778
41,barabasi_albert,100,5,2,100,3.2674,4.0,2.5059928172283334,"{11: 3, 14: 1, 9: 2, 12: 1, 6: 8, 8: 3, 4: 16, 7: 2, 3: 21, 5: 8, 2: 35}",-0.7870583029069778
42,barabasi_albert,100,5,2,100,3.2944,4.0,2.2847319317591723,"{9: 3, 8: 5, 13: 1, 5: 9, 7: 5, 4: 13, 11: 1, 2: 33, 6: 7, 3: 23}",-0.7870583029069778
43,barabasi_albert,100,5,2,100,3.305,4.0,2.3366642891095846,"{9: 2, 7: 4, 11: 2, 14: 1, 10: 1, 6: 9, 4: 17, 8: 2, 5: 8, 2: 32, 3: 22}",-0.7870583029069778
44,barabasi_albert,100,5,2,100,3.2362,4.0,2.6343879744638983,"{13: 1, 14: 1, 7: 7, 8: 2, 9: 4, 4: 14, 11: 1, 10: 2, 3: 21, 2: 39, 6: 4, 5: 4}",-0.7870583029069778
45,barabasi_albert,100,5,2,100,3.2912,4.0,2.340939982143925,"{10: 3, 11: 1, 7: 3, 9: 2, 6: 2, 8: 5, 12: 1, 4: 23, 2: 34, 5: 9, 3: 17}",-0.7870583029069778
46,barabasi_albert,100,5,2,100,3.3646,4.0,2.349468024894146,"{8: 4, 12: 2, 7: 4, 9: 1, 6: 8, 10: 1, 13: 1, 3: 22, 4: 22, 5: 4, 2: 31}",-0.7870583029069778
47,barabasi_albert,100,5,2,100,3.272,4.0,2.5806975801127883,"{17: 1, 9: 4, 7: 4, 13: 1, 8: 2, 11: 1, 5: 12, 6: 5, 3: 15, 4: 17, 2: 38}",-0.7870583029069778
48,barabasi_albert,100,5,2,100,3.3254,4.0,2.5059928172283334,"{10: 2, 16: 1, 11: 1, 9: 3, 5: 16, 12: 1, 8: 2, 6: 3, 3: 19, 7: 1, 4: 17, 2: 34}",-0.7870583029069778
49,barabasi_albert,100,5,2,100,3.2106,4.0,2.705549851693737,"{8: 3, 10: 1, 17: 1, 9: 3, 11: 2, 12: 1, 6: 7, 5: 7, 2: 41, 3: 16, 4: 15, 7: 3}",-0.7870583029069778
50,barabasi_albert,100,5,2,100,3.34,4.0,2.553429066960741,"{9: 1, 12: 3, 15: 1, 10: 1, 7: 5, 6: 8, 5: 8, 4: 12, 2: 34, 8: 2, 3: 25}",-0.7870583029069778
51,barabasi_albert,100,5,2,100,3.3266,4.0,2.2891046284519194,"{6: 7, 8: 3, 10: 4, 9: 1, 13: 1, 7: 4, 5: 11, 3: 23, 4: 14, 2: 32}",-0.7870583029069778
52,barabasi_albert,100,5,2,100,3.3034,4.0,2.4859605789312105,"{10: 3, 14: 1, 12: 1, 5: 9, 8: 4, 6: 7, 7: 3, 9: 2, 4: 13, 3: 20, 2: 37}",-0.7870583029069778
53,barabasi_albert,100,5,2,100,3.3186,4.0,2.4331050121192876,"{8: 4, 9: 3, 14: 2, 10: 1, 4: 16, 6: 6, 7: 4, 5: 7, 3: 26, 2: 31}",-0.7870583029069778
54,barabasi_albert,100,5,2,100,3.2682,4.0,2.615339366124404,"{14: 1, 11: 1, 8: 2, 7: 5, 15: 1, 9: 1, 5: 11, 6: 6, 10: 1, 3: 28, 4: 9, 13: 1, 2: 33}",-0.7870583029069778
55,barabasi_albert,100,5,2,100,3.3364,4.0,2.328089345364563,"{10: 6, 11: 1, 8: 3, 7: 3, 4: 20, 6: 5, 3: 22, 5: 7, 9: 1, 2: 32}",-0.7870583029069778
56,barabasi_albert,100,5,2,100,3.3216,4.0,2.4413111231467406,"{9: 2, 8: 4, 11: 1, 7: 2, 13: 1, 6: 9, 16: 1, 5: 8, 4: 16, 3: 26, 2: 30}",-0.7870583029069778
57,barabasi_albert,100,5,2,100,3.3444,4.0,2.340939982143925,"{11: 3, 7: 2, 12: 1, 10: 1, 8: 3, 4: 14, 9: 2, 5: 16, 3: 21, 6: 4, 2: 33}",-0.7870583029069778
58,barabasi_albert,100,5,2,100,3.2874,4.0,2.4819347291981715,"{10: 2, 13: 1, 6: 5, 7: 7, 5: 9, 8: 5, 4: 8, 12: 1, 9: 2, 3: 21, 2: 39}",-0.7870583029069778
59,barabasi_albert,100,5,2,100,3.325,4.0,2.345207879911715,"{8: 4, 11: 2, 12: 2, 9: 3, 4: 19, 5: 11, 2: 30, 6: 3, 7: 2, 3: 24}",-0.7870583029069778
60,barabasi_albert,100,5,2,100,3.3086,4.0,2.4248711305964283,"{11: 2, 13: 1, 8: 5, 12: 1, 7: 5, 10: 1, 6: 6, 4: 15, 3: 26, 5: 6, 2: 32}",-0.7870583029069778
61,barabasi_albert,100,5,2,100,3.3092,4.0,2.3579652245103193,"{11: 1, 6: 11, 12: 1, 9: 1, 13: 1, 8: 2, 10: 2, 3: 25, 5: 9, 7: 3, 4: 12, 2: 32}",-0.7870583029069778
62,barabasi_albert,100,5,2,100,3.2784,4.0,2.4617067250182343,"{8: 4, 11: 2, 12: 1, 9: 2, 13: 1, 5: 11, 6: 5, 7: 5, 4: 16, 2: 40, 3: 13}",-0.7870583029069778
63,barabasi_albert,100,5,2,100,3.3342,4.0,2.453568829277059,"{11: 1, 10: 2, 13: 1, 12: 1, 8: 6, 6: 6, 7: 3, 4: 11, 9: 1, 3: 29, 5: 7, 2: 32}",-0.7870583029069778
64,barabasi_albert,100,5,2,100,3.2346,4.0,2.6720778431774774,"{11: 3, 15: 1, 12: 2, 7: 7, 6: 4, 5: 10, 3: 17, 4: 14, 10: 1, 2: 40, 8: 1}",-0.7870583029069778
65,barabasi_albert,100,5,2,100,3.3822,4.0,2.3194827009486403,"{9: 2, 14: 1, 11: 2, 5: 12, 6: 5, 8: 5, 7: 3, 4: 18, 2: 33, 3: 19}",-0.7870583029069778
66,barabasi_albert,100,5,2,100,3.2888,4.0,2.3790754506740637,"{9: 4, 12: 1, 10: 3, 6: 4, 8: 2, 3: 19, 5: 16, 11: 1, 4: 12, 7: 2, 2: 36}",-0.7870583029069778
67,barabasi_albert,100,5,2,100,3.3262,4.0,2.3366642891095846,"{11: 1, 8: 3, 7: 2, 13: 1, 9: 2, 6: 10, 5: 10, 12: 1, 4: 12, 10: 1, 2: 31, 3: 26}",-0.7870583029069778
68,barabasi_albert,100,5,2,100,3.3592,4.0,2.349468024894146,"{9: 3, 11: 1, 10: 4, 6: 7, 8: 4, 7: 3, 4: 12, 5: 7, 3: 26, 2: 33}",-0.7870583029069778
69,barabasi_albert,100,5,2,100,3.3424,4.0,2.453568829277059,"{9: 4, 10: 1, 12: 1, 15: 1, 6: 7, 8: 3, 5: 9, 7: 4, 3: 24, 4: 12, 2: 34}",-0.7870583029069778
70,barabasi_albert,100,5,2,100,3.2826,4.0,2.3748684174075834,"{10: 2, 13: 1, 7: 3, 9: 1, 8: 5, 11: 2, 3: 21, 5: 8, 4: 19, 6: 5, 2: 33}",-0.7870583029069778
71,barabasi_albert,100,5,2,100,3.355,4.0,2.222611077089287,"{9: 2, 8: 2, 10: 2, 14: 1, 6: 11, 5: 11, 7: 4, 3: 21, 2: 32, 4: 14}",-0.7870583029069778
72,barabasi_albert,100,5,2,100,3.2826,4.0,2.5179356624028344,"{9: 5, 8: 3, 16: 1, 6: 8, 13: 1, 7: 4, 4: 15, 5: 6, 2: 35, 3: 22}",-0.7870583029069778
73,barabasi_albert,100,5,2,100,3.3146,4.0,2.345207879911715,"{11: 2, 5: 11, 12: 2, 9: 1, 8: 1, 4: 16, 7: 7, 10: 1, 6: 5, 3: 21, 2: 33}",-0.7870583029069778
74,barabasi_albert,100,5,2,100,3.3362,4.0,2.4819347291981715,"{8: 4, 12: 1, 14: 1, 13: 1, 11: 1, 9: 2, 6: 8, 3: 21, 4: 16, 5: 10, 2: 34, 7: 1}",-0.7870583029069778
75,barabasi_albert,100,5,2,100,3.2536,4.0,2.6608269391300143,"{12: 1, 10: 2, 5: 8, 13: 1, 17: 1, 8: 3, 6: 7, 9: 1, 11: 1, 2: 32, 7: 1, 3: 27, 4: 15}",-0.7870583029069778
76,barabasi_albert,100,5,2,100,3.2644,4.0,2.592296279363144,"{12: 1, 8: 3, 10: 1, 14: 1, 13: 2, 9: 2, 3: 21, 6: 9, 4: 18, 5: 6, 2: 35, 7: 1}",-0.7870583029069778
77,barabasi_albert,100,5,2,100,3.3894,4.0,2.293468988235943,"{7: 6, 15: 1, 9: 1, 10: 3, 6: 7, 5: 11, 8: 2, 4: 15, 3: 23, 2: 31}",-0.7870583029069778
78,barabasi_albert,100,5,2,100,3.3584,4.0,2.222611077089287,"{6: 9, 11: 1, 12: 1, 7: 5, 9: 5, 5: 10, 8: 1, 4: 12, 3: 25, 2: 31}",-0.7870583029069778
79,barabasi_albert,100,5,2,100,3.2164,4.0,2.7202941017470885,"{9: 4, 18: 1, 10: 2, 4: 14, 14: 1, 7: 4, 6: 6, 8: 2, 5: 8, 3: 20, 2: 38}",-0.7870583029069778
80,barabasi_albert,100,5,2,100,3.3716,4.0,2.3790754506740637,"{15: 1, 9: 4, 13: 1, 8: 3, 7: 3, 5: 11, 6: 7, 3: 22, 4: 16, 2: 32}",-0.7870583029069778
81,barabasi_albert,100,5,2,100,3.309,4.0,2.3832750575625967,"{11: 3, 7: 6, 15: 1, 8: 3, 4: 15, 2: 33, 6: 9, 3: 22, 5: 8}",-0.7870583029069778
82,barabasi_albert,100,5,2,100,3.3888,4.0,2.2181073012818833,"{13: 1, 8: 3, 9: 2, 7: 7, 6: 7, 4: 14, 12: 1, 5: 11, 3: 23, 2: 31}",-0.7870583029069778
83,barabasi_albert,100,5,2,100,3.2918,4.0,2.5768197453450252,"{16: 1, 9: 3, 12: 2, 5: 9, 10: 1, 6: 7, 11: 1, 8: 2, 4: 15, 3: 26, 2: 32, 7: 1}",-0.7870583029069778
84,barabasi_albert,100,5,2,100,3.3498,4.0,2.3958297101421877,"{14: 1, 7: 5, 11: 4, 5: 12, 10: 1, 8: 1, 4: 18, 6: 5, 3: 21, 2: 32}",-0.7870583029069778
85,barabasi_albert,100,5,2,100,3.368,4.0,2.227105745132009,"{13: 1, 10: 2, 9: 1, 7: 4, 5: 8, 11: 1, 8: 3, 6: 9, 3: 25, 4: 17, 2: 29}",-0.7870583029069778
86,barabasi_albert,100,5,2,100,3.4158,4.0,2.1447610589527217,"{8: 2, 9: 1, 11: 3, 6: 13, 5: 9, 7: 5, 4: 16, 3: 18, 2: 33}",-0.7870583029069778
87,barabasi_albert,100,5,2,100,3.3674,4.0,2.3579652245103193,"{6: 8, 10: 1, 12: 1, 11: 1, 13: 1, 8: 3, 5: 13, 4: 11, 9: 1, 3: 19, 7: 5, 2: 36}",-0.7870583029069778
88,barabasi_albert,100,5,2,100,3.2688,4.0,2.5573423705088842,"{13: 1, 11: 1, 12: 2, 9: 3, 5: 5, 6: 7, 4: 16, 8: 6, 2: 39, 3: 18, 7: 2}",-0.7870583029069778
89,barabasi_albert,100,5,2,100,3.3156,4.0,2.4166091947189146,"{11: 2, 10: 2, 8: 3, 14: 1, 7: 5, 5: 9, 6: 11, 3: 20, 4: 10, 2: 37}",-0.7870583029069778
90,barabasi_albert,100,5,2,100,3.3136,4.0,2.4738633753705965,"{9: 4, 10: 1, 12: 2, 7: 3, 11: 1, 8: 4, 3: 15, 6: 6, 5: 9, 4: 15, 2: 40}",-0.7870583029069778
91,barabasi_albert,100,5,2,100,3.2568,4.0,2.4166091947189146,"{10: 1, 9: 6, 12: 1, 8: 3, 11: 1, 7: 4, 3: 19, 6: 5, 5: 10, 4: 12, 2: 38}",-0.7870583029069778
92,barabasi_albert,100,5,2,100,3.377,4.0,2.4,"{8: 3, 10: 4, 9: 3, 6: 6, 2: 35, 4: 16, 5: 8, 3: 21, 11: 2, 7: 2}",-0.7870583029069778
93,barabasi_albert,100,5,2,100,3.2204,4.0,2.8600699292150185,"{18: 1, 14: 1, 12: 2, 10: 2, 11: 1, 6: 6, 3: 27, 9: 1, 7: 4, 4: 14, 5: 5, 8: 1, 2: 35}",-0.7870583029069778
94,barabasi_albert,100,5,2,100,3.2178,4.0,2.592296279363144,"{9: 1, 15: 1, 14: 2, 11: 1, 6: 6, 7: 7, 5: 11, 4: 15, 8: 1, 3: 19, 2: 36}",-0.7870583029069778
95,barabasi_albert,100,5,2,100,3.352,4.0,2.32379000772445,"{7: 6, 13: 2, 8: 4, 11: 1, 10: 1, 6: 7, 4: 19, 5: 5, 3: 26, 2: 29}",-0.7870583029069778
96,barabasi_albert,100,5,2,100,3.3392,4.0,2.4124676163629637,"{12: 1, 15: 1, 9: 2, 8: 4, 6: 10, 5: 8, 11: 1, 4: 16, 7: 3, 2: 35, 3: 19}",-0.7870583029069778
97,barabasi_albert,100,5,2,100,3.2728,4.0,2.513961017995307,"{17: 1, 9: 2, 14: 1, 11: 1, 8: 3, 7: 4, 5: 11, 4: 19, 6: 5, 3: 21, 2: 32}",-0.7870583029069778
98,barabasi_albert,100,5,2,100,3.295,4.0,2.453568829277059,"{12: 3, 10: 2, 8: 3, 11: 1, 6: 5, 5: 10, 9: 1, 7: 3, 4: 18, 3: 19, 2: 35}",-0.7870583029069778
99,barabasi_albert,100,5,2,100,3.286,4.0,2.6343879744638983,"{13: 1, 12: 2, 11: 3, 6: 6, 9: 2, 8: 2, 7: 3, 3: 25, 10: 1, 4: 16, 5: 4, 2: 35}",-0.7870583029069778
100,barabasi_albert,100,5,2,100,3.244,4.0,2.5768197453450252,"{7: 4, 8: 5, 10: 1, 12: 2, 9: 3, 15: 1, 6: 5, 4: 13, 2: 34, 3: 27, 5: 5}",-0.7870583029069778
101,barabasi_albert,100,5,2,100,3.317,4.0,2.262741699796952,"{11: 1, 7: 6, 10: 4, 9: 1, 8: 3, 6: 6, 5: 9, 4: 19, 3: 15, 2: 36}",-0.7870583029069778
102,barabasi_albert,100,5,2,100,3.2584,4.0,2.5298221281347035,"{9: 2, 14: 1, 6: 8, 15: 1, 13: 1, 3: 27, 7: 7, 4: 13, 8: 2, 2: 32, 5: 6}",-0.7870583029069778
103,barabasi_albert,100,5,2,100,3.3194,4.0,2.3874672772626644,"{9: 3, 12: 2, 8: 2, 10: 3, 7: 3, 6: 8, 4: 16, 5: 8, 3: 20, 2: 35}",-0.7870583029069778
104,barabasi_albert,100,5,2,100,3.2644,4.0,2.569046515733026,"{7: 5, 9: 2, 14: 1, 16: 1, 6: 13, 3: 21, 4: 15, 10: 1, 11: 1, 8: 1, 5: 3, 2: 36}",-0.7870583029069778
105,barabasi_albert,100,5,2,100,3.3636,4.0,2.4166091947189146,"{10: 2, 14: 1, 12: 2, 6: 10, 8: 2, 4: 16, 5: 8, 7: 5, 3: 19, 2: 35}",-0.7870583029069778
106,barabasi_albert,100,5,2,100,3.3068,4.0,2.293468988235943,"{9: 3, 10: 3, 4: 9, 7: 3, 12: 1, 6: 11, 5: 7, 8: 3, 2: 31, 3: 29}",-0.7870583029069778
107,barabasi_albert,100,5,2,100,3.3058,4.0,2.592296279363144,"{10: 2, 11: 2, 15: 1, 14: 1, 7: 5, 4: 18, 5: 10, 6: 6, 8: 2, 2: 39, 3: 14}",-0.7870583029069778
108,barabasi_albert,100,5,2,100,3.3688,4.0,2.3151673805580453,"{9: 1, 12: 1, 11: 3, 8: 6, 7: 3, 3: 26, 4: 17, 5: 7, 6: 6, 2: 30}",-0.7870583029069778
109,barabasi_albert,100,5,2,100,3.219,4.0,2.727636339397171,"{8: 1, 10: 3, 17: 1, 13: 2, 5: 14, 9: 1, 6: 5, 4: 19, 11: 1, 3: 12, 2: 40, 7: 1}",-0.7870583029069778
110,barabasi_albert,100,5,2,100,3.3034,4.0,2.4166091947189146,"{9: 7, 6: 8, 16: 1, 3: 22, 10: 1, 8: 1, 7: 2, 4: 16, 5: 9, 2: 33}",-0.7870583029069778
111,barabasi_albert,100,5,2,100,3.3138,4.0,2.328089345364563,"{13: 1, 10: 3, 11: 1, 9: 1, 5: 12, 4: 14, 6: 10, 7: 2, 8: 3, 2: 36, 3: 17}",-0.7870583029069778
112,barabasi_albert,100,5,2,100,3.3428,4.0,2.3622023622035435,"{13: 1, 7: 4, 11: 1, 14: 1, 9: 2, 10: 1, 8: 2, 4: 19, 6: 4, 3: 21, 5: 13, 2: 31}",-0.7870583029069778
113,barabasi_albert,100,5,2,100,3.3994,4.0,2.130727575266252,"{9: 2, 8: 5, 11: 1, 6: 4, 10: 2, 5: 8, 4: 20, 7: 5, 3: 26, 2: 27}",-0.7870583029069778
114,barabasi_albert,100,5,2,100,3.3198,4.0,2.3323807579381204,"{9: 2, 5: 8, 13: 1, 6: 9, 14: 1, 8: 3, 10: 1, 7: 4, 4: 18, 3: 21, 2: 32}",-0.7870583029069778
115,barabasi_albert,100,5,2,100,3.3412,4.0,2.3664319132398464,"{14: 1, 12: 1, 10: 1, 6: 12, 11: 1, 7: 6, 5: 9, 3: 23, 8: 1, 9: 1, 2: 34, 4: 10}",-0.7870583029069778
116,barabasi_albert,100,5,2,100,3.2582,4.0,2.5495097567963922,"{11: 3, 14: 1, 12: 1, 9: 2, 6: 9, 4: 11, 2: 37, 8: 3, 5: 8, 3: 22, 7: 3}",-0.7870583029069778
117,barabasi_albert,100,5,2,100,3.3734,4.0,2.3323807579381204,"{11: 2, 10: 3, 9: 4, 6: 6, 7: 3, 5: 14, 4: 9, 3: 25, 8: 1, 2: 33}",-0.7870583029069778
118,barabasi_albert,100,5,2,100,3.2702,4.0,2.5019992006393608,"{11: 2, 8: 4, 15: 1, 13: 1, 7: 3, 5: 11, 9: 2, 3: 26, 6: 5, 4: 13, 2: 32}",-0.7870583029069778
119,barabasi_albert,100,5,2,100,3.3438,4.0,2.3916521486202797,"{9: 3, 6: 8, 13: 1, 10: 2, 8: 4, 7: 7, 4: 10, 5: 8, 3: 17, 2: 40}",-0.7870583029069778
120,barabasi_albert,100,5,2,100,3.2144,4.0,2.5019992006393608,"{11: 2, 10: 1, 13: 1, 14: 1, 8: 3, 6: 8, 9: 1, 3: 25, 5: 9, 4: 11, 7: 4, 2: 34}",-0.7870583029069778
121,barabasi_albert,100,5,2,100,3.3224,4.0,2.3622023622035435,"{10: 1, 9: 2, 12: 2, 8: 2, 14: 1, 5: 15, 6: 8, 7: 2, 3: 27, 4: 10, 2: 30}",-0.7870583029069778
122,barabasi_albert,100,5,2,100,3.3342,4.0,2.3366642891095846,"{11: 1, 10: 2, 9: 2, 6: 8, 12: 1, 8: 3, 7: 7, 3: 25, 4: 10, 5: 7, 2: 34}",-0.7870583029069778
123,barabasi_albert,100,5,2,100,3.306,4.0,2.3579652245103193,"{7: 4, 8: 7, 11: 3, 13: 1, 6: 5, 3: 24, 4: 16, 5: 8, 2: 32}",-0.7870583029069778
124,barabasi_albert,100,5,2,100,3.2882,4.0,2.493992782667985,"{13: 1, 10: 1, 9: 1, 7: 7, 12: 1, 14: 1, 6: 5, 8: 4, 5: 7, 3: 22, 4: 15, 2: 35}",-0.7870583029069778
125,barabasi_albert,100,5,2,100,3.3104,4.0,2.4899799195977463,"{16: 1, 9: 3, 11: 2, 10: 1, 5: 7, 7: 5, 6: 12, 4: 13, 3: 19, 2: 37}",-0.7870583029069778
126,barabasi_albert,100,5,2,100,3.2442,4.0,2.619160170741759,"{11: 3, 7: 5, 14: 1, 6: 8, 5: 7, 4: 14, 13: 1, 12: 1, 3: 21, 8: 1, 9: 1, 2: 37}",-0.7870583029069778
127,barabasi_albert,100,5,2,100,3.287,4.0,2.420743687382041,"{11: 1, 9: 3, 8: 4, 10: 2, 14: 1, 3: 19, 4: 16, 7: 3, 6: 7, 5: 8, 2: 36}",-0.7870583029069778
128,barabasi_albert,100,5,2,100,3.3292,4.0,2.1540659228538015,"{8: 4, 5: 10, 7: 7, 12: 1, 10: 1, 11: 1, 6: 8, 3: 22, 4: 15, 2: 31}",-0.7870583029069778
129,barabasi_albert,100,5,2,100,3.366,4.0,2.3021728866442674,"{10: 3, 7: 4, 11: 2, 8: 3, 6: 6, 4: 16, 9: 2, 2: 34, 5: 10, 3: 20}",-0.7870583029069778
130,barabasi_albert,100,5,2,100,3.272,4.0,2.5573423705088842,"{7: 4, 15: 1, 12: 2, 10: 1, 6: 5, 13: 1, 9: 1, 8: 3, 3: 30, 4: 13, 5: 9, 2: 30}",-0.7870583029069778
131,barabasi_albert,100,5,2,100,3.31,4.0,2.349468024894146,"{13: 1, 10: 2, 8: 3, 11: 2, 7: 4, 6: 7, 5: 9, 9: 1, 4: 18, 3: 19, 2: 34}",-0.7870583029069778
132,barabasi_albert,100,5,2,100,3.364,4.0,2.23606797749979,"{7: 4, 11: 2, 8: 5, 13: 1, 6: 6, 4: 18, 9: 1, 5: 11, 3: 21, 2: 31}",-0.7870583029069778
133,barabasi_albert,100,5,2,100,3.3644,4.0,2.2671568097509267,"{11: 3, 9: 2, 8: 3, 13: 1, 5: 15, 4: 14, 6: 8, 3: 25, 2: 29}",-0.7870583029069778
134,barabasi_albert,100,5,2,100,3.3808,4.0,2.340939982143925,"{15: 1, 10: 2, 14: 1, 8: 2, 6: 11, 7: 3, 4: 15, 3: 25, 5: 11, 2: 29}",-0.7870583029069778
135,barabasi_albert,100,5,2,100,3.1982,4.0,2.8600699292150185,"{11: 3, 15: 1, 16: 1, 9: 5, 8: 3, 7: 2, 6: 5, 5: 7, 4: 11, 2: 42, 3: 20}",-0.7870583029069778
136,barabasi_albert,100,5,2,100,3.3904,4.0,2.3958297101421877,"{16: 1, 11: 1, 10: 2, 9: 1, 8: 4, 7: 4, 4: 14, 3: 25, 5: 11, 6: 6, 2: 31}",-0.7870583029069778
137,barabasi_albert,100,5,2,100,3.3192,4.0,2.3323807579381204,"{9: 3, 11: 2, 12: 1, 8: 3, 6: 4, 7: 4, 5: 14, 4: 13, 10: 1, 3: 21, 2: 34}",-0.7870583029069778
138,barabasi_albert,100,5,2,100,3.3462,4.0,2.4331050121192876,"{11: 4, 12: 1, 5: 9, 6: 7, 8: 3, 7: 4, 9: 2, 4: 11, 2: 34, 3: 25}",-0.7870583029069778
139,barabasi_albert,100,5,2,100,3.3248,4.0,2.445403852127497,"{8: 1, 11: 1, 13: 2, 10: 2, 6: 8, 7: 5, 4: 15, 9: 2, 3: 19, 5: 9, 2: 36}",-0.7870583029069778
140,barabasi_albert,100,5,2,100,3.3054,4.0,2.4083189157584592,"{8: 5, 7: 2, 16: 1, 3: 27, 10: 1, 9: 3, 11: 1, 5: 11, 2: 30, 4: 14, 6: 5}",-0.7870583029069778
141,barabasi_albert,100,5,2,100,3.3068,4.0,2.4083189157584592,"{13: 1, 9: 4, 10: 2, 7: 4, 3: 23, 5: 8, 12: 1, 6: 4, 4: 17, 8: 3, 2: 33}",-0.7870583029069778
142,barabasi_albert,100,5,2,100,3.3126,4.0,2.340939982143925,"{13: 2, 8: 3, 10: 2, 12: 1, 5: 14, 7: 3, 6: 5, 4: 16, 3: 25, 2: 29}",-0.7870583029069778
143,barabasi_albert,100,5,2,100,3.2678,4.0,2.541653005427767,"{12: 1, 8: 3, 10: 4, 13: 1, 11: 1, 9: 1, 5: 15, 6: 8, 2: 40, 3: 19, 4: 6, 7: 1}",-0.7870583029069778
144,barabasi_albert,100,5,2,100,3.2944,4.0,2.5495097567963922,"{12: 1, 14: 2, 9: 3, 7: 3, 10: 2, 8: 1, 6: 5, 4: 12, 5: 14, 3: 22, 2: 35}",-0.7870583029069778
145,barabasi_albert,100,5,2,100,3.2928,4.0,2.6076809620810595,"{11: 3, 8: 1, 15: 1, 10: 2, 6: 5, 7: 3, 13: 1, 5: 9, 3: 18, 9: 1, 4: 20, 2: 36}",-0.7870583029069778
146,barabasi_albert,100,5,2,100,3.2396,4.0,2.6608269391300143,"{9: 3, 11: 1, 15: 2, 6: 2, 12: 1, 5: 11, 7: 2, 3: 25, 4: 16, 8: 3, 10: 1, 2: 33}",-0.7870583029069778
147,barabasi_albert,100,5,2,100,3.3208,4.0,2.4166091947189146,"{10: 2, 11: 1, 8: 6, 14: 1, 7: 4, 6: 7, 4: 14, 5: 9, 9: 1, 3: 17, 2: 38}",-0.7870583029069778
148,barabasi_albert,100,5,2,100,3.406,4.0,2.262741699796952,"{9: 2, 8: 5, 10: 2, 7: 4, 13: 1, 6: 8, 5: 7, 4: 19, 3: 18, 2: 34}",-0.7870583029069778
149,barabasi_albert,100,5,2,100,3.2604,4.0,2.445403852127497,"{11: 2, 10: 3, 12: 1, 8: 2, 6: 8, 9: 2, 7: 4, 4: 11, 5: 9, 2: 37, 3: 21}",-0.7870583029069778
150,barabasi_albert,100,5,2,100,3.3968,4.0,2.23159136044214,"{10: 2, 9: 2, 11: 2, 6: 8, 5: 12, 4: 15, 8: 4, 7: 2, 3: 20, 2: 33}",-0.7870583029069778
151,barabasi_albert,100,5,2,100,3.3306,4.0,2.4083189157584592,"{7: 8, 10: 2, 14: 1, 11: 2, 8: 1, 5: 5, 9: 2, 4: 14, 6: 5, 3: 31, 2: 29}",-0.7870583029069778
152,barabasi_albert,100,5,2,100,3.298,4.0,2.4041630560342617,"{8: 3, 11: 1, 15: 1, 9: 3, 6: 9, 10: 2, 4: 17, 5: 10, 7: 1, 3: 18, 2: 35}",-0.7870583029069778
153,barabasi_albert,100,5,2,100,3.2808,4.0,2.4657656011875906,"{12: 2, 13: 1, 6: 7, 9: 2, 10: 2, 5: 6, 4: 20, 7: 3, 3: 23, 2: 32, 11: 1, 8: 1}",-0.7870583029069778
154,barabasi_albert,100,5,2,100,3.237,4.0,2.6907248094147422,"{9: 1, 12: 1, 8: 3, 16: 2, 7: 6, 6: 7, 5: 8, 4: 15, 10: 1, 3: 17, 2: 39}",-0.7870583029069778
155,barabasi_albert,100,5,2,100,3.3554,4.0,2.3832750575625967,"{12: 1, 10: 4, 13: 1, 6: 7, 9: 2, 5: 8, 4: 19, 3: 22, 7: 3, 2: 32, 8: 1}",-0.7870583029069778
156,barabasi_albert,100,5,2,100,3.3368,4.0,2.3194827009486403,"{10: 5, 11: 1, 6: 6, 7: 2, 5: 12, 8: 3, 3: 21, 9: 2, 4: 14, 2: 34}",-0.7870583029069778
157,barabasi_albert,100,5,2,100,3.2852,4.0,2.5377155080899043,"{13: 2, 7: 3, 10: 3, 9: 2, 5: 7, 8: 6, 4: 15, 6: 5, 2: 39, 3: 18}",-0.7870583029069778
158,barabasi_albert,100,5,2,100,3.231,4.0,2.553429066960741,"{10: 2, 13: 1, 5: 7, 11: 3, 8: 2, 4: 14, 9: 4, 2: 35, 3: 25, 7: 4, 6: 3}",-0.7870583029069778
159,barabasi_albert,100,5,2,100,3.3048,4.0,2.5099800796022267,"{14: 2, 12: 2, 9: 2, 6: 9, 4: 22, 5: 9, 7: 2, 10: 1, 3: 17, 2: 34}",-0.7870583029069778
160,barabasi_albert,100,5,2,100,3.2858,4.0,2.3874672772626644,"{11: 2, 10: 2, 12: 1, 13: 1, 5: 11, 6: 5, 8: 3, 3: 21, 2: 32, 7: 3, 4: 19}",-0.7870583029069778
161,barabasi_albert,100,5,2,100,3.3048,4.0,2.4,"{12: 1, 13: 1, 9: 1, 10: 4, 8: 2, 5: 8, 6: 9, 7: 3, 4: 17, 3: 19, 2: 35}",-0.7870583029069778
162,barabasi_albert,100,5,2,100,3.2594,4.0,2.5377155080899043,"{11: 3, 9: 1, 13: 2, 7: 4, 6: 5, 2: 33, 10: 2, 5: 9, 4: 15, 3: 25, 8: 1}",-0.7870583029069778
163,barabasi_albert,100,5,2,100,3.3216,4.0,2.5495097567963922,"{16: 1, 12: 1, 5: 16, 10: 2, 14: 1, 7: 3, 6: 4, 9: 1, 8: 2, 4: 14, 2: 33, 3: 22}",-0.7870583029069778
164,barabasi_albert,100,5,2,100,3.3096,4.0,2.453568829277059,"{14: 1, 10: 3, 11: 1, 9: 2, 8: 4, 6: 6, 7: 4, 3: 23, 5: 8, 4: 13, 2: 35}",-0.7870583029069778
165,barabasi_albert,100,5,2,100,3.2692,4.0,2.493992782667985,"{10: 2, 15: 1, 9: 3, 13: 1, 6: 8, 5: 9, 4: 18, 7: 3, 3: 20, 11: 1, 2: 34}",-0.7870583029069778
166,barabasi_albert,100,5,2,100,3.266,4.0,2.545584412271571,"{13: 1, 12: 3, 5: 8, 6: 8, 8: 3, 10: 1, 9: 3, 4: 16, 7: 1, 3: 19, 2: 37}",-0.7870583029069778
167,barabasi_albert,100,5,2,100,3.2758,4.0,2.4041630560342617,"{9: 4, 10: 2, 11: 2, 6: 7, 12: 1, 7: 3, 5: 12, 4: 9, 3: 25, 8: 1, 2: 34}",-0.7870583029069778
168,barabasi_albert,100,5,2,100,3.278,4.0,2.4041630560342617,"{11: 3, 10: 3, 9: 2, 6: 7, 7: 5, 4: 6, 8: 1, 5: 14, 2: 37, 3: 22}",-0.7870583029069778
169,barabasi_albert,100,5,2,100,3.3248,4.0,2.2978250586152114,"{8: 5, 7: 5, 9: 4, 13: 1, 6: 11, 3: 18, 5: 8, 4: 10, 2: 38}",-0.7870583029069778
170,barabasi_albert,100,5,2,100,3.252,4.0,2.6381811916545836,"{7: 9, 14: 1, 13: 2, 10: 3, 6: 4, 9: 1, 5: 10, 8: 1, 2: 39, 3: 22, 4: 8}",-0.7870583029069778
171,barabasi_albert,100,5,2,100,3.4108,4.0,2.2671568097509267,"{9: 1, 10: 2, 11: 1, 14: 1, 7: 4, 6: 6, 5: 6, 8: 4, 4: 24, 3: 22, 2: 29}",-0.7870583029069778
172,barabasi_albert,100,5,2,100,3.3684,4.0,2.3622023622035435,"{12: 1, 11: 3, 10: 1, 9: 2, 5: 12, 6: 9, 8: 2, 4: 16, 7: 2, 3: 15, 2: 37}",-0.7870583029069778
173,barabasi_albert,100,5,2,100,3.403,4.0,2.1587033144922905,"{9: 2, 8: 3, 13: 1, 10: 1, 7: 7, 5: 10, 4: 15, 6: 8, 3: 22, 2: 31}",-0.7870583029069778
174,barabasi_albert,100,5,2,100,3.3282,4.0,2.4124676163629637,"{11: 2, 8: 5, 10: 2, 9: 2, 6: 4, 4: 14, 7: 3, 5: 11, 3: 20, 2: 36, 12: 1}",-0.7870583029069778
175,barabasi_albert,100,5,2,100,3.2974,4.0,2.3832750575625967,"{10: 2, 9: 4, 12: 1, 8: 7, 7: 3, 6: 6, 3: 21, 4: 16, 5: 4, 2: 36}",-0.7870583029069778
176,barabasi_albert,100,5,2,100,3.3082,4.0,2.3832750575625967,"{11: 3, 8: 5, 14: 1, 9: 1, 5: 11, 4: 11, 6: 5, 7: 4, 3: 29, 2: 30}",-0.7870583029069778
177,barabasi_albert,100,5,2,100,3.3178,4.0,2.3366642891095846,"{8: 3, 7: 3, 15: 1, 9: 3, 11: 1, 10: 1, 6: 9, 4: 18, 5: 7, 3: 23, 2: 31}",-0.7870583029069778
178,barabasi_albert,100,5,2,100,3.3872,4.0,2.2759613353482084,"{10: 2, 13: 1, 7: 6, 9: 3, 5: 7, 6: 12, 4: 17, 3: 13, 8: 1, 2: 38}",-0.7870583029069778
179,barabasi_albert,100,5,2,100,3.323,4.0,2.23159136044214,"{6: 11, 12: 1, 9: 1, 10: 2, 8: 5, 7: 5, 5: 8, 3: 20, 4: 12, 2: 35}",-0.7870583029069778
180,barabasi_albert,100,5,2,100,3.3238,4.0,2.3916521486202797,"{12: 1, 9: 3, 11: 2, 10: 2, 8: 3, 6: 6, 3: 24, 4: 10, 5: 13, 7: 2, 2: 34}",-0.7870583029069778
181,barabasi_albert,100,5,2,100,3.3022,4.0,2.1633307652783933,"{8: 6, 7: 4, 6: 11, 10: 1, 11: 1, 4: 8, 5: 8, 9: 2, 3: 29, 2: 30}",-0.7870583029069778
182,barabasi_albert,100,5,2,100,3.384,4.0,2.2759613353482084,"{7: 9, 13: 1, 9: 4, 11: 1, 4: 13, 6: 5, 5: 12, 8: 1, 3: 19, 2: 35}",-0.7870583029069778
183,barabasi_albert,100,5,2,100,3.3928,4.0,2.3021728866442674,"{12: 3, 9: 1, 11: 1, 7: 5, 6: 9, 5: 14, 4: 12, 8: 1, 2: 33, 3: 21}",-0.7870583029069778
184,barabasi_albert,100,5,2,100,3.311,4.0,2.493992782667985,"{14: 1, 7: 2, 12: 1, 10: 2, 8: 5, 3: 26, 11: 1, 9: 2, 5: 7, 6: 6, 4: 14, 2: 33}",-0.7870583029069778
185,barabasi_albert,100,5,2,100,3.3774,4.0,2.3916521486202797,"{11: 2, 10: 1, 14: 1, 9: 2, 8: 1, 7: 9, 6: 6, 4: 16, 5: 7, 2: 35, 3: 20}",-0.7870583029069778
186,barabasi_albert,100,5,2,100,3.359,4.0,2.477902338672773,"{10: 4, 15: 1, 8: 2, 4: 16, 11: 2, 9: 2, 6: 5, 3: 32, 5: 9, 2: 27}",-0.7870583029069778
187,barabasi_albert,100,5,2,100,3.3082,4.0,2.3790754506740637,"{10: 2, 7: 5, 13: 1, 11: 2, 9: 1, 6: 10, 4: 15, 5: 3, 8: 3, 2: 32, 3: 26}",-0.7870583029069778
188,barabasi_albert,100,5,2,100,3.331,4.0,2.262741699796952,"{9: 2, 12: 1, 8: 5, 11: 1, 7: 6, 5: 8, 3: 15, 4: 22, 10: 1, 6: 4, 2: 35}",-0.7870583029069778
189,barabasi_albert,100,5,2,100,3.3166,4.0,2.3706539182259396,"{9: 4, 11: 2, 8: 3, 10: 2, 7: 5, 5: 7, 3: 24, 2: 35, 6: 7, 4: 11}",-0.7870583029069778
190,barabasi_albert,100,5,2,100,3.3106,4.0,2.4413111231467406,"{8: 5, 13: 2, 11: 1, 10: 2, 6: 12, 3: 22, 4: 9, 5: 10, 7: 1, 2: 36}",-0.7870583029069778
191,barabasi_albert,100,5,2,100,3.2674,4.0,2.4657656011875906,"{9: 4, 8: 2, 12: 1, 7: 7, 14: 1, 11: 1, 6: 6, 4: 10, 5: 9, 3: 23, 2: 36}",-0.7870583029069778
192,barabasi_albert,100,5,2,100,3.3404,4.0,2.3874672772626644,"{7: 3, 9: 3, 12: 3, 10: 1, 6: 10, 8: 1, 5: 15, 4: 9, 3: 17, 2: 38}",-0.7870583029069778
193,barabasi_albert,100,5,2,100,3.3158,4.0,2.4083189157584592,"{9: 2, 14: 1, 10: 1, 12: 2, 8: 2, 6: 7, 4: 21, 7: 5, 5: 7, 2: 34, 3: 18}",-0.7870583029069778
194,barabasi_albert,100,5,2,100,3.3592,4.0,2.449489742783178,"{8: 5, 13: 1, 12: 2, 10: 1, 4: 16, 7: 1, 6: 7, 9: 1, 5: 9, 2: 33, 3: 23, 11: 1}",-0.7870583029069778
195,barabasi_albert,100,5,2,100,3.3394,4.0,2.2978250586152114,"{12: 2, 11: 1, 9: 2, 8: 5, 7: 4, 5: 10, 3: 23, 6: 6, 4: 15, 2: 32}",-0.7870583029069778
196,barabasi_albert,100,5,2,100,3.1928,4.0,2.7892651361962706,"{9: 1, 11: 2, 13: 2, 16: 1, 10: 1, 6: 6, 8: 5, 5: 5, 7: 3, 3: 25, 4: 11, 2: 38}",-0.7870583029069778
197,barabasi_albert,100,5,2,100,3.2976,4.0,2.5729360660537215,"{13: 1, 10: 3, 17: 1, 9: 2, 7: 3, 3: 20, 4: 13, 6: 9, 8: 1, 5: 11, 2: 36}",-0.7870583029069778
198,barabasi_albert,100,5,2,100,3.3176,4.0,2.4576411454889016,"{13: 1, 9: 3, 12: 2, 5: 11, 10: 2, 11: 1, 3: 29, 7: 3, 6: 4, 4: 15, 2: 29}",-0.7870583029069778
199,barabasi_albert,100,5,2,100,3.3152,4.0,2.4248711305964283,"{13: 2, 10: 4, 7: 3, 5: 11, 8: 2, 4: 13, 6: 11, 3: 16, 2: 38}",-0.7870583029069778
200,barabasi_albert,100,5,2,100,3.3006,4.0,2.4899799195977463,"{9: 2, 14: 1, 11: 2, 10: 1, 12: 1, 8: 1, 6: 6, 7: 6, 5: 11, 3: 19, 4: 13, 2: 37}",-0.7870583029069778
201,barabasi_albert,100,5,2,100,3.3254,4.0,2.553429066960741,"{20: 1, 8: 5, 4: 22, 12: 1, 10: 1, 5: 10, 9: 1, 7: 1, 6: 7, 2: 31, 3: 20}",-0.7870583029069778
202,barabasi_albert,100,5,2,100,3.3138,4.0,2.445403852127497,"{9: 4, 15: 1, 11: 2, 8: 3, 7: 5, 5: 8, 6: 5, 3: 22, 4: 16, 2: 34}",-0.7870583029069778
203,barabasi_albert,100,5,2,100,3.3842,4.0,2.445403852127497,"{7: 6, 13: 2, 8: 2, 12: 1, 6: 9, 10: 2, 4: 8, 5: 12, 2: 36, 3: 22}",-0.7870583029069778
204,barabasi_albert,100,5,2,100,3.3404,4.0,2.493992782667985,"{11: 2, 12: 2, 16: 1, 8: 3, 3: 31, 5: 4, 4: 21, 7: 5, 6: 5, 2: 26}",-0.7870583029069778
205,barabasi_albert,100,5,2,100,3.2956,4.0,2.584569596664017,"{11: 1, 8: 3, 7: 3, 14: 1, 10: 4, 3: 22, 9: 1, 6: 7, 4: 10, 12: 1, 5: 9, 2: 38}",-0.7870583029069778
206,barabasi_albert,100,5,2,100,3.4138,4.0,2.2847319317591723,"{10: 1, 15: 1, 11: 1, 8: 3, 7: 4, 4: 14, 3: 28, 5: 10, 9: 2, 6: 8, 2: 28}",-0.7870583029069778
207,barabasi_albert,100,5,2,100,3.3324,4.0,2.4698178070456938,"{9: 4, 6: 13, 11: 1, 18: 1, 7: 5, 4: 10, 3: 23, 5: 9, 2: 34}",-0.7870583029069778
208,barabasi_albert,100,5,2,100,3.271,4.0,2.6038433132583076,"{15: 1, 7: 5, 11: 2, 6: 3, 8: 5, 9: 1, 3: 22, 5: 10, 4: 12, 2: 37, 13: 1, 10: 1}",-0.7870583029069778
209,barabasi_albert,100,5,2,100,3.3392,4.0,2.349468024894146,"{7: 3, 12: 1, 13: 1, 8: 3, 11: 2, 9: 2, 5: 15, 6: 5, 4: 12, 3: 25, 2: 31}",-0.7870583029069778
210,barabasi_albert,100,5,2,100,3.371,4.0,2.3664319132398464,"{10: 3, 9: 2, 11: 2, 13: 1, 4: 17, 6: 6, 7: 2, 8: 2, 5: 8, 2: 28, 3: 29}",-0.7870583029069778
211,barabasi_albert,100,5,2,100,3.2832,4.0,2.4738633753705965,"{5: 12, 10: 1, 12: 2, 11: 2, 7: 5, 9: 4, 4: 13, 6: 3, 8: 1, 3: 21, 2: 36}",-0.7870583029069778
212,barabasi_albert,100,5,2,100,3.3794,4.0,2.2759613353482084,"{8: 3, 11: 1, 10: 1, 15: 1, 9: 1, 6: 8, 7: 6, 4: 13, 5: 10, 3: 27, 2: 29}",-0.7870583029069778
213,barabasi_albert,100,5,2,100,3.2914,4.0,2.4413111231467406,"{13: 1, 7: 4, 9: 2, 11: 2, 10: 3, 8: 2, 6: 7, 3: 25, 5: 6, 4: 15, 2: 33}",-0.7870583029069778
214,barabasi_albert,100,5,2,100,3.3024,4.0,2.4979991993593593,"{15: 1, 9: 4, 14: 1, 7: 3, 11: 1, 4: 16, 5: 12, 8: 2, 3: 19, 6: 6, 2: 35}",-0.7870583029069778
215,barabasi_albert,100,5,2,100,3.2484,4.0,2.734958866235469,"{8: 2, 11: 3, 9: 1, 21: 1, 5: 13, 7: 2, 12: 1, 4: 16, 6: 4, 3: 28, 2: 29}",-0.7870583029069778
216,barabasi_albert,100,5,2,100,3.348,4.0,2.3622023622035435,"{11: 1, 6: 6, 12: 2, 13: 1, 4: 15, 2: 29, 8: 6, 5: 9, 7: 3, 3: 28}",-0.7870583029069778
217,barabasi_albert,100,5,2,100,3.2866,4.0,2.6038433132583076,"{13: 1, 10: 1, 11: 2, 16: 1, 6: 9, 8: 3, 4: 14, 7: 5, 9: 1, 5: 3, 3: 26, 2: 34}",-0.7870583029069778
218,barabasi_albert,100,5,2,100,3.3308,4.0,2.2847319317591723,"{11: 1, 10: 2, 8: 5, 12: 1, 9: 3, 5: 17, 7: 1, 6: 2, 3: 24, 4: 13, 2: 31}",-0.7870583029069778
219,barabasi_albert,100,5,2,100,3.3306,4.0,2.353720459187964,"{10: 3, 7: 2, 6: 6, 12: 1, 8: 5, 9: 4, 5: 7, 4: 12, 3: 29, 2: 31}",-0.7870583029069778
220,barabasi_albert,100,5,2,100,3.3726,4.0,2.3366642891095846,"{9: 3, 11: 2, 10: 3, 7: 2, 5: 10, 6: 11, 8: 2, 4: 8, 2: 34, 3: 25}",-0.7870583029069778
221,barabasi_albert,100,5,2,100,3.2934,4.0,2.4,"{11: 1, 13: 2, 9: 3, 10: 1, 7: 3, 8: 1, 6: 10, 5: 11, 4: 13, 3: 20, 2: 35}",-0.7870583029069778
222,barabasi_albert,100,5,2,100,3.3362,4.0,2.244994432064365,"{8: 6, 10: 3, 9: 3, 7: 4, 5: 10, 4: 15, 6: 5, 3: 19, 2: 35}",-0.7870583029069778
223,barabasi_albert,100,5,2,100,3.36,4.0,2.4576411454889016,"{10: 1, 11: 1, 13: 1, 9: 1, 12: 2, 8: 2, 4: 13, 7: 6, 5: 9, 6: 7, 3: 22, 2: 35}",-0.7870583029069778
224,barabasi_albert,100,5,2,100,3.3758,4.0,2.2045407685048604,"{12: 2, 10: 1, 9: 2, 8: 2, 7: 8, 4: 19, 5: 10, 3: 22, 6: 4, 2: 30}",-0.7870583029069778
225,barabasi_albert,100,5,2,100,3.2574,4.0,2.3832750575625967,"{11: 2, 7: 2, 13: 1, 6: 6, 12: 1, 4: 15, 8: 5, 9: 2, 5: 8, 3: 29, 2: 29}",-0.7870583029069778
226,barabasi_albert,100,5,2,100,3.332,4.0,2.3916521486202797,"{11: 2, 10: 1, 13: 1, 12: 1, 5: 8, 7: 4, 8: 3, 6: 6, 4: 20, 3: 20, 2: 33, 9: 1}",-0.7870583029069778
227,barabasi_albert,100,5,2,100,3.372,4.0,2.3021728866442674,"{14: 1, 10: 2, 7: 2, 9: 1, 5: 10, 8: 4, 12: 1, 4: 19, 3: 21, 6: 8, 2: 31}",-0.7870583029069778
228,barabasi_albert,100,5,2,100,3.338,4.0,2.3021728866442674,"{12: 1, 7: 5, 8: 2, 9: 1, 10: 2, 5: 11, 14: 1, 6: 8, 4: 16, 3: 21, 2: 32}",-0.7870583029069778
229,barabasi_albert,100,5,2,100,3.3488,4.0,2.3579652245103193,"{6: 7, 8: 1, 10: 5, 9: 2, 4: 15, 13: 1, 7: 3, 5: 13, 2: 36, 3: 17}",-0.7870583029069778
230,barabasi_albert,100,5,2,100,3.2908,4.0,2.3874672772626644,"{9: 1, 14: 1, 10: 3, 8: 4, 11: 1, 4: 20, 7: 5, 5: 10, 6: 3, 3: 17, 2: 35}",-0.7870583029069778
231,barabasi_albert,100,5,2,100,3.3318,4.0,2.5219040425836985,"{15: 1, 11: 1, 12: 1, 9: 1, 10: 3, 8: 4, 3: 25, 7: 2, 6: 5, 4: 14, 5: 10, 2: 33}",-0.7870583029069778
232,barabasi_albert,100,5,2,100,3.3402,4.0,2.5377155080899043,"{9: 2, 11: 4, 16: 1, 4: 18, 5: 9, 6: 5, 3: 21, 8: 2, 7: 4, 2: 34}",-0.7870583029069778
233,barabasi_albert,100,5,2,100,3.2698,4.0,2.6457513110645907,"{16: 1, 8: 3, 12: 3, 11: 1, 7: 4, 6: 7, 4: 13, 9: 1, 5: 9, 3: 21, 2: 37}",-0.7870583029069778
234,barabasi_albert,100,5,2,100,3.307,4.0,2.3874672772626644,"{9: 5, 14: 1, 13: 1, 8: 1, 5: 9, 4: 15, 6: 7, 7: 6, 3: 21, 2: 34}",-0.7870583029069778
235,barabasi_albert,100,5,2,100,3.274,4.0,2.630589287593181,"{15: 2, 13: 2, 9: 2, 5: 15, 6: 8, 7: 2, 8: 1, 4: 10, 3: 25, 2: 33}",-0.7870583029069778
236,barabasi_albert,100,5,2,100,3.336,4.0,2.3706539182259396,"{7: 2, 11: 4, 10: 2, 8: 3, 5: 12, 6: 4, 9: 2, 4: 14, 3: 26, 2: 31}",-0.7870583029069778
237,barabasi_albert,100,5,2,100,3.3032,4.0,2.5377155080899043,"{14: 1, 12: 1, 7: 4, 11: 1, 8: 4, 9: 3, 10: 2, 5: 7, 6: 3, 4: 17, 2: 36, 3: 21}",-0.7870583029069778
238,barabasi_albert,100,5,2,100,3.2862,4.0,2.4331050121192876,"{10: 4, 15: 1, 11: 1, 9: 1, 8: 3, 4: 15, 6: 4, 3: 20, 5: 15, 7: 2, 2: 34}",-0.7870583029069778
239,barabasi_albert,100,5,2,100,3.3646,4.0,2.353720459187964,"{12: 1, 11: 1, 8: 3, 13: 1, 9: 1, 7: 8, 4: 16, 10: 1, 3: 26, 6: 6, 2: 31, 5: 5}",-0.7870583029069778
240,barabasi_albert,100,5,2,100,3.3402,4.0,2.349468024894146,"{9: 1, 10: 3, 12: 2, 8: 3, 5: 9, 3: 23, 7: 7, 4: 15, 6: 4, 2: 33}",-0.7870583029069778
241,barabasi_albert,100,5,2,100,3.3542,4.0,2.280350850198276,"{8: 3, 10: 3, 9: 2, 7: 6, 12: 1, 6: 7, 2: 35, 5: 9, 4: 15, 3: 19}",-0.7870583029069778
242,barabasi_albert,100,5,2,100,3.2392,4.0,2.588435821108957,"{12: 2, 8: 2, 15: 1, 13: 1, 6: 8, 9: 2, 4: 15, 3: 28, 5: 7, 11: 1, 7: 2, 2: 31}",-0.7870583029069778
243,barabasi_albert,100,5,2,100,3.2304,4.0,2.7129319932501073,"{14: 3, 12: 2, 4: 16, 10: 1, 6: 8, 5: 11, 3: 16, 8: 3, 2: 39, 7: 1}",-0.7870583029069778
244,barabasi_albert,100,5,2,100,3.3164,4.0,2.3151673805580453,"{8: 4, 9: 3, 13: 1, 10: 2, 11: 1, 5: 10, 6: 7, 4: 16, 3: 24, 7: 1, 2: 31}",-0.7870583029069778
245,barabasi_albert,100,5,2,100,3.3204,4.0,2.3622023622035435,"{12: 1, 13: 1, 5: 7, 10: 1, 7: 3, 11: 1, 6: 9, 8: 5, 4: 14, 9: 1, 3: 25, 2: 32}",-0.7870583029069778
246,barabasi_albert,100,5,2,100,3.2878,4.0,2.4657656011875906,"{15: 1, 9: 2, 12: 2, 10: 1, 7: 8, 8: 3, 4: 17, 5: 8, 2: 29, 3: 29}",-0.7870583029069778
247,barabasi_albert,100,5,2,100,3.344,4.0,2.280350850198276,"{13: 1, 8: 2, 11: 1, 7: 8, 10: 1, 9: 3, 5: 8, 4: 14, 6: 5, 3: 27, 2: 30}",-0.7870583029069778
248,barabasi_albert,100,5,2,100,3.4032,4.0,2.222611077089287,"{11: 1, 13: 1, 10: 2, 6: 6, 9: 3, 7: 5, 5: 11, 4: 18, 3: 25, 2: 28}",-0.7870583029069778
249,barabasi_albert,100,5,2,100,3.324,4.0,2.2671568097509267,"{7: 8, 11: 2, 10: 1, 6: 6, 9: 4, 8: 1, 5: 9, 4: 15, 3: 19, 2: 35}",-0.7870583029069778
250,barabasi_albert,100,5,2,100,3.2086,4.0,2.8600699292150185,"{12: 2, 11: 1, 18: 1, 10: 2, 9: 1, 7: 2, 3: 22, 8: 3, 13: 1, 4: 15, 6: 5, 5: 7, 2: 38}",-0.7870583029069778
251,barabasi_albert,100,5,2,100,3.3082,4.0,2.4248711305964283,"{11: 3, 6: 5, 9: 3, 13: 1, 7: 5, 8: 3, 5: 8, 4: 19, 2: 37, 3: 16}",-0.7870583029069778
252,barabasi_albert,100,5,2,100,3.334,4.0,2.3916521486202797,"{8: 4, 10: 3, 12: 1, 9: 1, 13: 1, 7: 3, 4: 16, 6: 11, 2: 33, 5: 3, 3: 24}",-0.7870583029069778
253,barabasi_albert,100,5,2,100,3.37,4.0,2.4738633753705965,"{8: 2, 14: 1, 12: 1, 11: 2, 13: 1, 6: 5, 7: 5, 5: 13, 4: 19, 3: 15, 2: 36}",-0.7870583029069778
254,barabasi_albert,100,5,2,100,3.268,4.0,2.493992782667985,"{13: 1, 8: 3, 12: 2, 10: 2, 11: 1, 7: 2, 5: 12, 4: 13, 9: 2, 3: 28, 6: 3, 2: 31}",-0.7870583029069778
255,barabasi_albert,100,5,2,100,3.1972,4.0,2.6419689627245813,"{13: 2, 9: 2, 12: 1, 11: 1, 10: 1, 8: 7, 5: 8, 6: 5, 3: 23, 7: 2, 2: 39, 4: 9}",-0.7870583029069778
256,barabasi_albert,100,5,2,100,3.4174,4.0,2.1633307652783933,"{10: 1, 11: 1, 5: 9, 13: 1, 8: 3, 7: 3, 6: 8, 4: 23, 9: 2, 3: 20, 2: 29}",-0.7870583029069778
257,barabasi_albert,100,5,2,100,3.4356,4.0,2.280350850198276,"{8: 4, 9: 3, 7: 3, 13: 1, 10: 2, 4: 15, 6: 10, 5: 7, 3: 22, 2: 33}",-0.7870583029069778
258,barabasi_albert,100,5,2,100,3.2712,4.0,2.5099800796022267,"{10: 5, 9: 1, 12: 1, 13: 1, 8: 1, 5: 10, 11: 1, 7: 5, 3: 24, 4: 17, 6: 1, 2: 33}",-0.7870583029069778
259,barabasi_albert,100,5,2,100,3.3136,4.0,2.3366642891095846,"{7: 8, 8: 6, 10: 2, 13: 1, 5: 8, 6: 2, 9: 2, 4: 14, 3: 23, 2: 34}",-0.7870583029069778
260,barabasi_albert,100,5,2,100,3.2862,4.0,2.493992782667985,"{16: 1, 10: 3, 9: 1, 7: 4, 11: 2, 2: 34, 8: 2, 6: 3, 3: 19, 5: 12, 4: 19}",-0.7870583029069778
261,barabasi_albert,100,5,2,100,3.329,4.0,2.4166091947189146,"{9: 2, 8: 3, 10: 2, 12: 1, 15: 1, 6: 9, 4: 10, 3: 21, 7: 2, 5: 14, 2: 35}",-0.7870583029069778
262,barabasi_albert,100,5,2,100,3.3216,4.0,2.4899799195977463,"{7: 3, 12: 2, 8: 7, 13: 1, 10: 2, 6: 5, 4: 14, 3: 18, 5: 10, 2: 38}",-0.7870583029069778
263,barabasi_albert,100,5,2,100,3.264,4.0,2.4698178070456938,"{13: 1, 11: 1, 9: 2, 8: 4, 12: 1, 10: 2, 6: 3, 7: 6, 4: 15, 5: 6, 3: 26, 2: 33}",-0.7870583029069778
264,barabasi_albert,100,5,2,100,3.3204,4.0,2.3323807579381204,"{9: 4, 8: 3, 10: 2, 6: 10, 13: 1, 7: 4, 3: 21, 4: 14, 5: 6, 2: 35}",-0.7870583029069778
265,barabasi_albert,100,5,2,100,3.3,4.0,2.349468024894146,"{10: 2, 11: 1, 6: 8, 14: 1, 8: 4, 5: 8, 7: 5, 4: 15, 9: 1, 3: 21, 2: 34}",-0.7870583029069778
266,barabasi_albert,100,5,2,100,3.3852,4.0,2.3021728866442674,"{9: 2, 10: 1, 12: 1, 13: 1, 6: 11, 8: 1, 5: 15, 4: 13, 11: 1, 7: 2, 3: 17, 2: 35}",-0.7870583029069778
267,barabasi_albert,100,5,2,100,3.3022,4.0,2.5768197453450252,"{8: 2, 12: 2, 11: 1, 15: 1, 13: 1, 7: 4, 5: 9, 4: 18, 10: 1, 6: 5, 3: 24, 2: 32}",-0.7870583029069778
268,barabasi_albert,100,5,2,100,3.3352,4.0,2.3916521486202797,"{8: 1, 10: 3, 11: 1, 13: 1, 5: 10, 9: 5, 4: 19, 6: 2, 3: 24, 2: 31, 7: 3}",-0.7870583029069778
269,barabasi_albert,100,5,2,100,3.2836,4.0,2.6381811916545836,"{14: 1, 15: 1, 9: 3, 11: 1, 7: 8, 6: 7, 10: 2, 5: 5, 4: 12, 3: 22, 2: 38}",-0.7870583029069778
270,barabasi_albert,100,5,2,100,3.3716,4.0,2.4166091947189146,"{7: 6, 14: 3, 5: 12, 6: 7, 3: 30, 8: 3, 2: 28, 4: 11}",-0.7870583029069778
271,barabasi_albert,100,5,2,100,3.3328,4.0,2.3748684174075834,"{6: 8, 11: 2, 9: 2, 13: 2, 4: 16, 7: 4, 8: 2, 3: 26, 5: 8, 2: 30}",-0.7870583029069778
272,barabasi_albert,100,5,2,100,3.2844,4.0,2.4859605789312105,"{14: 1, 10: 3, 11: 1, 9: 5, 5: 8, 7: 5, 3: 23, 4: 14, 6: 5, 2: 35}",-0.7870583029069778
273,barabasi_albert,100,5,2,100,3.3278,4.0,2.32379000772445,"{10: 2, 7: 3, 12: 2, 8: 4, 5: 13, 6: 8, 11: 1, 4: 11, 2: 33, 3: 23}",-0.7870583029069778
274,barabasi_albert,100,5,2,100,3.3488,4.0,2.227105745132009,"{8: 4, 10: 3, 11: 1, 5: 13, 7: 7, 6: 4, 9: 1, 4: 14, 3: 18, 2: 35}",-0.7870583029069778
275,barabasi_albert,100,5,2,100,3.278,4.0,2.5099800796022267,"{5: 7, 11: 4, 10: 1, 12: 1, 9: 3, 4: 11, 7: 1, 6: 8, 8: 3, 2: 34, 3: 27}",-0.7870583029069778
276,barabasi_albert,100,5,2,100,3.3534,4.0,2.4698178070456938,"{7: 4, 15: 1, 10: 2, 11: 1, 12: 1, 5: 12, 8: 4, 2: 33, 4: 15, 3: 23, 6: 3, 9: 1}",-0.7870583029069778
277,barabasi_albert,100,5,2,100,3.2586,4.0,2.5099800796022267,"{9: 4, 15: 1, 10: 3, 8: 1, 7: 5, 4: 17, 5: 9, 11: 1, 3: 18, 6: 4, 2: 37}",-0.7870583029069778
278,barabasi_albert,100,5,2,100,3.3308,4.0,2.3323807579381204,"{7: 3, 11: 4, 10: 1, 9: 2, 8: 4, 4: 14, 6: 5, 3: 31, 5: 8, 2: 28}",-0.7870583029069778
279,barabasi_albert,100,5,2,100,3.3406,4.0,2.4738633753705965,"{15: 1, 9: 6, 8: 1, 13: 1, 7: 7, 5: 9, 3: 20, 2: 35, 6: 3, 4: 17}",-0.7870583029069778
280,barabasi_albert,100,5,2,100,3.2298,4.0,2.734958866235469,"{10: 1, 15: 1, 13: 1, 5: 6, 16: 1, 3: 20, 11: 1, 6: 10, 4: 12, 9: 1, 7: 6, 8: 1, 2: 39}",-0.7870583029069778
281,barabasi_albert,100,5,2,100,3.3204,4.0,2.3065125189341593,"{10: 4, 7: 4, 12: 1, 8: 6, 5: 5, 3: 23, 4: 16, 6: 8, 2: 33}",-0.7870583029069778
282,barabasi_albert,100,5,2,100,3.2996,4.0,2.3916521486202797,"{11: 1, 10: 2, 8: 3, 9: 4, 12: 1, 7: 7, 5: 7, 3: 29, 4: 11, 2: 32, 6: 3}",-0.7870583029069778
283,barabasi_albert,100,5,2,100,3.3062,4.0,2.445403852127497,"{7: 7, 13: 1, 11: 3, 8: 1, 5: 11, 14: 1, 2: 31, 4: 19, 9: 1, 3: 23, 6: 2}",-0.7870583029069778
284,barabasi_albert,100,5,2,100,3.3078,4.0,2.4698178070456938,"{13: 1, 14: 1, 12: 1, 7: 3, 10: 1, 8: 3, 4: 13, 6: 8, 5: 11, 9: 2, 3: 21, 2: 35}",-0.7870583029069778
285,barabasi_albert,100,5,2,100,3.297,4.0,2.4979991993593593,"{12: 1, 13: 1, 10: 3, 9: 1, 14: 1, 4: 14, 8: 2, 5: 13, 6: 8, 2: 35, 3: 20, 7: 1}",-0.7870583029069778
286,barabasi_albert,100,5,2,100,3.357,4.0,2.2045407685048604,"{9: 5, 10: 2, 6: 10, 8: 2, 11: 1, 7: 2, 5: 7, 4: 15, 3: 27, 2: 29}",-0.7870583029069778
287,barabasi_albert,100,5,2,100,3.3484,4.0,2.3108440016582685,"{11: 2, 12: 1, 10: 1, 7: 6, 5: 10, 8: 5, 6: 7, 2: 37, 3: 16, 4: 15}",-0.7870583029069778
288,barabasi_albert,100,5,2,100,3.3064,4.0,2.3151673805580453,"{10: 2, 8: 5, 11: 1, 9: 1, 13: 1, 6: 9, 7: 2, 4: 15, 5: 12, 3: 15, 2: 37}",-0.7870583029069778
289,barabasi_albert,100,5,2,100,3.31,4.0,2.3366642891095846,"{7: 5, 10: 1, 15: 1, 9: 1, 11: 1, 6: 6, 8: 5, 5: 12, 3: 22, 4: 13, 2: 33}",-0.7870583029069778
290,barabasi_albert,100,5,2,100,3.3292,4.0,2.3622023622035435,"{6: 10, 9: 3, 13: 2, 7: 5, 8: 4, 5: 9, 4: 9, 3: 23, 2: 35}",-0.7870583029069778
291,barabasi_albert,100,5,2,100,3.2994,4.0,2.293468988235943,"{9: 3, 8: 4, 10: 3, 7: 6, 4: 18, 11: 1, 6: 4, 5: 6, 3: 22, 2: 33}",-0.7870583029069778
292,barabasi_albert,100,5,2,100,3.323,4.0,2.4083189157584592,"{8: 5, 9: 3, 6: 7, 16: 1, 7: 4, 5: 9, 4: 16, 3: 19, 11: 1, 2: 35}",-0.7870583029069778
293,barabasi_albert,100,5,2,100,3.2506,4.0,2.649528259898354,"{6: 7, 10: 1, 16: 1, 8: 3, 15: 1, 11: 2, 7: 3, 5: 10, 4: 14, 3: 21, 2: 36, 9: 1}",-0.7870583029069778
294,barabasi_albert,100,5,2,100,3.3098,4.0,2.3323807579381204,"{9: 2, 12: 1, 7: 3, 11: 1, 6: 6, 10: 3, 5: 8, 4: 15, 8: 4, 3: 26, 2: 31}",-0.7870583029069778
295,barabasi_albert,100,5,2,100,3.3376,4.0,2.3832750575625967,"{10: 2, 13: 1, 9: 2, 14: 1, 8: 2, 7: 5, 6: 7, 5: 10, 3: 26, 4: 13, 2: 31}",-0.7870583029069778
296,barabasi_albert,100,5,2,100,3.3982,4.0,2.195449840010015,"{11: 2, 8: 2, 10: 2, 9: 2, 7: 4, 6: 8, 5: 14, 2: 31, 4: 11, 3: 24}",-0.7870583029069778
297,barabasi_albert,100,5,2,100,3.3836,4.0,2.2045407685048604,"{9: 4, 6: 3, 8: 6, 11: 1, 4: 12, 7: 3, 10: 1, 5: 15, 3: 23, 2: 32}",-0.7870583029069778
298,barabasi_albert,100,5,2,100,3.2732,4.0,2.4738633753705965,"{9: 2, 10: 2, 12: 3, 11: 1, 8: 3, 5: 13, 7: 3, 3: 21, 4: 17, 2: 34, 6: 1}",-0.7870583029069778
299,barabasi_albert,100,5,2,100,3.307,4.0,2.4124676163629637,"{11: 2, 8: 4, 10: 3, 13: 1, 7: 4, 5: 8, 4: 20, 2: 37, 6: 6, 3: 15}",-0.7870583029069778
300,barabasi_albert,100,5,2,100,3.2664,4.0,2.6,"{10: 1, 16: 1, 13: 1, 11: 2, 7: 8, 6: 9, 9: 1, 8: 1, 4: 10, 5: 4, 3: 28, 2: 34}",-0.7870583029069778
301,barabasi_albert,100,5,2,100,3.2814,4.0,2.493992782667985,"{12: 1, 7: 8, 13: 2, 9: 3, 11: 1, 4: 17, 8: 1, 5: 5, 3: 23, 6: 5, 2: 34}",-0.7870583029069778
302,barabasi_albert,100,5,2,100,3.3518,4.0,2.3065125189341593,"{12: 1, 11: 2, 10: 2, 5: 11, 9: 1, 8: 3, 6: 8, 4: 16, 7: 3, 3: 19, 2: 34}",-0.7870583029069778
303,barabasi_albert,100,5,2,100,3.2924,4.0,2.694438717061496,"{11: 2, 15: 1, 14: 1, 8: 4, 6: 8, 5: 9, 13: 1, 3: 27, 7: 2, 4: 9, 10: 1, 2: 35}",-0.7870583029069778
304,barabasi_albert,100,5,2,100,3.3628,4.0,2.1908902300206643,"{11: 3, 8: 2, 7: 7, 6: 11, 5: 11, 9: 1, 4: 12, 3: 18, 2: 35}",-0.7870583029069778
305,barabasi_albert,100,5,2,100,3.3384,4.0,2.3748684174075834,"{10: 3, 9: 2, 11: 1, 13: 1, 8: 1, 3: 21, 4: 17, 12: 1, 5: 14, 7: 1, 6: 6, 2: 32}",-0.7870583029069778
306,barabasi_albert,100,5,2,100,3.3244,4.0,2.349468024894146,"{8: 1, 10: 2, 9: 3, 12: 2, 6: 10, 11: 1, 3: 27, 4: 10, 5: 12, 2: 31, 7: 1}",-0.7870583029069778
307,barabasi_albert,100,5,2,100,3.2776,4.0,2.4698178070456938,"{14: 1, 8: 5, 10: 2, 7: 5, 9: 1, 4: 17, 5: 7, 12: 1, 3: 24, 11: 1, 6: 3, 2: 33}",-0.7870583029069778
308,barabasi_albert,100,5,2,100,3.3138,4.0,2.328089345364563,"{8: 4, 11: 3, 9: 2, 10: 1, 6: 6, 3: 29, 4: 12, 7: 7, 5: 5, 2: 31}",-0.7870583029069778
309,barabasi_albert,100,5,2,100,3.3366,4.0,2.3366642891095846,"{12: 1, 6: 8, 11: 2, 7: 8, 4: 15, 10: 2, 5: 9, 3: 15, 8: 2, 2: 38}",-0.7870583029069778
310,barabasi_albert,100,5,2,100,3.2972,4.0,2.3790754506740637,"{12: 1, 10: 2, 13: 1, 6: 6, 8: 4, 4: 20, 5: 6, 9: 3, 7: 3, 2: 33, 3: 21}",-0.7870583029069778
311,barabasi_albert,100,5,2,100,3.304,4.0,2.3706539182259396,"{10: 3, 12: 2, 7: 7, 6: 8, 5: 6, 8: 1, 4: 14, 9: 2, 3: 23, 2: 34}",-0.7870583029069778
312,barabasi_albert,100,5,2,100,3.2746,4.0,2.5258661880630178,"{17: 1, 11: 1, 9: 2, 10: 1, 12: 1, 5: 15, 6: 8, 7: 6, 2: 38, 4: 10, 3: 17}",-0.7870583029069778
313,barabasi_albert,100,5,2,100,3.455,4.0,2.1260291625469296,"{13: 1, 8: 2, 10: 1, 9: 2, 6: 10, 7: 5, 5: 16, 2: 34, 4: 13, 3: 16}",-0.7870583029069778
314,barabasi_albert,100,5,2,100,3.3186,4.0,2.4859605789312105,"{15: 1, 12: 1, 10: 5, 7: 4, 5: 13, 6: 6, 3: 27, 4: 10, 2: 32, 9: 1}",-0.7870583029069778
315,barabasi_albert,100,5,2,100,3.3264,4.0,2.3748684174075834,"{7: 3, 6: 6, 12: 1, 11: 3, 8: 2, 10: 3, 4: 19, 3: 20, 5: 10, 2: 33}",-0.7870583029069778
316,barabasi_albert,100,5,2,100,3.2296,4.0,2.649528259898354,"{9: 3, 13: 1, 11: 1, 16: 1, 10: 3, 7: 2, 5: 11, 8: 2, 6: 5, 3: 28, 4: 9, 2: 34}",-0.7870583029069778
317,barabasi_albert,100,5,2,100,3.3444,4.0,2.340939982143925,"{12: 2, 9: 2, 10: 1, 8: 2, 13: 1, 6: 5, 7: 5, 5: 11, 3: 25, 2: 30, 4: 16}",-0.7870583029069778
318,barabasi_albert,100,5,2,100,3.2702,4.0,2.588435821108957,"{8: 4, 10: 2, 15: 1, 13: 1, 12: 1, 9: 1, 11: 1, 2: 33, 3: 23, 7: 1, 4: 20, 5: 6, 6: 6}",-0.7870583029069778
319,barabasi_albert,100,5,2,100,3.3684,4.0,2.3579652245103193,"{11: 2, 8: 4, 10: 2, 12: 1, 5: 10, 6: 9, 3: 24, 7: 3, 2: 34, 4: 10, 9: 1}",-0.7870583029069778
320,barabasi_albert,100,5,2,100,3.3352,4.0,2.3832750575625967,"{6: 7, 12: 1, 9: 4, 15: 1, 5: 10, 7: 3, 8: 2, 10: 1, 4: 17, 2: 32, 3: 22}",-0.7870583029069778
321,barabasi_albert,100,5,2,100,3.3152,4.0,2.588435821108957,"{7: 7, 13: 2, 12: 2, 11: 1, 9: 2, 5: 8, 8: 2, 3: 22, 4: 15, 6: 3, 2: 36}",-0.7870583029069778
322,barabasi_albert,100,5,2,100,3.2856,4.0,2.588435821108957,"{8: 4, 10: 1, 15: 2, 9: 2, 7: 3, 5: 10, 3: 24, 11: 1, 6: 7, 4: 11, 2: 35}",-0.7870583029069778
323,barabasi_albert,100,5,2,100,3.2972,4.0,2.4576411454889016,"{8: 1, 9: 3, 17: 1, 10: 3, 5: 15, 6: 7, 7: 4, 4: 8, 3: 25, 2: 33}",-0.7870583029069778
324,barabasi_albert,100,5,2,100,3.384,4.0,2.353720459187964,"{12: 1, 9: 2, 13: 2, 8: 3, 6: 8, 5: 12, 4: 11, 3: 26, 7: 4, 2: 31}",-0.7870583029069778
325,barabasi_albert,100,5,2,100,3.2774,4.0,2.4041630560342617,"{9: 3, 14: 1, 12: 2, 8: 5, 5: 15, 6: 4, 7: 1, 4: 16, 3: 19, 2: 34}",-0.7870583029069778
326,barabasi_albert,100,5,2,100,3.3166,4.0,2.3579652245103193,"{12: 2, 11: 3, 6: 9, 5: 8, 8: 3, 9: 1, 4: 16, 7: 2, 3: 26, 2: 30}",-0.7870583029069778
327,barabasi_albert,100,5,2,100,3.2798,4.0,2.6343879744638983,"{10: 3, 12: 2, 16: 1, 13: 1, 5: 11, 6: 10, 3: 20, 7: 2, 2: 36, 4: 14}",-0.7870583029069778
328,barabasi_albert,100,5,2,100,3.304,4.0,2.4041630560342617,"{10: 2, 11: 1, 12: 3, 6: 8, 7: 6, 5: 15, 4: 9, 3: 20, 2: 36}",-0.7870583029069778
329,barabasi_albert,100,5,2,100,3.2592,4.0,2.5495097567963922,"{9: 2, 10: 1, 14: 1, 11: 1, 7: 7, 5: 9, 4: 14, 12: 1, 8: 2, 6: 2, 3: 26, 2: 33, 13: 1}",-0.7870583029069778
330,barabasi_albert,100,5,2,100,3.2412,4.0,2.569046515733026,"{14: 1, 11: 2, 10: 2, 9: 2, 12: 1, 6: 4, 3: 26, 5: 10, 7: 4, 8: 3, 4: 10, 2: 35}",-0.7870583029069778
331,barabasi_albert,100,5,2,100,3.2166,4.0,2.565151067676132,"{10: 4, 11: 2, 12: 1, 7: 6, 9: 2, 4: 11, 6: 4, 8: 3, 5: 6, 3: 22, 2: 39}",-0.7870583029069778
332,barabasi_albert,100,5,2,100,3.3464,4.0,2.253885533916929,"{7: 4, 6: 7, 10: 2, 13: 1, 9: 3, 8: 3, 4: 17, 2: 35, 5: 12, 3: 16}",-0.7870583029069778
333,barabasi_albert,100,5,2,100,3.3322,4.0,2.328089345364563,"{14: 1, 6: 6, 8: 5, 13: 1, 10: 1, 7: 5, 9: 1, 5: 8, 2: 29, 3: 27, 4: 16}",-0.7870583029069778
334,barabasi_albert,100,5,2,100,3.2988,4.0,2.3790754506740637,"{14: 1, 8: 3, 9: 4, 10: 1, 6: 8, 3: 21, 4: 14, 5: 11, 12: 1, 7: 2, 2: 34}",-0.7870583029069778
335,barabasi_albert,100,5,2,100,3.3266,4.0,2.513961017995307,"{9: 5, 7: 4, 16: 1, 10: 1, 13: 1, 5: 11, 4: 13, 8: 1, 6: 6, 3: 23, 2: 34}",-0.7870583029069778
336,barabasi_albert,100,5,2,100,3.3122,4.0,2.2671568097509267,"{8: 3, 10: 2, 11: 1, 13: 1, 6: 5, 9: 3, 3: 21, 7: 1, 5: 15, 4: 17, 2: 31}",-0.7870583029069778
337,barabasi_albert,100,5,2,100,3.2034,4.0,2.756809750418044,"{17: 1, 11: 4, 10: 3, 12: 1, 4: 11, 7: 1, 5: 15, 2: 39, 6: 6, 3: 19}",-0.7870583029069778
338,barabasi_albert,100,5,2,100,3.3216,4.0,2.3065125189341593,"{6: 6, 8: 5, 9: 3, 7: 4, 12: 1, 4: 16, 5: 9, 11: 1, 10: 1, 2: 35, 3: 19}",-0.7870583029069778
339,barabasi_albert,100,5,2,100,3.3096,4.0,2.4083189157584592,"{9: 3, 11: 3, 6: 8, 7: 5, 4: 16, 8: 3, 12: 1, 2: 36, 3: 20, 5: 5}",-0.7870583029069778
340,barabasi_albert,100,5,2,100,3.435,4.0,2.2759613353482084,"{11: 2, 8: 2, 10: 2, 12: 1, 9: 1, 7: 3, 6: 9, 5: 12, 3: 20, 4: 15, 2: 33}",-0.7870583029069778
341,barabasi_albert,100,5,2,100,3.3426,4.0,2.3958297101421877,"{12: 1, 9: 1, 11: 2, 10: 1, 8: 6, 7: 7, 6: 3, 5: 10, 4: 13, 2: 38, 3: 18}",-0.7870583029069778
342,barabasi_albert,100,5,2,100,3.2742,4.0,2.6115129714401193,"{10: 1, 9: 5, 16: 1, 11: 1, 12: 1, 7: 4, 6: 8, 2: 38, 3: 21, 5: 7, 4: 12, 8: 1}",-0.7870583029069778
343,barabasi_albert,100,5,2,100,3.369,4.0,2.3194827009486403,"{11: 2, 12: 2, 10: 1, 9: 2, 6: 8, 5: 15, 7: 3, 3: 20, 4: 14, 2: 33}",-0.7870583029069778
344,barabasi_albert,100,5,2,100,3.2312,4.0,2.5573423705088842,"{11: 2, 15: 1, 10: 3, 6: 6, 8: 3, 5: 7, 9: 2, 7: 3, 4: 19, 2: 39, 3: 15}",-0.7870583029069778
345,barabasi_albert,100,5,2,100,3.333,4.0,2.3958297101421877,"{9: 2, 12: 1, 7: 7, 11: 2, 13: 1, 3: 23, 6: 9, 8: 1, 5: 7, 4: 13, 2: 34}",-0.7870583029069778
346,barabasi_albert,100,5,2,100,3.2956,4.0,2.4738633753705965,"{13: 2, 12: 1, 14: 1, 7: 1, 9: 3, 5: 11, 8: 2, 6: 5, 4: 19, 3: 27, 2: 28}",-0.7870583029069778
347,barabasi_albert,100,5,2,100,3.3534,4.0,2.3151673805580453,"{10: 4, 12: 2, 9: 2, 5: 16, 8: 1, 6: 4, 7: 2, 4: 17, 3: 20, 2: 32}",-0.7870583029069778
348,barabasi_albert,100,5,2,100,3.4022,4.0,2.1908902300206643,"{12: 1, 10: 2, 8: 4, 11: 1, 4: 14, 5: 10, 9: 1, 6: 8, 3: 29, 7: 3, 2: 27}",-0.7870583029069778
349,barabasi_albert,100,5,2,100,3.299,4.0,2.4413111231467406,"{8: 2, 14: 2, 9: 4, 10: 1, 5: 7, 6: 12, 3: 27, 7: 2, 4: 11, 2: 32}",-0.7870583029069778
350,barabasi_albert,100,5,2,100,3.3678,4.0,2.3579652245103193,"{6: 14, 10: 3, 14: 1, 15: 1, 5: 9, 7: 2, 4: 19, 3: 20, 2: 31}",-0.7870583029069778
351,barabasi_albert,100,5,2,100,3.3264,4.0,2.3579652245103193,"{10: 2, 12: 3, 7: 7, 9: 1, 8: 1, 4: 15, 6: 6, 5: 10, 2: 33, 3: 22}",-0.7870583029069778
352,barabasi_albert,100,5,2,100,3.3034,4.0,2.569046515733026,"{12: 3, 14: 1, 11: 2, 7: 3, 4: 10, 8: 3, 3: 31, 5: 8, 6: 8, 2: 31}",-0.7870583029069778
353,barabasi_albert,100,5,2,100,3.2168,4.0,2.6,"{10: 4, 6: 2, 8: 3, 13: 1, 15: 1, 4: 15, 11: 1, 9: 1, 5: 8, 7: 4, 3: 28, 2: 32}",-0.7870583029069778
354,barabasi_albert,100,5,2,100,3.2666,4.0,2.565151067676132,"{11: 2, 9: 1, 13: 1, 10: 2, 14: 1, 5: 12, 6: 3, 8: 2, 4: 15, 7: 6, 3: 16, 2: 39}",-0.7870583029069778
355,barabasi_albert,100,5,2,100,3.3598,4.0,2.2494443758403984,"{10: 1, 12: 1, 11: 2, 9: 1, 7: 6, 6: 9, 5: 10, 4: 13, 3: 23, 2: 32, 8: 2}",-0.7870583029069778
356,barabasi_albert,100,5,2,100,3.301,4.0,2.4617067250182343,"{10: 5, 9: 3, 15: 1, 6: 8, 4: 18, 8: 1, 7: 2, 5: 7, 3: 21, 2: 34}",-0.7870583029069778
357,barabasi_albert,100,5,2,100,3.2756,4.0,2.5298221281347035,"{9: 2, 13: 1, 8: 5, 18: 1, 7: 7, 5: 11, 3: 27, 4: 13, 6: 2, 2: 31}",-0.7870583029069778
358,barabasi_albert,100,5,2,100,3.2688,4.0,2.4372115213907883,"{9: 4, 10: 1, 8: 4, 15: 1, 11: 1, 6: 6, 5: 10, 4: 15, 7: 3, 3: 19, 2: 36}",-0.7870583029069778
359,barabasi_albert,100,5,2,100,3.3312,4.0,2.5219040425836985,"{11: 3, 18: 1, 7: 2, 6: 12, 2: 35, 9: 1, 5: 11, 8: 2, 4: 14, 3: 19}",-0.7870583029069778
360,barabasi_albert,100,5,2,100,3.2614,4.0,2.6229754097208002,"{8: 4, 10: 1, 9: 3, 15: 1, 7: 2, 17: 1, 5: 10, 6: 8, 4: 12, 3: 23, 2: 35}",-0.7870583029069778
361,barabasi_albert,100,5,2,100,3.2578,4.0,2.4413111231467406,"{10: 1, 16: 1, 12: 1, 9: 1, 6: 8, 11: 1, 7: 8, 5: 5, 8: 1, 4: 19, 2: 33, 3: 21}",-0.7870583029069778
362,barabasi_albert,100,5,2,100,3.3536,4.0,2.3706539182259396,"{6: 6, 7: 5, 15: 1, 9: 1, 12: 1, 5: 8, 8: 5, 4: 16, 11: 1, 3: 26, 2: 30}",-0.7870583029069778
363,barabasi_albert,100,5,2,100,3.307,4.0,2.4041630560342617,"{14: 1, 11: 1, 9: 2, 12: 1, 8: 2, 6: 3, 5: 14, 7: 7, 4: 12, 10: 1, 3: 22, 2: 34}",-0.7870583029069778
364,barabasi_albert,100,5,2,100,3.2346,4.0,2.649528259898354,"{12: 2, 9: 4, 10: 2, 8: 1, 13: 1, 7: 5, 11: 1, 6: 6, 5: 5, 4: 14, 3: 18, 2: 41}",-0.7870583029069778
365,barabasi_albert,100,5,2,100,3.374,4.0,2.2715633383201093,"{11: 4, 7: 4, 12: 1, 6: 6, 8: 3, 5: 10, 3: 26, 4: 18, 2: 28}",-0.7870583029069778
366,barabasi_albert,100,5,2,100,3.3382,4.0,2.3958297101421877,"{12: 1, 9: 4, 11: 1, 13: 1, 8: 4, 7: 1, 3: 13, 5: 10, 4: 19, 2: 38, 6: 8}",-0.7870583029069778
367,barabasi_albert,100,5,2,100,3.261,4.0,2.5298221281347035,"{11: 3, 10: 2, 15: 1, 6: 9, 7: 1, 8: 3, 5: 13, 9: 1, 3: 21, 4: 9, 2: 37}",-0.7870583029069778
368,barabasi_albert,100,5,2,100,3.3012,4.0,2.4859605789312105,"{9: 3, 16: 1, 8: 2, 13: 1, 4: 16, 11: 1, 6: 10, 7: 4, 3: 23, 5: 6, 2: 33}",-0.7870583029069778
369,barabasi_albert,100,5,2,100,3.3974,4.0,2.345207879911715,"{10: 2, 11: 2, 8: 1, 13: 1, 12: 1, 6: 4, 5: 18, 7: 4, 3: 21, 4: 14, 2: 32}",-0.7870583029069778
370,barabasi_albert,100,5,2,100,3.3546,4.0,2.353720459187964,"{10: 2, 11: 1, 12: 2, 9: 2, 6: 10, 8: 2, 3: 23, 7: 2, 5: 10, 4: 13, 2: 33}",-0.7870583029069778
371,barabasi_albert,100,5,2,100,3.3348,4.0,2.4738633753705965,"{13: 1, 12: 2, 11: 1, 8: 4, 6: 7, 10: 1, 7: 4, 4: 16, 2: 34, 3: 23, 5: 6, 9: 1}",-0.7870583029069778
372,barabasi_albert,100,5,2,100,3.2922,4.0,2.513961017995307,"{12: 1, 15: 1, 6: 7, 8: 3, 13: 1, 10: 2, 9: 1, 4: 15, 5: 13, 7: 2, 2: 36, 3: 18}",-0.7870583029069778
373,barabasi_albert,100,5,2,100,3.3038,4.0,2.4413111231467406,"{5: 15, 16: 1, 10: 1, 8: 1, 11: 1, 6: 6, 9: 2, 12: 1, 2: 32, 3: 25, 7: 5, 4: 10}",-0.7870583029069778
374,barabasi_albert,100,5,2,100,3.2854,4.0,2.5729360660537215,"{15: 1, 10: 3, 13: 1, 9: 2, 6: 4, 4: 16, 12: 1, 5: 14, 7: 3, 8: 1, 3: 17, 2: 37}",-0.7870583029069778
375,barabasi_albert,100,5,2,100,3.2966,4.0,2.6229754097208002,"{11: 3, 14: 1, 13: 1, 7: 4, 4: 12, 12: 1, 10: 1, 5: 12, 8: 2, 3: 24, 2: 35, 6: 4}",-0.7870583029069778
376,barabasi_albert,100,5,2,100,3.2126,4.0,2.630589287593181,"{10: 2, 14: 1, 8: 3, 12: 2, 7: 5, 9: 2, 11: 1, 6: 4, 4: 13, 3: 20, 5: 8, 2: 39}",-0.7870583029069778
377,barabasi_albert,100,5,2,100,3.2892,4.0,2.5573423705088842,"{8: 1, 11: 3, 14: 1, 7: 2, 12: 1, 9: 3, 3: 22, 5: 8, 4: 16, 10: 1, 6: 7, 2: 35}",-0.7870583029069778
378,barabasi_albert,100,5,2,100,3.3006,4.0,2.5099800796022267,"{7: 6, 9: 3, 16: 1, 13: 1, 5: 11, 6: 4, 8: 5, 4: 14, 2: 38, 3: 17}",-0.7870583029069778
379,barabasi_albert,100,5,2,100,3.3122,4.0,2.493992782667985,"{10: 3, 18: 1, 7: 7, 9: 3, 5: 10, 6: 5, 4: 14, 3: 26, 2: 31}",-0.7870583029069778
380,barabasi_albert,100,5,2,100,3.32,4.0,2.3874672772626644,"{8: 3, 11: 2, 10: 3, 9: 1, 5: 11, 12: 1, 7: 4, 6: 6, 3: 28, 4: 9, 2: 32}",-0.7870583029069778
381,barabasi_albert,100,5,2,100,3.3162,4.0,2.4413111231467406,"{13: 2, 11: 2, 9: 4, 7: 3, 5: 7, 6: 5, 4: 23, 2: 31, 10: 1, 3: 22}",-0.7870583029069778
382,barabasi_albert,100,5,2,100,3.3152,4.0,2.545584412271571,"{13: 1, 10: 4, 12: 1, 9: 2, 8: 4, 7: 2, 5: 11, 3: 16, 6: 8, 4: 9, 2: 42}",-0.7870583029069778
383,barabasi_albert,100,5,2,100,3.2974,4.0,2.5337718918639855,"{10: 2, 15: 1, 6: 5, 16: 1, 11: 1, 7: 7, 4: 15, 3: 27, 5: 10, 2: 30, 8: 1}",-0.7870583029069778
384,barabasi_albert,100,5,2,100,3.3076,4.0,2.3065125189341593,"{12: 2, 7: 7, 10: 1, 6: 8, 8: 2, 5: 8, 9: 3, 4: 13, 3: 22, 2: 34}",-0.7870583029069778
385,barabasi_albert,100,5,2,100,3.2988,4.0,2.5337718918639855,"{11: 3, 10: 1, 16: 1, 12: 1, 7: 6, 2: 34, 4: 17, 6: 8, 5: 8, 3: 21}",-0.7870583029069778
386,barabasi_albert,100,5,2,100,3.3374,4.0,2.244994432064365,"{9: 3, 8: 2, 11: 2, 6: 8, 10: 1, 7: 7, 5: 10, 3: 22, 4: 11, 2: 34}",-0.7870583029069778
387,barabasi_albert,100,5,2,100,3.2924,4.0,2.4617067250182343,"{11: 2, 8: 3, 10: 4, 7: 4, 13: 1, 5: 14, 4: 13, 6: 4, 2: 38, 3: 17}",-0.7870583029069778
388,barabasi_albert,100,5,2,100,3.3464,4.0,2.3194827009486403,"{11: 3, 10: 1, 6: 3, 7: 6, 9: 4, 8: 2, 4: 20, 3: 22, 2: 32, 5: 7}",-0.7870583029069778
389,barabasi_albert,100,5,2,100,3.3084,4.0,2.3108440016582685,"{11: 2, 10: 2, 8: 2, 12: 1, 9: 1, 7: 6, 4: 26, 6: 8, 5: 3, 2: 35, 3: 14}",-0.7870583029069778
390,barabasi_albert,100,5,2,100,3.2628,4.0,2.615339366124404,"{14: 1, 9: 4, 15: 1, 8: 6, 6: 4, 7: 3, 3: 18, 2: 40, 10: 1, 4: 12, 5: 10}",-0.7870583029069778
391,barabasi_albert,100,5,2,100,3.3504,4.0,2.3832750575625967,"{13: 1, 9: 1, 10: 1, 11: 3, 8: 3, 6: 4, 4: 14, 5: 13, 3: 21, 7: 5, 2: 34}",-0.7870583029069778
392,barabasi_albert,100,5,2,100,3.2596,4.0,2.541653005427767,"{13: 2, 10: 3, 12: 1, 7: 3, 4: 16, 8: 5, 5: 9, 6: 6, 3: 16, 2: 39}",-0.7870583029069778
393,barabasi_albert,100,5,2,100,3.3036,4.0,2.340939982143925,"{7: 6, 14: 1, 10: 2, 11: 2, 6: 9, 9: 1, 5: 9, 4: 18, 3: 18, 2: 34}",-0.7870583029069778
394,barabasi_albert,100,5,2,100,3.3056,4.0,2.5219040425836985,"{14: 1, 12: 2, 13: 1, 10: 2, 5: 13, 4: 18, 9: 1, 3: 21, 7: 4, 8: 1, 6: 3, 2: 33}",-0.7870583029069778
395,barabasi_albert,100,5,2,100,3.2994,4.0,2.449489742783178,"{5: 6, 12: 1, 13: 2, 9: 1, 11: 1, 7: 4, 6: 9, 3: 22, 8: 4, 4: 16, 2: 34}",-0.7870583029069778
396,barabasi_albert,100,5,2,100,3.3048,4.0,2.3916521486202797,"{14: 1, 10: 1, 7: 6, 8: 4, 12: 2, 6: 4, 5: 15, 4: 13, 3: 19, 2: 35}",-0.7870583029069778
397,barabasi_albert,100,5,2,100,3.3444,4.0,2.3108440016582685,"{8: 6, 14: 1, 9: 3, 5: 12, 6: 6, 7: 3, 11: 1, 4: 10, 3: 27, 2: 31}",-0.7870583029069778
398,barabasi_albert,100,5,2,100,3.3836,4.0,2.349468024894146,"{8: 3, 9: 5, 10: 2, 12: 1, 11: 1, 4: 19, 3: 21, 5: 8, 2: 33, 6: 6, 7: 1}",-0.7870583029069778
399,barabasi_albert,100,5,2,100,3.2924,4.0,2.449489742783178,"{12: 3, 10: 1, 6: 10, 9: 4, 8: 3, 4: 13, 7: 2, 3: 25, 5: 5, 2: 34}",-0.7870583029069778
400,barabasi_albert,100,5,2,100,3.4142,4.0,2.2135943621178655,"{12: 1, 13: 1, 8: 5, 10: 1, 4: 10, 3: 22, 6: 9, 7: 3, 5: 16, 2: 32}",-0.7870583029069778
401,barabasi_albert,100,5,2,100,3.36,4.0,2.2671568097509267,"{8: 3, 11: 1, 12: 1, 7: 7, 4: 19, 9: 3, 5: 11, 2: 35, 10: 1, 3: 16, 6: 3}",-0.7870583029069778
402,barabasi_albert,100,5,2,100,3.3154,4.0,2.493992782667985,"{13: 2, 9: 1, 8: 4, 16: 1, 7: 5, 6: 7, 4: 16, 2: 30, 3: 27, 5: 7}",-0.7870583029069778
403,barabasi_albert,100,5,2,100,3.2752,4.0,2.4331050121192876,"{9: 3, 15: 1, 7: 2, 13: 1, 10: 1, 8: 4, 4: 14, 5: 10, 6: 8, 3: 23, 2: 33}",-0.7870583029069778
404,barabasi_albert,100,5,2,100,3.3692,4.0,2.3790754506740637,"{10: 1, 7: 3, 14: 1, 9: 1, 15: 1, 6: 5, 8: 5, 4: 16, 5: 13, 3: 24, 2: 30}",-0.7870583029069778
405,barabasi_albert,100,5,2,100,3.377,4.0,2.2978250586152114,"{6: 6, 9: 3, 10: 3, 13: 1, 7: 2, 4: 16, 8: 4, 3: 24, 5: 10, 2: 31}",-0.7870583029069778
406,barabasi_albert,100,5,2,100,3.3118,4.0,2.4248711305964283,"{10: 6, 9: 2, 11: 1, 5: 10, 8: 5, 4: 17, 7: 2, 6: 1, 2: 35, 3: 21}",-0.7870583029069778
407,barabasi_albert,100,5,2,100,3.393,4.0,2.32379000772445,"{12: 1, 8: 6, 5: 8, 13: 1, 10: 2, 7: 3, 6: 9, 4: 16, 2: 34, 3: 20}",-0.7870583029069778
408,barabasi_albert,100,5,2,100,3.2954,4.0,2.4166091947189146,"{14: 1, 9: 5, 8: 2, 7: 7, 11: 1, 5: 8, 6: 9, 3: 23, 4: 7, 2: 37}",-0.7870583029069778
409,barabasi_albert,100,5,2,100,3.2928,4.0,2.4899799195977463,"{9: 2, 8: 3, 16: 1, 11: 3, 7: 5, 3: 28, 6: 7, 5: 6, 4: 14, 2: 31}",-0.7870583029069778
410,barabasi_albert,100,5,2,100,3.2864,4.0,2.4083189157584592,"{12: 1, 7: 7, 8: 3, 9: 2, 16: 1, 6: 9, 5: 11, 4: 10, 3: 20, 2: 36}",-0.7870583029069778
411,barabasi_albert,100,5,2,100,3.2554,4.0,2.588435821108957,"{9: 4, 8: 4, 13: 1, 17: 1, 10: 1, 4: 16, 7: 3, 6: 7, 5: 5, 3: 24, 2: 34}",-0.7870583029069778
412,barabasi_albert,100,5,2,100,3.3164,4.0,2.4617067250182343,"{13: 1, 11: 3, 9: 1, 10: 3, 6: 9, 7: 3, 3: 23, 5: 7, 2: 34, 8: 1, 4: 15}",-0.7870583029069778
413,barabasi_albert,100,5,2,100,3.3046,4.0,2.3194827009486403,"{8: 3, 10: 1, 9: 4, 11: 3, 3: 22, 5: 14, 4: 14, 7: 3, 6: 3, 2: 33}",-0.7870583029069778
414,barabasi_albert,100,5,2,100,3.3382,4.0,2.349468024894146,"{10: 2, 12: 1, 11: 1, 9: 5, 3: 25, 6: 5, 5: 8, 4: 15, 8: 1, 7: 5, 2: 32}",-0.7870583029069778
415,barabasi_albert,100,5,2,100,3.3708,4.0,2.2,"{8: 5, 9: 1, 6: 3, 4: 21, 10: 2, 7: 4, 5: 13, 11: 2, 2: 33, 3: 16}",-0.7870583029069778
416,barabasi_albert,100,5,2,100,3.395,4.0,2.1400934559032696,"{8: 2, 10: 2, 6: 7, 9: 4, 7: 7, 5: 11, 3: 20, 4: 14, 2: 33}",-0.7870583029069778
417,barabasi_albert,100,5,2,100,3.3144,4.0,2.3108440016582685,"{13: 3, 7: 4, 9: 1, 4: 12, 6: 6, 8: 3, 5: 16, 3: 26, 2: 29}",-0.7870583029069778
418,barabasi_albert,100,5,2,100,3.3006,4.0,2.4166091947189146,"{14: 1, 12: 2, 8: 2, 9: 1, 7: 4, 6: 8, 4: 18, 11: 1, 3: 29, 10: 1, 5: 5, 2: 28}",-0.7870583029069778
419,barabasi_albert,100,5,2,100,3.3234,4.0,2.32379000772445,"{6: 5, 12: 2, 9: 3, 8: 5, 10: 1, 3: 23, 5: 10, 4: 14, 7: 4, 2: 33}",-0.7870583029069778
420,barabasi_albert,100,5,2,100,3.3094,4.0,2.353720459187964,"{10: 2, 11: 2, 7: 4, 12: 1, 8: 2, 6: 9, 2: 35, 5: 7, 9: 2, 4: 17, 3: 19}",-0.7870583029069778
421,barabasi_albert,100,5,2,100,3.3568,4.0,2.2715633383201093,"{10: 4, 8: 3, 9: 3, 11: 1, 4: 15, 6: 5, 7: 3, 2: 29, 5: 9, 3: 28}",-0.7870583029069778
422,barabasi_albert,100,5,2,100,3.2134,4.0,2.615339366124404,"{15: 1, 8: 3, 10: 2, 11: 1, 16: 1, 6: 10, 7: 2, 3: 24, 5: 7, 4: 14, 9: 1, 2: 34}",-0.7870583029069778
423,barabasi_albert,100,5,2,100,3.308,4.0,2.5258661880630178,"{11: 1, 8: 4, 12: 2, 14: 1, 7: 5, 4: 14, 10: 1, 6: 7, 5: 4, 3: 27, 9: 1, 2: 33}",-0.7870583029069778
424,barabasi_albert,100,5,2,100,3.3564,4.0,2.244994432064365,"{10: 3, 9: 1, 12: 1, 8: 4, 6: 10, 4: 15, 7: 4, 5: 9, 3: 18, 2: 35}",-0.7870583029069778
425,barabasi_albert,100,5,2,100,3.2744,4.0,2.5337718918639855,"{14: 1, 12: 2, 7: 4, 10: 2, 6: 8, 5: 7, 8: 3, 9: 2, 3: 21, 4: 13, 2: 37}",-0.7870583029069778
426,barabasi_albert,100,5,2,100,3.2176,4.0,2.694438717061496,"{13: 1, 11: 1, 18: 1, 7: 7, 9: 1, 8: 3, 5: 7, 6: 6, 12: 1, 4: 14, 3: 21, 2: 37}",-0.7870583029069778
427,barabasi_albert,100,5,2,100,3.2956,4.0,2.5495097567963922,"{13: 2, 7: 8, 16: 1, 9: 2, 8: 3, 5: 3, 6: 5, 3: 27, 4: 18, 2: 31}",-0.7870583029069778
428,barabasi_albert,100,5,2,100,3.3776,4.0,2.340939982143925,"{7: 6, 15: 1, 9: 2, 11: 1, 10: 2, 4: 18, 6: 5, 5: 13, 8: 1, 3: 17, 2: 34}",-0.7870583029069778
429,barabasi_albert,100,5,2,100,3.2702,4.0,2.6570660511172846,"{10: 1, 6: 6, 12: 1, 18: 1, 8: 4, 9: 5, 4: 15, 5: 8, 7: 2, 3: 19, 2: 38}",-0.7870583029069778
430,barabasi_albert,100,5,2,100,3.3434,4.0,2.4617067250182343,"{7: 2, 8: 2, 11: 2, 12: 2, 6: 7, 9: 1, 5: 10, 10: 3, 4: 14, 2: 34, 3: 23}",-0.7870583029069778
431,barabasi_albert,100,5,2,100,3.2952,4.0,2.569046515733026,"{16: 1, 11: 1, 8: 2, 9: 4, 12: 2, 7: 2, 5: 11, 6: 6, 3: 30, 2: 31, 4: 10}",-0.7870583029069778
432,barabasi_albert,100,5,2,100,3.3546,4.0,2.4331050121192876,"{10: 1, 8: 5, 13: 1, 11: 1, 14: 1, 7: 4, 6: 4, 5: 13, 9: 1, 4: 12, 3: 24, 2: 33}",-0.7870583029069778
433,barabasi_albert,100,5,2,100,3.3158,4.0,2.420743687382041,"{8: 6, 7: 6, 14: 1, 10: 2, 6: 10, 11: 1, 5: 5, 4: 10, 3: 22, 2: 37}",-0.7870583029069778
434,barabasi_albert,100,5,2,100,3.2824,4.0,2.4166091947189146,"{10: 3, 13: 1, 9: 3, 8: 4, 4: 15, 6: 6, 5: 11, 11: 1, 7: 1, 3: 19, 2: 36}",-0.7870583029069778
435,barabasi_albert,100,5,2,100,3.29,4.0,2.6,"{13: 1, 10: 2, 7: 6, 15: 1, 11: 1, 4: 15, 8: 2, 9: 1, 6: 3, 5: 8, 3: 26, 12: 1, 2: 33}",-0.7870583029069778
436,barabasi_albert,100,5,2,100,3.2766,4.0,2.5059928172283334,"{13: 1, 14: 1, 10: 2, 12: 1, 7: 4, 8: 1, 5: 9, 6: 9, 4: 14, 9: 2, 2: 36, 3: 20}",-0.7870583029069778
437,barabasi_albert,100,5,2,100,3.3448,4.0,2.3832750575625967,"{9: 2, 11: 2, 10: 1, 13: 1, 5: 9, 8: 1, 7: 7, 6: 11, 4: 9, 3: 19, 2: 38}",-0.7870583029069778
438,barabasi_albert,100,5,2,100,3.2954,4.0,2.3874672772626644,"{10: 2, 12: 1, 9: 4, 8: 4, 7: 4, 3: 24, 4: 13, 6: 4, 11: 1, 5: 9, 2: 34}",-0.7870583029069778
439,barabasi_albert,100,5,2,100,3.302,4.0,2.5179356624028344,"{12: 1, 13: 1, 14: 1, 6: 7, 10: 3, 5: 11, 4: 16, 7: 4, 11: 1, 3: 21, 2: 34}",-0.7870583029069778
440,barabasi_albert,100,5,2,100,3.418,4.0,2.3366642891095846,"{10: 2, 9: 2, 8: 3, 11: 1, 12: 1, 7: 8, 5: 11, 4: 12, 6: 4, 3: 20, 2: 36}",-0.7870583029069778
441,barabasi_albert,100,5,2,100,3.2994,4.0,2.3108440016582685,"{8: 5, 9: 2, 7: 6, 12: 2, 5: 7, 4: 19, 11: 1, 6: 4, 2: 32, 3: 22}",-0.7870583029069778
442,barabasi_albert,100,5,2,100,3.2736,4.0,2.5179356624028344,"{9: 2, 14: 1, 12: 1, 10: 3, 7: 4, 8: 4, 3: 24, 6: 8, 4: 8, 5: 8, 2: 37}",-0.7870583029069778
443,barabasi_albert,100,5,2,100,3.2574,4.0,2.4657656011875906,"{12: 2, 8: 4, 15: 1, 10: 1, 7: 7, 4: 15, 3: 21, 6: 7, 5: 7, 2: 35}",-0.7870583029069778
444,barabasi_albert,100,5,2,100,3.2644,4.0,2.5612496949731396,"{13: 1, 10: 2, 9: 2, 11: 3, 12: 1, 5: 11, 6: 6, 8: 1, 7: 3, 3: 28, 2: 34, 4: 8}",-0.7870583029069778
445,barabasi_albert,100,5,2,100,3.3048,4.0,2.4289915602982237,"{7: 7, 12: 1, 9: 4, 14: 1, 11: 1, 5: 9, 3: 25, 6: 4, 4: 13, 8: 2, 2: 33}",-0.7870583029069778
446,barabasi_albert,100,5,2,100,3.3396,4.0,2.32379000772445,"{11: 3, 10: 1, 9: 3, 8: 4, 4: 12, 6: 5, 3: 22, 7: 3, 5: 13, 2: 34}",-0.7870583029069778
447,barabasi_albert,100,5,2,100,3.3694,4.0,2.1908902300206643,"{7: 2, 8: 4, 11: 1, 12: 2, 5: 11, 6: 11, 2: 29, 4: 14, 3: 25, 9: 1}",-0.7870583029069778
448,barabasi_albert,100,5,2,100,3.3038,4.0,2.4,"{10: 1, 9: 3, 16: 1, 8: 2, 7: 5, 6: 7, 5: 11, 11: 1, 4: 15, 3: 20, 2: 34}",-0.7870583029069778
449,barabasi_albert,100,5,2,100,3.429,4.0,2.2715633383201093,"{10: 2, 11: 1, 12: 1, 13: 1, 4: 19, 6: 8, 5: 11, 7: 3, 9: 1, 3: 23, 8: 1, 2: 29}",-0.7870583029069778
450,barabasi_albert,100,5,2,100,3.2496,4.0,2.7386127875258306,"{7: 6, 14: 1, 13: 1, 12: 1, 15: 1, 3: 23, 10: 1, 6: 5, 8: 3, 4: 14, 5: 6, 11: 1, 2: 37}",-0.7870583029069778
451,barabasi_albert,100,5,2,100,3.323,4.0,2.349468024894146,"{10: 2, 16: 1, 8: 4, 6: 5, 7: 4, 3: 30, 5: 8, 9: 1, 11: 1, 4: 18, 2: 26}",-0.7870583029069778
452,barabasi_albert,100,5,2,100,3.2916,4.0,2.420743687382041,"{11: 2, 6: 6, 12: 2, 13: 1, 7: 6, 5: 12, 3: 21, 8: 2, 4: 14, 2: 34}",-0.7870583029069778
453,barabasi_albert,100,5,2,100,3.2928,4.0,2.513961017995307,"{11: 2, 13: 1, 12: 1, 10: 3, 5: 9, 8: 4, 7: 2, 6: 7, 4: 11, 3: 26, 2: 34}",-0.7870583029069778
454,barabasi_albert,100,5,2,100,3.3424,4.0,2.3748684174075834,"{7: 5, 10: 3, 15: 1, 6: 6, 11: 1, 4: 17, 5: 13, 9: 2, 3: 18, 2: 34}",-0.7870583029069778
455,barabasi_albert,100,5,2,100,3.4098,4.0,2.149418526020468,"{13: 1, 12: 1, 8: 4, 6: 7, 9: 2, 5: 13, 7: 3, 4: 18, 3: 23, 2: 28}",-0.7870583029069778
456,barabasi_albert,100,5,2,100,3.3242,4.0,2.4041630560342617,"{12: 4, 10: 1, 6: 7, 7: 6, 5: 14, 8: 2, 3: 26, 2: 33, 4: 7}",-0.7870583029069778
457,barabasi_albert,100,5,2,100,3.3852,4.0,2.1400934559032696,"{10: 1, 9: 3, 6: 13, 13: 1, 8: 2, 7: 3, 5: 10, 4: 15, 2: 31, 3: 21}",-0.7870583029069778
458,barabasi_albert,100,5,2,100,3.3944,4.0,2.280350850198276,"{9: 2, 11: 2, 12: 1, 8: 4, 7: 2, 5: 9, 10: 1, 4: 18, 6: 8, 3: 21, 2: 32}",-0.7870583029069778
459,barabasi_albert,100,5,2,100,3.357,4.0,2.3151673805580453,"{9: 3, 12: 2, 10: 2, 8: 3, 6: 8, 7: 3, 5: 7, 4: 15, 3: 27, 2: 30}",-0.7870583029069778
460,barabasi_albert,100,5,2,100,3.3058,4.0,2.3579652245103193,"{11: 1, 7: 3, 10: 2, 9: 2, 13: 1, 3: 21, 8: 5, 4: 12, 6: 6, 5: 12, 2: 35}",-0.7870583029069778
461,barabasi_albert,100,5,2,100,3.331,4.0,2.2978250586152114,"{12: 1, 8: 2, 10: 3, 5: 12, 9: 3, 7: 5, 6: 8, 4: 8, 3: 24, 2: 34}",-0.7870583029069778
462,barabasi_albert,100,5,2,100,3.2746,4.0,2.4576411454889016,"{9: 5, 12: 1, 7: 7, 15: 1, 4: 11, 3: 27, 8: 3, 6: 4, 2: 33, 5: 8}",-0.7870583029069778
463,barabasi_albert,100,5,2,100,3.2054,4.0,2.7386127875258306,"{12: 1, 15: 1, 17: 1, 8: 4, 7: 5, 10: 2, 5: 14, 9: 1, 6: 1, 2: 38, 4: 12, 3: 20}",-0.7870583029069778
464,barabasi_albert,100,5,2,100,3.3804,4.0,2.3108440016582685,"{11: 1, 12: 2, 10: 1, 8: 4, 9: 1, 7: 3, 6: 10, 5: 9, 4: 15, 3: 20, 2: 34}",-0.7870583029069778
465,barabasi_albert,100,5,2,100,3.3584,4.0,2.2891046284519194,"{10: 3, 9: 1, 8: 1, 12: 1, 7: 5, 6: 11, 11: 1, 5: 12, 3: 21, 2: 35, 4: 9}",-0.7870583029069778
466,barabasi_albert,100,5,2,100,3.31,4.0,2.258317958127243,"{13: 1, 9: 5, 10: 1, 8: 3, 5: 9, 6: 8, 2: 33, 4: 17, 7: 3, 3: 20}",-0.7870583029069778
467,barabasi_albert,100,5,2,100,3.291,4.0,2.3874672772626644,"{8: 3, 9: 4, 14: 1, 11: 1, 10: 1, 5: 10, 7: 4, 3: 27, 4: 8, 6: 8, 2: 33}",-0.7870583029069778
468,barabasi_albert,100,5,2,100,3.3758,4.0,2.1587033144922905,"{11: 1, 6: 5, 7: 3, 10: 2, 9: 2, 5: 10, 8: 6, 3: 22, 4: 19, 2: 30}",-0.7870583029069778
469,barabasi_albert,100,5,2,100,3.2808,4.0,2.445403852127497,"{9: 3, 12: 1, 10: 3, 4: 13, 7: 2, 8: 2, 6: 7, 5: 10, 11: 2, 3: 21, 2: 36}",-0.7870583029069778
470,barabasi_albert,100,5,2,100,3.3486,4.0,2.4248711305964283,"{9: 2, 15: 1, 13: 1, 7: 5, 10: 1, 4: 9, 8: 3, 6: 8, 5: 13, 3: 22, 2: 35}",-0.7870583029069778
471,barabasi_albert,100,5,2,100,3.3362,4.0,2.3366642891095846,"{10: 1, 9: 2, 8: 1, 11: 3, 7: 5, 5: 9, 12: 1, 6: 7, 2: 32, 3: 23, 4: 16}",-0.7870583029069778
472,barabasi_albert,100,5,2,100,3.2536,4.0,2.4576411454889016,"{13: 1, 9: 1, 7: 4, 14: 1, 8: 5, 11: 2, 3: 17, 5: 7, 2: 35, 4: 22, 6: 5}",-0.7870583029069778
473,barabasi_albert,100,5,2,100,3.359,4.0,2.2045407685048604,"{8: 2, 11: 1, 13: 1, 9: 1, 10: 1, 6: 13, 7: 6, 5: 7, 4: 14, 3: 22, 2: 32}",-0.7870583029069778
474,barabasi_albert,100,5,2,100,3.3232,4.0,2.649528259898354,"{12: 2, 13: 1, 8: 4, 14: 2, 7: 5, 6: 5, 4: 16, 5: 6, 2: 33, 3: 26}",-0.7870583029069778
475,barabasi_albert,100,5,2,100,3.296,4.0,2.592296279363144,"{8: 2, 7: 3, 15: 2, 9: 3, 11: 1, 12: 1, 5: 12, 6: 5, 4: 10, 2: 30, 3: 31}",-0.7870583029069778
476,barabasi_albert,100,5,2,100,3.2846,4.0,2.4819347291981715,"{12: 4, 10: 2, 5: 9, 7: 3, 9: 1, 8: 3, 3: 19, 2: 35, 6: 5, 4: 19}",-0.7870583029069778
477,barabasi_albert,100,5,2,100,3.2876,4.0,2.493992782667985,"{7: 5, 10: 3, 14: 1, 11: 2, 8: 2, 9: 2, 5: 10, 3: 23, 4: 13, 6: 4, 2: 35}",-0.7870583029069778
478,barabasi_albert,100,5,2,100,3.3578,4.0,2.209072203437452,"{11: 1, 9: 4, 10: 2, 5: 9, 8: 4, 7: 3, 6: 6, 4: 15, 2: 29, 3: 27}",-0.7870583029069778
479,barabasi_albert,100,5,2,100,3.289,4.0,2.5099800796022267,"{11: 2, 8: 8, 12: 1, 13: 1, 5: 8, 6: 6, 7: 2, 4: 15, 2: 39, 3: 17, 10: 1}",-0.7870583029069778
480,barabasi_albert,100,5,2,100,3.3138,4.0,2.3706539182259396,"{13: 1, 6: 3, 11: 2, 9: 2, 7: 10, 8: 4, 4: 16, 5: 6, 3: 21, 2: 35}",-0.7870583029069778
481,barabasi_albert,100,5,2,100,3.3244,4.0,2.2671568097509267,"{10: 3, 12: 1, 8: 7, 6: 7, 7: 4, 5: 10, 3: 24, 4: 11, 2: 33}",-0.7870583029069778
482,barabasi_albert,100,5,2,100,3.3414,4.0,2.4979991993593593,"{7: 9, 10: 1, 15: 1, 13: 2, 8: 2, 6: 6, 5: 9, 4: 13, 3: 23, 2: 34}",-0.7870583029069778
483,barabasi_albert,100,5,2,100,3.407,4.0,2.1540659228538015,"{12: 1, 9: 3, 10: 2, 7: 4, 4: 20, 8: 2, 6: 7, 5: 12, 3: 17, 2: 32}",-0.7870583029069778
484,barabasi_albert,100,5,2,100,3.3322,4.0,2.3706539182259396,"{12: 1, 8: 4, 14: 1, 10: 1, 9: 2, 6: 6, 3: 23, 5: 11, 7: 6, 4: 11, 2: 34}",-0.7870583029069778
485,barabasi_albert,100,5,2,100,3.2878,4.0,2.449489742783178,"{10: 5, 11: 1, 13: 1, 9: 2, 8: 3, 5: 9, 4: 17, 6: 3, 3: 25, 7: 2, 2: 32}",-0.7870583029069778
486,barabasi_albert,100,5,2,100,3.394,4.0,2.4083189157584592,"{7: 4, 9: 2, 12: 3, 14: 1, 5: 14, 8: 2, 4: 23, 3: 16, 6: 2, 2: 33}",-0.7870583029069778
487,barabasi_albert,100,5,2,100,3.3516,4.0,2.280350850198276,"{9: 3, 8: 5, 12: 1, 10: 1, 11: 1, 7: 3, 5: 12, 4: 17, 6: 5, 3: 17, 2: 35}",-0.7870583029069778
488,barabasi_albert,100,5,2,100,3.3646,4.0,2.3706539182259396,"{10: 3, 9: 6, 8: 1, 5: 8, 7: 4, 11: 1, 4: 14, 3: 19, 6: 7, 2: 37}",-0.7870583029069778
489,barabasi_albert,100,5,2,100,3.286,4.0,2.5059928172283334,"{10: 2, 11: 3, 9: 4, 13: 1, 5: 11, 3: 22, 8: 1, 4: 15, 6: 3, 7: 3, 2: 35}",-0.7870583029069778
490,barabasi_albert,100,5,2,100,3.3586,4.0,2.222611077089287,"{8: 4, 10: 1, 9: 4, 12: 1, 7: 4, 5: 11, 6: 7, 4: 15, 2: 34, 3: 19}",-0.7870583029069778
491,barabasi_albert,100,5,2,100,3.3752,4.0,2.240535650240808,"{5: 10, 9: 2, 11: 1, 10: 2, 12: 1, 3: 24, 7: 5, 8: 3, 4: 17, 6: 5, 2: 30}",-0.7870583029069778
492,barabasi_albert,100,5,2,100,3.3166,4.0,2.349468024894146,"{9: 3, 8: 5, 10: 2, 11: 2, 6: 8, 5: 6, 7: 3, 4: 14, 3: 22, 2: 35}",-0.7870583029069778
493,barabasi_albert,100,5,2,100,3.285,4.0,2.493992782667985,"{14: 1, 10: 3, 11: 2, 8: 5, 7: 1, 3: 19, 9: 1, 6: 6, 5: 11, 4: 14, 2: 37}",-0.7870583029069778
494,barabasi_albert,100,5,2,100,3.4076,4.0,2.253885533916929,"{10: 2, 8: 5, 9: 3, 12: 1, 4: 13, 6: 6, 5: 12, 3: 22, 2: 33, 7: 3}",-0.7870583029069778
495,barabasi_albert,100,5,2,100,3.303,4.0,2.3832750575625967,"{10: 2, 9: 3, 7: 3, 15: 1, 8: 6, 6: 4, 3: 24, 4: 16, 5: 9, 2: 32}",-0.7870583029069778
496,barabasi_albert,100,5,2,100,3.3142,4.0,2.453568829277059,"{13: 1, 14: 1, 9: 3, 11: 1, 4: 20, 5: 7, 7: 6, 6: 4, 10: 2, 3: 24, 2: 31}",-0.7870583029069778
497,barabasi_albert,100,5,2,100,3.2904,4.0,2.569046515733026,"{8: 2, 12: 1, 15: 1, 10: 2, 11: 3, 4: 17, 5: 10, 6: 6, 7: 3, 2: 36, 3: 19}",-0.7870583029069778
498,barabasi_albert,100,5,2,100,3.3198,4.0,2.5019992006393608,"{12: 2, 11: 1, 14: 1, 13: 1, 6: 9, 7: 2, 4: 17, 8: 3, 5: 10, 3: 20, 2: 34}",-0.7870583029069778
499,barabasi_albert,100,5,2,100,3.3618,4.0,2.3916521486202797,"{9: 1, 11: 1, 10: 2, 17: 1, 5: 10, 7: 4, 4: 20, 6: 8, 8: 2, 3: 19, 2: 32}",-0.7870583029069778
500,barabasi_albert,100,5,2,100,3.3632,4.0,2.262741699796952,"{12: 1, 9: 2, 8: 4, 10: 3, 6: 6, 7: 5, 3: 25, 2: 31, 4: 15, 5: 8}",-0.7870583029069778
501,barabasi_albert,100,5,2,100,3.2954,4.0,2.4657656011875906,"{9: 2, 12: 2, 11: 1, 16: 1, 4: 19, 6: 3, 3: 27, 5: 11, 7: 3, 8: 3, 2: 28}",-0.7870583029069778
502,barabasi_albert,100,5,2,100,3.366,4.0,2.209072203437452,"{8: 5, 10: 4, 11: 1, 7: 1, 5: 12, 6: 10, 4: 15, 3: 18, 2: 34}",-0.7870583029069778
503,barabasi_albert,100,5,2,100,3.319,4.0,2.4248711305964283,"{13: 1, 12: 1, 5: 11, 10: 2, 11: 2, 9: 1, 6: 10, 7: 4, 3: 21, 4: 12, 2: 35}",-0.7870583029069778
504,barabasi_albert,100,5,2,100,3.3618,4.0,2.2891046284519194,"{7: 4, 9: 1, 8: 4, 12: 1, 10: 4, 6: 5, 3: 24, 4: 9, 2: 33, 5: 15}",-0.7870583029069778
505,barabasi_albert,100,5,2,100,3.3372,4.0,2.3366642891095846,"{11: 2, 12: 1, 9: 2, 8: 3, 7: 4, 10: 1, 4: 14, 2: 37, 6: 10, 5: 9, 3: 17}",-0.7870583029069778
506,barabasi_albert,100,5,2,100,3.3506,4.0,2.3579652245103193,"{8: 6, 11: 1, 10: 1, 15: 1, 9: 1, 6: 6, 5: 12, 3: 21, 7: 4, 4: 13, 2: 34}",-0.7870583029069778
507,barabasi_albert,100,5,2,100,3.4148,4.0,2.172556098240043,"{8: 6, 11: 1, 6: 8, 10: 1, 7: 3, 12: 1, 4: 14, 3: 17, 5: 15, 2: 34}",-0.7870583029069778
508,barabasi_albert,100,5,2,100,3.3194,4.0,2.4617067250182343,"{11: 4, 10: 2, 13: 1, 5: 10, 6: 8, 7: 3, 9: 1, 4: 19, 3: 15, 2: 37}",-0.7870583029069778
509,barabasi_albert,100,5,2,100,3.2702,4.0,2.5573423705088842,"{13: 1, 12: 1, 14: 1, 10: 2, 8: 3, 3: 20, 4: 15, 5: 7, 7: 4, 6: 7, 9: 2, 2: 37}",-0.7870583029069778
510,barabasi_albert,100,5,2,100,3.3076,4.0,2.3706539182259396,"{13: 1, 12: 1, 8: 4, 9: 4, 10: 1, 5: 10, 4: 13, 7: 3, 2: 33, 6: 6, 3: 24}",-0.7870583029069778
511,barabasi_albert,100,5,2,100,3.3218,4.0,2.513961017995307,"{11: 1, 9: 4, 14: 1, 12: 2, 6: 7, 7: 7, 5: 3, 4: 19, 3: 21, 2: 35}",-0.7870583029069778
512,barabasi_albert,100,5,2,100,3.2972,4.0,2.5377155080899043,"{10: 2, 11: 1, 9: 2, 12: 1, 16: 1, 6: 4, 7: 5, 8: 2, 3: 21, 5: 11, 4: 15, 2: 35}",-0.7870583029069778
513,barabasi_albert,100,5,2,100,3.258,4.0,2.4413111231467406,"{11: 3, 13: 1, 9: 2, 7: 7, 6: 5, 2: 38, 5: 13, 10: 1, 4: 11, 8: 1, 3: 18}",-0.7870583029069778
514,barabasi_albert,100,5,2,100,3.2436,4.0,2.541653005427767,"{10: 2, 16: 1, 12: 2, 7: 7, 6: 6, 11: 1, 5: 9, 4: 17, 3: 21, 2: 34}",-0.7870583029069778
515,barabasi_albert,100,5,2,100,3.286,4.0,2.5099800796022267,"{14: 1, 8: 6, 12: 2, 13: 1, 7: 6, 3: 26, 5: 9, 6: 2, 2: 32, 4: 15}",-0.7870583029069778
516,barabasi_albert,100,5,2,100,3.3344,4.0,2.222611077089287,"{9: 5, 12: 1, 8: 4, 7: 6, 2: 34, 6: 5, 3: 20, 4: 14, 5: 11}",-0.7870583029069778
517,barabasi_albert,100,5,2,100,3.2948,4.0,2.565151067676132,"{10: 4, 9: 2, 11: 1, 4: 16, 7: 4, 6: 5, 8: 4, 15: 1, 3: 21, 5: 5, 2: 37}",-0.7870583029069778
518,barabasi_albert,100,5,2,100,3.4256,4.0,2.23159136044214,"{9: 2, 10: 1, 13: 2, 8: 2, 7: 4, 5: 11, 3: 23, 6: 8, 4: 18, 2: 29}",-0.7870583029069778
519,barabasi_albert,100,5,2,100,3.2606,4.0,2.541653005427767,"{15: 2, 8: 2, 9: 2, 11: 1, 10: 1, 6: 10, 7: 2, 3: 18, 5: 13, 4: 12, 2: 37}",-0.7870583029069778
520,barabasi_albert,100,5,2,100,3.2464,4.0,2.649528259898354,"{14: 1, 12: 1, 13: 1, 10: 2, 9: 2, 5: 8, 11: 1, 3: 25, 6: 5, 4: 12, 8: 5, 7: 1, 2: 36}",-0.7870583029069778
521,barabasi_albert,100,5,2,100,3.2484,4.0,2.5219040425836985,"{13: 1, 10: 2, 12: 1, 9: 2, 11: 2, 7: 5, 8: 2, 4: 11, 6: 6, 5: 7, 3: 27, 2: 34}",-0.7870583029069778
522,barabasi_albert,100,5,2,100,3.2942,4.0,2.6758176320519302,"{16: 1, 13: 1, 9: 2, 17: 1, 10: 2, 5: 15, 3: 27, 6: 5, 4: 14, 7: 2, 2: 30}",-0.7870583029069778
523,barabasi_albert,100,5,2,100,3.29,4.0,2.5219040425836985,"{12: 1, 14: 1, 9: 3, 11: 2, 6: 10, 7: 3, 8: 3, 3: 13, 5: 7, 4: 16, 2: 41}",-0.7870583029069778
524,barabasi_albert,100,5,2,100,3.3074,4.0,2.5219040425836985,"{7: 9, 12: 2, 18: 1, 8: 2, 5: 12, 3: 23, 6: 7, 4: 10, 2: 34}",-0.7870583029069778
525,barabasi_albert,100,5,2,100,3.2844,4.0,2.5806975801127883,"{14: 1, 12: 1, 13: 1, 9: 4, 11: 1, 8: 2, 6: 9, 7: 3, 5: 7, 2: 37, 4: 12, 3: 22}",-0.7870583029069778
526,barabasi_albert,100,5,2,100,3.3744,4.0,2.3790754506740637,"{10: 2, 8: 4, 11: 1, 9: 2, 14: 1, 6: 4, 7: 5, 4: 10, 5: 13, 3: 25, 2: 33}",-0.7870583029069778
527,barabasi_albert,100,5,2,100,3.3028,4.0,2.4248711305964283,"{10: 2, 13: 1, 7: 5, 12: 1, 4: 14, 5: 11, 9: 3, 8: 4, 3: 20, 6: 3, 2: 36}",-0.7870583029069778
528,barabasi_albert,100,5,2,100,3.3366,4.0,2.2671568097509267,"{9: 1, 5: 13, 14: 1, 10: 1, 12: 1, 6: 9, 11: 1, 7: 2, 8: 2, 3: 21, 2: 30, 4: 18}",-0.7870583029069778
529,barabasi_albert,100,5,2,100,3.3134,4.0,2.3916521486202797,"{13: 2, 9: 1, 12: 1, 11: 1, 7: 5, 8: 2, 5: 7, 4: 19, 3: 20, 6: 9, 2: 33}",-0.7870583029069778
530,barabasi_albert,100,5,2,100,3.295,4.0,2.541653005427767,"{9: 5, 11: 2, 10: 2, 6: 7, 4: 16, 13: 1, 5: 4, 8: 3, 7: 2, 3: 20, 2: 38}",-0.7870583029069778
531,barabasi_albert,100,5,2,100,3.249,4.0,2.615339366124404,"{12: 2, 10: 2, 11: 1, 13: 1, 6: 8, 5: 3, 8: 2, 9: 3, 7: 4, 3: 20, 4: 15, 2: 39}",-0.7870583029069778
532,barabasi_albert,100,5,2,100,3.3702,4.0,2.222611077089287,"{7: 6, 11: 1, 8: 5, 9: 5, 6: 3, 4: 14, 5: 13, 3: 17, 2: 36}",-0.7870583029069778
533,barabasi_albert,100,5,2,100,3.2634,4.0,2.5612496949731396,"{10: 3, 13: 1, 14: 1, 7: 5, 9: 4, 4: 11, 8: 2, 5: 12, 6: 2, 3: 22, 2: 37}",-0.7870583029069778
534,barabasi_albert,100,5,2,100,3.2966,4.0,2.3194827009486403,"{9: 4, 11: 1, 12: 2, 7: 2, 5: 15, 10: 1, 8: 1, 6: 6, 3: 20, 4: 15, 2: 33}",-0.7870583029069778
535,barabasi_albert,100,5,2,100,3.334,4.0,2.4617067250182343,"{11: 3, 8: 4, 10: 2, 14: 1, 6: 7, 5: 6, 7: 4, 4: 13, 2: 31, 3: 29}",-0.7870583029069778
536,barabasi_albert,100,5,2,100,3.3236,4.0,2.4289915602982237,"{14: 1, 13: 2, 8: 5, 5: 12, 7: 4, 6: 9, 4: 14, 3: 16, 2: 37}",-0.7870583029069778
537,barabasi_albert,100,5,2,100,3.3378,4.0,2.3706539182259396,"{14: 1, 11: 2, 9: 2, 8: 5, 5: 13, 7: 5, 4: 13, 6: 4, 3: 20, 2: 35}",-0.7870583029069778
538,barabasi_albert,100,5,2,100,3.3744,4.0,2.328089345364563,"{11: 4, 9: 2, 7: 4, 4: 16, 5: 15, 6: 4, 3: 21, 12: 1, 2: 32, 8: 1}",-0.7870583029069778
539,barabasi_albert,100,5,2,100,3.2574,4.0,2.5099800796022267,"{14: 1, 12: 1, 8: 4, 11: 1, 7: 5, 9: 4, 5: 9, 6: 6, 3: 19, 2: 39, 4: 11}",-0.7870583029069778
540,barabasi_albert,100,5,2,100,3.3176,4.0,2.3832750575625967,"{13: 1, 11: 3, 6: 6, 10: 3, 5: 11, 4: 18, 8: 2, 7: 2, 2: 31, 3: 23}",-0.7870583029069778
541,barabasi_albert,100,5,2,100,3.3386,4.0,2.3065125189341593,"{8: 4, 10: 2, 12: 1, 9: 1, 6: 9, 7: 6, 11: 1, 5: 8, 3: 24, 4: 10, 2: 34}",-0.7870583029069778
542,barabasi_albert,100,5,2,100,3.3718,4.0,2.2671568097509267,"{10: 1, 6: 8, 11: 3, 8: 4, 7: 3, 9: 2, 5: 9, 3: 25, 4: 14, 2: 31}",-0.7870583029069778
543,barabasi_albert,100,5,2,100,3.3076,4.0,2.4617067250182343,"{11: 1, 7: 2, 13: 1, 14: 1, 8: 2, 10: 1, 9: 3, 5: 10, 6: 11, 4: 9, 3: 25, 2: 34}",-0.7870583029069778
544,barabasi_albert,100,5,2,100,3.3892,4.0,2.009975124224178,"{9: 2, 10: 2, 8: 4, 6: 10, 5: 9, 7: 4, 4: 17, 3: 25, 2: 27}",-0.7870583029069778
545,barabasi_albert,100,5,2,100,3.2932,4.0,2.6419689627245813,"{10: 1, 13: 2, 12: 1, 17: 1, 5: 17, 7: 2, 6: 6, 4: 12, 9: 2, 3: 22, 2: 34}",-0.7870583029069778
546,barabasi_albert,100,5,2,100,3.338,4.0,2.32379000772445,"{11: 1, 7: 9, 9: 2, 12: 1, 10: 2, 6: 7, 8: 2, 3: 26, 5: 6, 2: 33, 4: 11}",-0.7870583029069778
547,barabasi_albert,100,5,2,100,3.3822,4.0,2.3021728866442674,"{14: 1, 13: 1, 9: 3, 11: 1, 6: 9, 4: 18, 5: 6, 3: 31, 7: 4, 8: 1, 2: 25}",-0.7870583029069778
548,barabasi_albert,100,5,2,100,3.3058,4.0,2.3579652245103193,"{10: 1, 9: 4, 11: 2, 7: 3, 12: 1, 8: 3, 6: 6, 5: 8, 4: 14, 2: 31, 3: 27}",-0.7870583029069778
549,barabasi_albert,100,5,2,100,3.3672,4.0,2.4083189157584592,"{10: 5, 8: 2, 12: 1, 4: 18, 9: 1, 6: 3, 11: 2, 5: 12, 2: 31, 3: 24, 7: 1}",-0.7870583029069778
550,barabasi_albert,100,5,2,100,3.4098,4.0,2.209072203437452,"{11: 2, 9: 2, 6: 9, 12: 1, 4: 15, 7: 4, 5: 11, 10: 1, 8: 1, 3: 25, 2: 29}",-0.7870583029069778
551,barabasi_albert,100,5,2,100,3.3338,4.0,2.4899799195977463,"{8: 3, 14: 1, 13: 2, 10: 1, 2: 33, 4: 13, 6: 5, 7: 7, 5: 9, 9: 1, 3: 25}",-0.7870583029069778
552,barabasi_albert,100,5,2,100,3.2658,4.0,2.5179356624028344,"{10: 3, 12: 2, 5: 10, 16: 1, 8: 2, 6: 5, 3: 21, 4: 21, 9: 1, 7: 2, 2: 32}",-0.7870583029069778
553,barabasi_albert,100,5,2,100,3.3176,4.0,2.3366642891095846,"{12: 2, 11: 1, 6: 7, 9: 2, 10: 1, 8: 4, 5: 8, 7: 4, 4: 11, 3: 31, 2: 29}",-0.7870583029069778
554,barabasi_albert,100,5,2,100,3.3108,4.0,2.3706539182259396,"{12: 1, 10: 3, 9: 3, 11: 1, 6: 8, 7: 4, 8: 2, 3: 23, 5: 7, 4: 14, 2: 34}",-0.7870583029069778
555,barabasi_albert,100,5,2,100,3.4022,4.0,2.172556098240043,"{6: 8, 11: 1, 12: 1, 9: 3, 10: 1, 8: 3, 3: 23, 4: 18, 5: 11, 7: 2, 2: 29}",-0.7870583029069778
556,barabasi_albert,100,5,2,100,3.3062,4.0,2.4576411454889016,"{13: 1, 6: 5, 12: 2, 9: 4, 5: 9, 4: 20, 11: 1, 7: 3, 3: 18, 8: 2, 2: 35}",-0.7870583029069778
557,barabasi_albert,100,5,2,100,3.361,4.0,2.181742422927143,"{8: 6, 10: 2, 7: 6, 9: 3, 6: 6, 5: 6, 4: 15, 3: 25, 2: 31}",-0.7870583029069778
558,barabasi_albert,100,5,2,100,3.4122,4.0,2.3664319132398464,"{10: 1, 12: 1, 14: 1, 11: 1, 9: 2, 8: 3, 6: 7, 7: 2, 4: 14, 5: 14, 3: 21, 2: 33}",-0.7870583029069778
559,barabasi_albert,100,5,2,100,3.332,4.0,2.262741699796952,"{12: 1, 6: 2, 9: 5, 7: 4, 8: 5, 5: 13, 10: 1, 4: 12, 2: 31, 3: 26}",-0.7870583029069778
560,barabasi_albert,100,5,2,100,3.303,4.0,2.420743687382041,"{10: 3, 12: 1, 8: 3, 14: 1, 7: 5, 4: 10, 9: 1, 5: 12, 6: 6, 2: 34, 3: 24}",-0.7870583029069778
561,barabasi_albert,100,5,2,100,3.3486,4.0,2.2759613353482084,"{8: 2, 11: 2, 10: 2, 13: 1, 5: 9, 6: 11, 4: 13, 2: 30, 7: 4, 3: 26}",-0.7870583029069778
562,barabasi_albert,100,5,2,100,3.2534,4.0,2.4617067250182343,"{6: 7, 10: 1, 14: 1, 11: 3, 12: 1, 8: 2, 4: 19, 9: 1, 5: 8, 7: 2, 3: 24, 2: 31}",-0.7870583029069778
563,barabasi_albert,100,5,2,100,3.3046,4.0,2.4,"{16: 1, 11: 1, 8: 3, 9: 3, 5: 13, 4: 14, 10: 2, 7: 2, 3: 29, 6: 4, 2: 28}",-0.7870583029069778
564,barabasi_albert,100,5,2,100,3.3018,4.0,2.6343879744638983,"{15: 1, 8: 7, 13: 2, 11: 1, 7: 4, 4: 15, 6: 5, 9: 1, 5: 4, 3: 25, 2: 35}",-0.7870583029069778
565,barabasi_albert,100,5,2,100,3.3366,4.0,2.4617067250182343,"{13: 1, 14: 1, 12: 2, 7: 6, 5: 9, 3: 26, 2: 31, 4: 15, 6: 5, 8: 4}",-0.7870583029069778
566,barabasi_albert,100,5,2,100,3.2318,4.0,2.5019992006393608,"{8: 3, 11: 4, 13: 1, 9: 1, 5: 10, 7: 5, 6: 5, 2: 35, 4: 10, 10: 1, 3: 25}",-0.7870583029069778
567,barabasi_albert,100,5,2,100,3.2878,4.0,2.3790754506740637,"{12: 1, 7: 9, 9: 3, 10: 2, 6: 8, 11: 1, 5: 7, 4: 9, 8: 1, 2: 37, 3: 22}",-0.7870583029069778
568,barabasi_albert,100,5,2,100,3.353,4.0,2.345207879911715,"{11: 2, 12: 1, 9: 1, 7: 8, 13: 1, 8: 1, 6: 8, 3: 28, 5: 10, 2: 31, 4: 9}",-0.7870583029069778
569,barabasi_albert,100,5,2,100,3.2592,4.0,2.6115129714401193,"{13: 1, 8: 3, 12: 1, 17: 1, 3: 23, 11: 1, 4: 12, 5: 10, 6: 7, 7: 5, 9: 1, 2: 35}",-0.7870583029069778
570,barabasi_albert,100,5,2,100,3.3454,4.0,2.4041630560342617,"{11: 1, 9: 3, 12: 2, 10: 2, 7: 5, 6: 6, 4: 19, 5: 3, 3: 26, 2: 31, 8: 2}",-0.7870583029069778
571,barabasi_albert,100,5,2,100,3.3732,4.0,2.3151673805580453,"{11: 2, 7: 8, 12: 1, 15: 1, 6: 5, 5: 9, 4: 21, 2: 28, 3: 24, 8: 1}",-0.7870583029069778
572,barabasi_albert,100,5,2,100,3.2922,4.0,2.3108440016582685,"{11: 1, 9: 2, 13: 1, 8: 5, 10: 2, 4: 17, 6: 7, 7: 2, 5: 8, 3: 24, 2: 31}",-0.7870583029069778
573,barabasi_albert,100,5,2,100,3.2648,4.0,2.541653005427767,"{12: 1, 14: 2, 8: 1, 7: 8, 9: 2, 5: 11, 3: 24, 4: 10, 11: 1, 6: 5, 2: 35}",-0.7870583029069778
574,barabasi_albert,100,5,2,100,3.352,4.0,2.2494443758403984,"{7: 8, 9: 2, 13: 1, 8: 3, 11: 1, 6: 5, 3: 30, 4: 13, 5: 8, 2: 28, 10: 1}",-0.7870583029069778
575,barabasi_albert,100,5,2,100,3.3106,4.0,2.3832750575625967,"{12: 2, 10: 2, 13: 1, 5: 13, 8: 2, 11: 1, 6: 5, 4: 18, 7: 3, 3: 22, 2: 31}",-0.7870583029069778
576,barabasi_albert,100,5,2,100,3.3602,4.0,2.3874672772626644,"{13: 2, 11: 1, 10: 1, 12: 1, 7: 5, 6: 8, 4: 17, 9: 1, 8: 1, 5: 5, 3: 32, 2: 26}",-0.7870583029069778
577,barabasi_albert,100,5,2,100,3.2762,4.0,2.4248711305964283,"{8: 3, 9: 3, 10: 3, 11: 1, 7: 4, 13: 1, 5: 9, 6: 5, 4: 14, 2: 35, 3: 22}",-0.7870583029069778
578,barabasi_albert,100,5,2,100,3.35,4.0,2.253885533916929,"{9: 1, 7: 4, 12: 3, 8: 5, 6: 5, 4: 20, 5: 11, 3: 20, 2: 31}",-0.7870583029069778
579,barabasi_albert,100,5,2,100,3.349,4.0,2.3790754506740637,"{13: 1, 15: 1, 5: 9, 7: 5, 11: 1, 8: 3, 4: 17, 6: 9, 9: 1, 3: 20, 2: 33}",-0.7870583029069778
580,barabasi_albert,100,5,2,100,3.3502,4.0,2.3622023622035435,"{11: 3, 10: 2, 7: 5, 12: 1, 8: 2, 6: 9, 5: 7, 4: 15, 2: 33, 3: 23}",-0.7870583029069778
581,barabasi_albert,100,5,2,100,3.2912,4.0,2.4819347291981715,"{11: 1, 14: 1, 15: 1, 7: 2, 10: 1, 8: 5, 5: 12, 6: 6, 4: 12, 9: 1, 3: 27, 2: 31}",-0.7870583029069778
582,barabasi_albert,100,5,2,100,3.2944,4.0,2.4331050121192876,"{9: 2, 10: 1, 6: 7, 13: 1, 12: 2, 7: 4, 5: 10, 8: 4, 3: 27, 4: 9, 2: 33}",-0.7870583029069778
583,barabasi_albert,100,5,2,100,3.3092,4.0,2.4576411454889016,"{12: 2, 11: 1, 13: 1, 9: 2, 7: 4, 4: 14, 10: 2, 3: 27, 6: 7, 5: 9, 2: 31}",-0.7870583029069778
584,barabasi_albert,100,5,2,100,3.362,4.0,2.253885533916929,"{12: 1, 8: 5, 9: 3, 10: 1, 6: 5, 3: 23, 7: 7, 5: 11, 4: 10, 2: 34}",-0.7870583029069778
585,barabasi_albert,100,5,2,100,3.2844,4.0,2.4698178070456938,"{10: 3, 11: 3, 9: 3, 6: 10, 5: 10, 7: 2, 8: 2, 4: 10, 2: 41, 3: 16}",-0.7870583029069778
586,barabasi_albert,100,5,2,100,3.2828,4.0,2.449489742783178,"{9: 1, 10: 2, 12: 2, 13: 1, 7: 3, 4: 10, 8: 4, 5: 10, 6: 8, 2: 34, 3: 25}",-0.7870583029069778
587,barabasi_albert,100,5,2,100,3.2842,4.0,2.513961017995307,"{13: 2, 11: 1, 7: 2, 8: 4, 6: 4, 4: 14, 9: 3, 10: 2, 5: 11, 3: 21, 2: 36}",-0.7870583029069778
588,barabasi_albert,100,5,2,100,3.3432,4.0,2.4372115213907883,"{7: 5, 12: 3, 9: 5, 8: 3, 4: 17, 2: 36, 3: 19, 5: 9, 6: 3}",-0.7870583029069778
589,barabasi_albert,100,5,2,100,3.3024,4.0,2.4041630560342617,"{12: 1, 10: 5, 8: 3, 11: 1, 9: 2, 6: 3, 5: 9, 7: 2, 4: 16, 3: 28, 2: 30}",-0.7870583029069778
590,barabasi_albert,100,5,2,100,3.3286,4.0,2.4289915602982237,"{11: 1, 8: 6, 15: 1, 10: 3, 7: 4, 6: 6, 4: 10, 3: 33, 5: 7, 2: 29}",-0.7870583029069778
591,barabasi_albert,100,5,2,100,3.356,4.0,2.258317958127243,"{10: 4, 11: 3, 6: 9, 7: 2, 5: 13, 3: 12, 4: 22, 2: 35}",-0.7870583029069778
592,barabasi_albert,100,5,2,100,3.3214,4.0,2.453568829277059,"{10: 2, 12: 1, 14: 1, 11: 1, 7: 4, 9: 2, 8: 2, 6: 7, 4: 11, 5: 11, 3: 24, 2: 34}",-0.7870583029069778
593,barabasi_albert,100,5,2,100,3.336,4.0,2.32379000772445,"{5: 12, 12: 1, 9: 2, 10: 4, 11: 1, 7: 4, 6: 4, 8: 1, 3: 17, 4: 20, 2: 34}",-0.7870583029069778
594,barabasi_albert,100,5,2,100,3.2892,4.0,2.4899799195977463,"{13: 1, 9: 5, 10: 1, 8: 7, 7: 5, 5: 6, 6: 7, 3: 19, 2: 42, 4: 7}",-0.7870583029069778
595,barabasi_albert,100,5,2,100,3.2876,4.0,2.6,"{11: 1, 14: 1, 12: 2, 6: 5, 8: 4, 3: 26, 10: 2, 5: 9, 7: 2, 9: 2, 2: 35, 4: 11}",-0.7870583029069778
596,barabasi_albert,100,5,2,100,3.3516,4.0,2.2759613353482084,"{8: 5, 10: 2, 11: 2, 7: 3, 6: 5, 5: 15, 9: 2, 3: 24, 4: 9, 2: 33}",-0.7870583029069778
597,barabasi_albert,100,5,2,100,3.3364,4.0,2.3194827009486403,"{12: 2, 8: 3, 6: 6, 9: 2, 10: 1, 5: 8, 7: 5, 3: 22, 11: 1, 4: 18, 2: 32}",-0.7870583029069778
598,barabasi_albert,100,5,2,100,3.3378,4.0,2.4657656011875906,"{10: 1, 12: 1, 17: 1, 6: 8, 8: 3, 7: 6, 5: 5, 4: 22, 11: 1, 3: 19, 2: 33}",-0.7870583029069778
599,barabasi_albert,100,5,2,100,3.2802,4.0,2.353720459187964,"{10: 4, 13: 1, 9: 2, 6: 6, 8: 3, 5: 10, 7: 4, 4: 17, 3: 17, 2: 36}",-0.7870583029069778
600,barabasi_albert,100,5,2,100,3.3042,4.0,2.3366642891095846,"{9: 4, 13: 1, 11: 2, 5: 9, 6: 9, 8: 3, 4: 16, 7: 2, 3: 20, 2: 34}",-0.7870583029069778
601,barabasi_albert,100,5,2,100,3.2914,4.0,2.4738633753705965,"{10: 1, 8: 4, 13: 2, 4: 13, 6: 6, 9: 3, 11: 1, 5: 10, 3: 21, 7: 3, 2: 36}",-0.7870583029069778
602,barabasi_albert,100,5,2,100,3.3192,4.0,2.4413111231467406,"{9: 2, 15: 1, 10: 1, 11: 2, 7: 4, 6: 7, 8: 3, 4: 15, 3: 15, 5: 12, 2: 38}",-0.7870583029069778
603,barabasi_albert,100,5,2,100,3.2528,4.0,2.6907248094147422,"{15: 1, 7: 2, 13: 2, 9: 3, 8: 3, 11: 1, 6: 6, 10: 1, 3: 16, 5: 11, 4: 13, 2: 41}",-0.7870583029069778
604,barabasi_albert,100,5,2,100,3.279,4.0,2.5059928172283334,"{10: 1, 9: 5, 14: 2, 6: 9, 5: 9, 7: 4, 3: 18, 4: 13, 2: 38, 8: 1}",-0.7870583029069778
605,barabasi_albert,100,5,2,100,3.3466,4.0,2.3108440016582685,"{8: 4, 9: 3, 7: 7, 10: 4, 4: 14, 5: 6, 6: 5, 2: 35, 3: 22}",-0.7870583029069778
606,barabasi_albert,100,5,2,100,3.3006,4.0,2.4617067250182343,"{10: 1, 12: 2, 13: 1, 7: 9, 6: 4, 5: 7, 9: 1, 8: 4, 4: 14, 3: 20, 2: 37}",-0.7870583029069778
607,barabasi_albert,100,5,2,100,3.3668,4.0,2.2891046284519194,"{13: 1, 8: 4, 11: 1, 12: 1, 6: 7, 7: 7, 9: 1, 5: 6, 4: 15, 3: 28, 2: 29}",-0.7870583029069778
608,barabasi_albert,100,5,2,100,3.2856,4.0,2.4124676163629637,"{9: 3, 13: 1, 11: 1, 6: 5, 12: 2, 5: 13, 7: 4, 3: 32, 4: 10, 10: 1, 2: 28}",-0.7870583029069778
609,barabasi_albert,100,5,2,100,3.257,4.0,2.6115129714401193,"{11: 2, 9: 3, 10: 2, 13: 2, 6: 6, 7: 4, 8: 2, 5: 7, 4: 13, 2: 39, 3: 20}",-0.7870583029069778
610,barabasi_albert,100,5,2,100,3.344,4.0,2.2759613353482084,"{10: 3, 7: 4, 9: 3, 8: 3, 6: 4, 3: 24, 5: 10, 4: 18, 13: 1, 2: 30}",-0.7870583029069778
611,barabasi_albert,100,5,2,100,3.3558,4.0,2.3664319132398464,"{12: 1, 9: 2, 11: 2, 10: 2, 8: 3, 7: 3, 6: 8, 3: 23, 5: 10, 4: 12, 2: 34}",-0.7870583029069778
612,barabasi_albert,100,5,2,100,3.2908,4.0,2.3916521486202797,"{13: 1, 9: 1, 8: 4, 12: 2, 7: 2, 5: 14, 11: 1, 6: 9, 4: 8, 3: 25, 2: 33}",-0.7870583029069778
613,barabasi_albert,100,5,2,100,3.297,4.0,2.565151067676132,"{12: 3, 10: 2, 8: 1, 6: 7, 11: 1, 4: 15, 7: 3, 9: 1, 5: 8, 13: 1, 3: 24, 2: 34}",-0.7870583029069778
614,barabasi_albert,100,5,2,100,3.3964,4.0,2.172556098240043,"{8: 5, 9: 4, 14: 1, 5: 14, 7: 2, 3: 20, 4: 19, 6: 5, 2: 30}",-0.7870583029069778
615,barabasi_albert,100,5,2,100,3.2998,4.0,2.4248711305964283,"{10: 2, 5: 9, 13: 2, 8: 6, 12: 1, 3: 28, 6: 7, 4: 14, 7: 1, 2: 30}",-0.7870583029069778
616,barabasi_albert,100,5,2,100,3.2184,4.0,2.513961017995307,"{12: 1, 11: 2, 13: 2, 6: 5, 5: 11, 7: 6, 9: 1, 4: 15, 8: 2, 3: 18, 2: 37}",-0.7870583029069778
617,barabasi_albert,100,5,2,100,3.3358,4.0,2.3664319132398464,"{11: 1, 8: 6, 10: 3, 7: 2, 3: 22, 12: 1, 4: 12, 6: 7, 5: 10, 9: 1, 2: 35}",-0.7870583029069778
618,barabasi_albert,100,5,2,100,3.306,4.0,2.545584412271571,"{10: 2, 9: 4, 13: 1, 12: 1, 15: 1, 6: 5, 7: 2, 5: 14, 3: 22, 4: 14, 2: 34}",-0.7870583029069778
619,barabasi_albert,100,5,2,100,3.4136,4.0,2.209072203437452,"{7: 5, 8: 3, 14: 1, 10: 1, 9: 1, 5: 10, 6: 8, 11: 1, 4: 20, 3: 19, 2: 31}",-0.7870583029069778
620,barabasi_albert,100,5,2,100,3.284,4.0,2.5099800796022267,"{12: 3, 15: 1, 7: 5, 4: 17, 5: 9, 9: 1, 8: 3, 6: 7, 3: 18, 2: 36}",-0.7870583029069778
621,barabasi_albert,100,5,2,100,3.2836,4.0,2.513961017995307,"{11: 1, 12: 1, 14: 1, 9: 2, 13: 1, 8: 4, 7: 3, 4: 16, 6: 8, 3: 23, 5: 6, 2: 34}",-0.7870583029069778
622,barabasi_albert,100,5,2,100,3.348,4.0,2.4738633753705965,"{12: 1, 11: 2, 9: 1, 10: 2, 8: 4, 6: 6, 13: 1, 7: 2, 4: 17, 5: 8, 3: 22, 2: 34}",-0.7870583029069778
623,barabasi_albert,100,5,2,100,3.2688,4.0,2.5258661880630178,"{10: 1, 8: 3, 7: 7, 13: 1, 14: 1, 11: 1, 9: 2, 2: 35, 6: 10, 3: 28, 4: 8, 5: 3}",-0.7870583029069778
624,barabasi_albert,100,5,2,100,3.3174,4.0,2.3706539182259396,"{12: 1, 9: 5, 13: 1, 10: 2, 5: 8, 6: 9, 3: 23, 4: 17, 8: 1, 7: 1, 2: 32}",-0.7870583029069778
625,barabasi_albert,100,5,2,100,3.3862,4.0,2.3706539182259396,"{15: 1, 9: 2, 10: 4, 8: 1, 6: 6, 7: 5, 5: 10, 3: 20, 2: 33, 4: 18}",-0.7870583029069778
626,barabasi_albert,100,5,2,100,3.267,4.0,2.584569596664017,"{10: 3, 14: 2, 7: 4, 6: 6, 9: 2, 4: 16, 8: 5, 3: 23, 5: 3, 2: 36}",-0.7870583029069778
627,barabasi_albert,100,5,2,100,3.355,4.0,2.3622023622035435,"{10: 2, 14: 1, 6: 7, 8: 4, 7: 6, 2: 35, 5: 5, 4: 17, 9: 3, 3: 20}",-0.7870583029069778
628,barabasi_albert,100,5,2,100,3.381,4.0,2.3323807579381204,"{10: 2, 9: 4, 14: 1, 8: 1, 5: 15, 2: 36, 7: 6, 3: 19, 6: 6, 4: 10}",-0.7870583029069778
629,barabasi_albert,100,5,2,100,3.3374,4.0,2.4331050121192876,"{15: 1, 12: 1, 10: 2, 9: 2, 7: 4, 8: 4, 3: 26, 5: 11, 4: 12, 6: 5, 2: 32}",-0.7870583029069778
630,barabasi_albert,100,5,2,100,3.3022,4.0,2.3832750575625967,"{7: 4, 8: 3, 10: 1, 13: 2, 9: 1, 6: 12, 11: 1, 5: 5, 4: 17, 3: 19, 2: 35}",-0.7870583029069778
631,barabasi_albert,100,5,2,100,3.2816,4.0,2.5258661880630178,"{13: 2, 8: 3, 12: 2, 10: 1, 7: 4, 3: 25, 4: 13, 6: 9, 5: 6, 2: 34, 9: 1}",-0.7870583029069778
632,barabasi_albert,100,5,2,100,3.285,4.0,2.541653005427767,"{10: 2, 8: 1, 13: 1, 16: 1, 12: 1, 3: 23, 9: 2, 7: 4, 4: 13, 6: 3, 5: 16, 2: 33}",-0.7870583029069778
633,barabasi_albert,100,5,2,100,3.3012,4.0,2.4083189157584592,"{11: 3, 12: 1, 6: 7, 10: 2, 5: 6, 7: 5, 9: 2, 8: 1, 3: 28, 4: 14, 2: 31}",-0.7870583029069778
634,barabasi_albert,100,5,2,100,3.2718,4.0,2.4859605789312105,"{11: 5, 9: 4, 8: 4, 4: 12, 3: 25, 7: 1, 6: 7, 2: 35, 5: 7}",-0.7870583029069778
635,barabasi_albert,100,5,2,100,3.3188,4.0,2.4859605789312105,"{11: 2, 12: 1, 9: 3, 15: 1, 5: 11, 6: 7, 4: 11, 7: 5, 3: 24, 8: 1, 2: 34}",-0.7870583029069778
636,barabasi_albert,100,5,2,100,3.2998,4.0,2.4041630560342617,"{14: 1, 6: 8, 11: 1, 10: 1, 8: 4, 13: 1, 5: 5, 4: 20, 7: 4, 2: 32, 9: 1, 3: 22}",-0.7870583029069778
637,barabasi_albert,100,5,2,100,3.3626,4.0,2.3194827009486403,"{8: 2, 10: 2, 11: 1, 7: 6, 12: 1, 4: 16, 3: 21, 9: 3, 6: 7, 2: 34, 5: 7}",-0.7870583029069778
638,barabasi_albert,100,5,2,100,3.297,4.0,2.4331050121192876,"{15: 1, 9: 3, 10: 1, 12: 1, 6: 8, 8: 2, 7: 6, 3: 19, 5: 11, 4: 11, 2: 37}",-0.7870583029069778
639,barabasi_albert,100,5,2,100,3.3542,4.0,2.2847319317591723,"{13: 1, 14: 1, 8: 3, 7: 5, 6: 7, 9: 1, 10: 1, 5: 14, 4: 12, 3: 25, 2: 30}",-0.7870583029069778
640,barabasi_albert,100,5,2,100,3.3158,4.0,2.4289915602982237,"{15: 1, 9: 3, 10: 1, 12: 1, 5: 12, 7: 4, 8: 4, 3: 18, 4: 15, 6: 5, 2: 36}",-0.7870583029069778
641,barabasi_albert,100,5,2,100,3.2474,4.0,2.756809750418044,"{11: 3, 9: 2, 20: 1, 10: 2, 4: 11, 7: 2, 3: 24, 5: 13, 6: 6, 8: 1, 2: 35}",-0.7870583029069778
642,barabasi_albert,100,5,2,100,3.363,4.0,2.16794833886788,"{10: 1, 11: 3, 6: 7, 8: 2, 4: 12, 7: 7, 5: 15, 3: 21, 2: 32}",-0.7870583029069778
643,barabasi_albert,100,5,2,100,3.3414,4.0,2.3151673805580453,"{12: 1, 9: 4, 7: 5, 10: 4, 5: 11, 6: 5, 3: 24, 4: 14, 2: 32}",-0.7870583029069778
644,barabasi_albert,100,5,2,100,3.2946,4.0,2.5768197453450252,"{8: 5, 12: 3, 16: 1, 10: 1, 7: 3, 6: 6, 5: 8, 4: 13, 2: 31, 3: 29}",-0.7870583029069778
645,barabasi_albert,100,5,2,100,3.2936,4.0,2.6343879744638983,"{12: 1, 16: 1, 11: 1, 15: 1, 7: 6, 10: 1, 6: 6, 8: 2, 2: 35, 5: 9, 4: 16, 3: 21}",-0.7870583029069778
646,barabasi_albert,100,5,2,100,3.2794,4.0,2.4083189157584592,"{10: 4, 11: 1, 8: 2, 12: 1, 4: 11, 9: 2, 7: 6, 5: 10, 6: 4, 3: 25, 2: 34}",-0.7870583029069778
647,barabasi_albert,100,5,2,100,3.3764,4.0,2.2181073012818833,"{9: 4, 13: 1, 11: 1, 7: 5, 8: 2, 4: 19, 6: 8, 5: 8, 2: 31, 3: 21}",-0.7870583029069778
648,barabasi_albert,100,5,2,100,3.3052,4.0,2.3065125189341593,"{12: 2, 10: 2, 8: 3, 7: 5, 4: 14, 2: 31, 11: 1, 6: 8, 3: 25, 5: 9}",-0.7870583029069778
649,barabasi_albert,100,5,2,100,3.3164,4.0,2.3748684174075834,"{11: 3, 5: 10, 9: 1, 12: 2, 8: 4, 7: 3, 6: 4, 3: 23, 4: 19, 2: 31}",-0.7870583029069778
650,barabasi_albert,100,5,2,100,3.3776,4.0,2.240535650240808,"{9: 4, 10: 3, 11: 1, 5: 6, 7: 7, 8: 2, 4: 17, 3: 32, 6: 2, 2: 26}",-0.7870583029069778
651,barabasi_albert,100,5,2,100,3.2526,4.0,2.592296279363144,"{11: 2, 8: 3, 14: 1, 9: 3, 10: 2, 12: 1, 5: 9, 6: 7, 7: 1, 3: 25, 2: 36, 4: 10}",-0.7870583029069778
652,barabasi_albert,100,5,2,100,3.3278,4.0,2.4124676163629637,"{12: 2, 11: 2, 7: 6, 9: 2, 6: 7, 10: 1, 4: 15, 3: 19, 5: 9, 8: 1, 2: 36}",-0.7870583029069778
653,barabasi_albert,100,5,2,100,3.3082,4.0,2.4331050121192876,"{11: 3, 10: 1, 9: 4, 12: 1, 8: 2, 7: 2, 6: 6, 4: 12, 3: 24, 5: 11, 2: 34}",-0.7870583029069778
654,barabasi_albert,100,5,2,100,3.298,4.0,2.3748684174075834,"{6: 7, 13: 1, 12: 2, 10: 1, 11: 1, 8: 1, 2: 32, 5: 8, 7: 5, 9: 1, 4: 21, 3: 20}",-0.7870583029069778
655,barabasi_albert,100,5,2,100,3.3668,4.0,2.3065125189341593,"{11: 3, 10: 1, 12: 1, 6: 8, 7: 7, 4: 13, 8: 2, 3: 26, 5: 8, 2: 31}",-0.7870583029069778
656,barabasi_albert,100,5,2,100,3.3402,4.0,2.4041630560342617,"{7: 7, 10: 1, 16: 1, 9: 5, 6: 3, 4: 17, 5: 10, 8: 2, 3: 20, 2: 34}",-0.7870583029069778
657,barabasi_albert,100,5,2,100,3.233,4.0,2.630589287593181,"{11: 1, 8: 7, 10: 4, 15: 1, 12: 1, 6: 3, 2: 36, 7: 2, 4: 17, 3: 23, 5: 5}",-0.7870583029069778
658,barabasi_albert,100,5,2,100,3.4042,4.0,2.244994432064365,"{8: 5, 13: 1, 10: 2, 11: 1, 6: 7, 5: 9, 7: 4, 4: 21, 3: 17, 2: 33}",-0.7870583029069778
659,barabasi_albert,100,5,2,100,3.2982,4.0,2.4248711305964283,"{6: 8, 8: 2, 13: 1, 10: 1, 11: 3, 9: 3, 7: 2, 5: 9, 3: 22, 4: 15, 2: 34}",-0.7870583029069778
660,barabasi_albert,100,5,2,100,3.333,4.0,2.4041630560342617,"{11: 1, 8: 6, 9: 3, 13: 1, 10: 2, 5: 10, 4: 15, 6: 4, 7: 2, 3: 21, 2: 35}",-0.7870583029069778
661,barabasi_albert,100,5,2,100,3.2866,4.0,2.453568829277059,"{8: 3, 10: 2, 6: 6, 7: 7, 13: 1, 4: 10, 9: 1, 15: 1, 5: 10, 3: 26, 2: 33}",-0.7870583029069778
662,barabasi_albert,100,5,2,100,3.3258,4.0,2.4248711305964283,"{14: 1, 13: 1, 9: 2, 10: 1, 6: 12, 4: 13, 12: 1, 3: 30, 7: 1, 5: 6, 8: 3, 2: 29}",-0.7870583029069778
663,barabasi_albert,100,5,2,100,3.2722,4.0,2.619160170741759,"{13: 1, 10: 3, 11: 2, 5: 11, 8: 4, 4: 13, 6: 5, 3: 17, 14: 1, 7: 3, 2: 40}",-0.7870583029069778
664,barabasi_albert,100,5,2,100,3.3232,4.0,2.4331050121192876,"{11: 2, 14: 1, 8: 3, 10: 3, 5: 11, 7: 3, 9: 1, 6: 5, 3: 23, 4: 15, 2: 33}",-0.7870583029069778
665,barabasi_albert,100,5,2,100,3.34,4.0,2.4738633753705965,"{7: 3, 12: 2, 8: 3, 17: 1, 4: 18, 10: 1, 6: 8, 3: 28, 5: 7, 2: 28, 9: 1}",-0.7870583029069778
666,barabasi_albert,100,5,2,100,3.293,4.0,2.513961017995307,"{9: 2, 12: 1, 6: 8, 10: 2, 17: 1, 5: 12, 3: 26, 7: 3, 4: 9, 8: 3, 2: 33}",-0.7870583029069778
667,barabasi_albert,100,5,2,100,3.3692,4.0,2.2494443758403984,"{10: 1, 12: 1, 9: 5, 11: 1, 4: 21, 8: 2, 6: 4, 3: 24, 7: 4, 5: 8, 2: 29}",-0.7870583029069778
668,barabasi_albert,100,5,2,100,3.366,4.0,2.181742422927143,"{7: 5, 8: 2, 11: 1, 9: 1, 10: 1, 6: 8, 5: 15, 4: 14, 14: 1, 2: 30, 3: 22}",-0.7870583029069778
669,barabasi_albert,100,5,2,100,3.3168,4.0,2.4617067250182343,"{10: 2, 11: 3, 9: 2, 6: 5, 7: 6, 12: 1, 8: 2, 3: 22, 5: 5, 2: 35, 4: 17}",-0.7870583029069778
670,barabasi_albert,100,5,2,100,3.3532,4.0,2.227105745132009,"{6: 9, 8: 3, 10: 3, 11: 1, 9: 2, 5: 12, 4: 11, 3: 21, 7: 4, 2: 34}",-0.7870583029069778
671,barabasi_albert,100,5,2,100,3.3838,4.0,2.340939982143925,"{9: 3, 11: 1, 10: 1, 15: 1, 8: 3, 5: 15, 6: 6, 7: 3, 4: 13, 3: 21, 2: 33}",-0.7870583029069778
672,barabasi_albert,100,5,2,100,3.3128,4.0,2.3958297101421877,"{6: 9, 10: 3, 11: 1, 14: 1, 9: 2, 8: 2, 7: 3, 2: 37, 4: 18, 5: 9, 3: 15}",-0.7870583029069778
673,barabasi_albert,100,5,2,100,3.2824,4.0,2.4657656011875906,"{12: 5, 8: 2, 9: 2, 6: 4, 7: 2, 4: 18, 5: 15, 3: 17, 2: 35}",-0.7870583029069778
674,barabasi_albert,100,5,2,100,3.3382,4.0,2.445403852127497,"{13: 1, 10: 3, 9: 3, 8: 1, 6: 7, 11: 1, 3: 27, 5: 8, 12: 1, 4: 15, 7: 2, 2: 31}",-0.7870583029069778
675,barabasi_albert,100,5,2,100,3.2736,4.0,2.694438717061496,"{17: 1, 12: 2, 9: 3, 13: 1, 6: 4, 5: 15, 4: 11, 7: 4, 3: 18, 8: 2, 2: 39}",-0.7870583029069778
676,barabasi_albert,100,5,2,100,3.3282,4.0,2.3958297101421877,"{7: 6, 14: 1, 6: 6, 11: 1, 13: 1, 5: 10, 10: 2, 4: 18, 3: 20, 8: 2, 2: 33}",-0.7870583029069778
677,barabasi_albert,100,5,2,100,3.3056,4.0,2.5179356624028344,"{12: 2, 13: 2, 9: 2, 11: 1, 5: 7, 7: 4, 8: 1, 6: 7, 4: 21, 3: 18, 2: 35}",-0.7870583029069778
678,barabasi_albert,100,5,2,100,3.3482,4.0,2.3065125189341593,"{10: 2, 9: 2, 12: 1, 6: 9, 7: 4, 5: 11, 4: 15, 14: 1, 8: 1, 3: 23, 2: 31}",-0.7870583029069778
679,barabasi_albert,100,5,2,100,3.3102,4.0,2.345207879911715,"{11: 1, 12: 1, 9: 3, 14: 1, 8: 2, 6: 7, 7: 4, 5: 14, 3: 24, 4: 11, 2: 32}",-0.7870583029069778
680,barabasi_albert,100,5,2,100,3.2452,4.0,2.6570660511172846,"{17: 1, 14: 1, 8: 2, 11: 1, 7: 7, 6: 6, 12: 1, 4: 16, 5: 7, 3: 22, 10: 1, 2: 35}",-0.7870583029069778
681,barabasi_albert,100,5,2,100,3.2878,4.0,2.565151067676132,"{11: 2, 13: 1, 7: 5, 17: 1, 4: 15, 8: 5, 5: 11, 6: 4, 3: 22, 2: 34}",-0.7870583029069778
682,barabasi_albert,100,5,2,100,3.2586,4.0,2.4331050121192876,"{10: 3, 8: 2, 12: 1, 14: 1, 7: 7, 6: 8, 5: 5, 9: 1, 4: 17, 3: 19, 2: 36}",-0.7870583029069778
683,barabasi_albert,100,5,2,100,3.3256,4.0,2.4698178070456938,"{10: 3, 8: 2, 13: 1, 11: 1, 6: 5, 14: 1, 5: 12, 7: 3, 3: 20, 4: 17, 9: 1, 2: 34}",-0.7870583029069778
684,barabasi_albert,100,5,2,100,3.284,4.0,2.4979991993593593,"{6: 5, 7: 3, 10: 1, 12: 2, 15: 1, 5: 10, 9: 2, 8: 2, 11: 1, 4: 18, 2: 32, 3: 23}",-0.7870583029069778
685,barabasi_albert,100,5,2,100,3.272,4.0,2.513961017995307,"{11: 1, 10: 2, 12: 1, 15: 1, 8: 2, 5: 11, 4: 19, 6: 6, 9: 3, 3: 14, 7: 2, 2: 38}",-0.7870583029069778
686,barabasi_albert,100,5,2,100,3.269,4.0,2.565151067676132,"{7: 3, 15: 1, 14: 1, 9: 3, 10: 2, 6: 8, 5: 11, 8: 3, 4: 10, 3: 20, 2: 38}",-0.7870583029069778
687,barabasi_albert,100,5,2,100,3.3084,4.0,2.5179356624028344,"{10: 2, 11: 2, 14: 1, 8: 4, 12: 1, 5: 9, 4: 15, 7: 4, 6: 6, 3: 19, 2: 37}",-0.7870583029069778
688,barabasi_albert,100,5,2,100,3.3018,4.0,2.3916521486202797,"{6: 7, 12: 2, 8: 3, 14: 1, 9: 2, 10: 1, 7: 3, 4: 19, 5: 8, 3: 23, 2: 31}",-0.7870583029069778
689,barabasi_albert,100,5,2,100,3.2874,4.0,2.5768197453450252,"{10: 5, 14: 2, 9: 1, 5: 9, 4: 11, 6: 6, 7: 5, 8: 1, 2: 35, 3: 25}",-0.7870583029069778
690,barabasi_albert,100,5,2,100,3.259,4.0,2.5019992006393608,"{14: 1, 10: 3, 11: 2, 6: 6, 7: 3, 8: 6, 4: 14, 2: 36, 5: 7, 3: 22}",-0.7870583029069778
691,barabasi_albert,100,5,2,100,3.3524,4.0,2.3790754506740637,"{14: 1, 9: 3, 11: 2, 10: 1, 6: 9, 2: 34, 7: 2, 8: 2, 5: 13, 3: 22, 4: 11}",-0.7870583029069778
692,barabasi_albert,100,5,2,100,3.3266,4.0,2.513961017995307,"{10: 1, 13: 1, 9: 1, 15: 1, 7: 5, 12: 1, 6: 8, 8: 3, 2: 40, 3: 11, 5: 9, 4: 19}",-0.7870583029069778
693,barabasi_albert,100,5,2,100,3.2964,4.0,2.4331050121192876,"{10: 3, 9: 2, 11: 2, 13: 1, 7: 3, 6: 10, 4: 11, 3: 23, 5: 9, 8: 1, 2: 35}",-0.7870583029069778
694,barabasi_albert,100,5,2,100,3.3762,4.0,2.349468024894146,"{11: 2, 9: 4, 14: 1, 6: 11, 3: 21, 7: 5, 5: 8, 4: 14, 2: 34}",-0.7870583029069778
695,barabasi_albert,100,5,2,100,3.3456,4.0,2.3958297101421877,"{11: 2, 7: 6, 12: 2, 10: 1, 8: 2, 9: 1, 6: 9, 5: 5, 4: 17, 3: 20, 2: 35}",-0.7870583029069778
696,barabasi_albert,100,5,2,100,3.3396,4.0,2.349468024894146,"{10: 3, 8: 7, 6: 2, 11: 1, 7: 8, 9: 1, 5: 8, 4: 14, 3: 18, 2: 38}",-0.7870583029069778
697,barabasi_albert,100,5,2,100,3.3284,4.0,2.3790754506740637,"{7: 9, 10: 1, 14: 1, 13: 1, 8: 2, 9: 2, 5: 10, 6: 5, 4: 12, 2: 33, 3: 24}",-0.7870583029069778
698,barabasi_albert,100,5,2,100,3.2154,4.0,2.6907248094147422,"{10: 1, 16: 1, 12: 2, 8: 4, 11: 1, 4: 16, 6: 8, 5: 6, 13: 1, 7: 2, 3: 22, 2: 36}",-0.7870583029069778
699,barabasi_albert,100,5,2,100,3.2648,4.0,2.453568829277059,"{9: 3, 12: 2, 10: 1, 7: 7, 8: 4, 5: 9, 11: 1, 3: 18, 6: 2, 4: 15, 2: 38}",-0.7870583029069778
700,barabasi_albert,100,5,2,100,3.2588,4.0,2.6570660511172846,"{8: 2, 15: 1, 12: 2, 9: 2, 11: 2, 6: 8, 7: 2, 10: 1, 4: 15, 2: 42, 5: 10, 3: 13}",-0.7870583029069778
701,barabasi_albert,100,5,2,100,3.3248,4.0,2.3748684174075834,"{10: 1, 9: 2, 6: 8, 14: 1, 12: 1, 4: 21, 11: 1, 8: 3, 7: 3, 3: 19, 5: 7, 2: 33}",-0.7870583029069778
702,barabasi_albert,100,5,2,100,3.2802,4.0,2.5377155080899043,"{6: 8, 10: 2, 9: 1, 15: 1, 14: 1, 8: 5, 4: 18, 7: 3, 5: 10, 2: 42, 3: 9}",-0.7870583029069778
703,barabasi_albert,100,5,2,100,3.328,4.0,2.3622023622035435,"{11: 1, 13: 1, 9: 3, 7: 2, 8: 4, 5: 15, 3: 16, 10: 2, 4: 14, 2: 37, 6: 5}",-0.7870583029069778
704,barabasi_albert,100,5,2,100,3.352,4.0,2.3790754506740637,"{8: 3, 9: 5, 15: 1, 11: 1, 6: 7, 7: 3, 5: 11, 3: 21, 4: 14, 2: 34}",-0.7870583029069778
705,barabasi_albert,100,5,2,100,3.2536,4.0,2.596150997149434,"{14: 1, 10: 2, 9: 5, 13: 1, 11: 1, 6: 5, 5: 9, 4: 7, 8: 1, 7: 4, 3: 30, 2: 34}",-0.7870583029069778
706,barabasi_albert,100,5,2,100,3.3156,4.0,2.32379000772445,"{12: 2, 13: 1, 7: 5, 10: 1, 5: 10, 6: 6, 8: 4, 4: 21, 2: 34, 3: 16}",-0.7870583029069778
707,barabasi_albert,100,5,2,100,3.2772,4.0,2.5298221281347035,"{9: 2, 15: 1, 14: 2, 8: 3, 6: 8, 4: 15, 7: 3, 5: 10, 3: 24, 2: 32}",-0.7870583029069778
708,barabasi_albert,100,5,2,100,3.3282,4.0,2.3579652245103193,"{7: 6, 8: 3, 12: 1, 9: 5, 10: 2, 6: 6, 5: 7, 3: 26, 2: 34, 4: 10}",-0.7870583029069778
709,barabasi_albert,100,5,2,100,3.2624,4.0,2.545584412271571,"{11: 1, 8: 5, 13: 1, 15: 1, 6: 6, 10: 1, 5: 14, 4: 12, 7: 2, 2: 40, 9: 2, 3: 15}",-0.7870583029069778
710,barabasi_albert,100,5,2,100,3.2694,4.0,2.4331050121192876,"{13: 1, 6: 8, 8: 2, 10: 4, 7: 7, 9: 1, 11: 1, 3: 26, 2: 34, 4: 12, 5: 4}",-0.7870583029069778
711,barabasi_albert,100,5,2,100,3.3282,4.0,2.493992782667985,"{13: 1, 8: 3, 11: 1, 10: 2, 15: 1, 5: 11, 6: 7, 9: 2, 3: 25, 4: 14, 7: 1, 2: 32}",-0.7870583029069778
712,barabasi_albert,100,5,2,100,3.2674,4.0,2.4899799195977463,"{12: 2, 7: 6, 10: 1, 11: 2, 9: 2, 8: 4, 6: 4, 3: 29, 4: 7, 2: 34, 5: 9}",-0.7870583029069778
713,barabasi_albert,100,5,2,100,3.2802,4.0,2.5179356624028344,"{6: 6, 15: 1, 11: 2, 7: 5, 8: 2, 9: 2, 12: 1, 4: 15, 10: 1, 5: 7, 3: 25, 2: 33}",-0.7870583029069778
714,barabasi_albert,100,5,2,100,3.2794,4.0,2.569046515733026,"{13: 1, 10: 1, 15: 1, 7: 3, 9: 5, 3: 20, 8: 2, 11: 1, 6: 4, 4: 17, 5: 9, 2: 36}",-0.7870583029069778
715,barabasi_albert,100,5,2,100,3.3606,4.0,2.2671568097509267,"{10: 1, 12: 2, 8: 3, 9: 2, 11: 1, 5: 11, 6: 9, 4: 19, 7: 1, 3: 19, 2: 32}",-0.7870583029069778
716,barabasi_albert,100,5,2,100,3.2858,4.0,2.3916521486202797,"{8: 5, 12: 2, 9: 4, 7: 3, 10: 2, 5: 10, 4: 15, 6: 1, 3: 27, 2: 31}",-0.7870583029069778
717,barabasi_albert,100,5,2,100,3.3064,4.0,2.4331050121192876,"{14: 1, 12: 1, 10: 3, 9: 1, 7: 6, 8: 3, 3: 27, 5: 10, 6: 6, 4: 9, 2: 33}",-0.7870583029069778
718,barabasi_albert,100,5,2,100,3.3628,4.0,2.3916521486202797,"{12: 2, 8: 1, 9: 2, 7: 7, 11: 1, 13: 1, 6: 6, 5: 8, 4: 18, 3: 21, 2: 33}",-0.7870583029069778
719,barabasi_albert,100,5,2,100,3.3378,4.0,2.3916521486202797,"{10: 1, 9: 2, 14: 2, 8: 3, 4: 13, 7: 6, 5: 12, 3: 24, 2: 32, 6: 5}",-0.7870583029069778
720,barabasi_albert,100,5,2,100,3.277,4.0,2.592296279363144,"{11: 2, 10: 4, 14: 1, 5: 10, 9: 2, 7: 4, 8: 3, 3: 22, 4: 11, 2: 38, 6: 3}",-0.7870583029069778
721,barabasi_albert,100,5,2,100,3.2772,4.0,2.5298221281347035,"{16: 1, 10: 1, 13: 1, 8: 3, 9: 1, 5: 11, 7: 8, 11: 1, 6: 3, 4: 13, 3: 22, 2: 35}",-0.7870583029069778
722,barabasi_albert,100,5,2,100,3.201,4.0,2.756809750418044,"{9: 3, 16: 1, 17: 1, 11: 2, 6: 8, 8: 2, 5: 10, 7: 3, 4: 11, 3: 21, 2: 38}",-0.7870583029069778
723,barabasi_albert,100,5,2,100,3.3074,4.0,2.4979991993593593,"{10: 2, 13: 1, 15: 1, 8: 2, 12: 1, 6: 8, 7: 4, 3: 28, 5: 9, 4: 12, 2: 31, 9: 1}",-0.7870583029069778
724,barabasi_albert,100,5,2,100,3.3236,4.0,2.6229754097208002,"{10: 2, 8: 5, 9: 4, 20: 1, 5: 11, 3: 29, 2: 30, 4: 13, 6: 5}",-0.7870583029069778
725,barabasi_albert,100,5,2,100,3.3668,4.0,2.2759613353482084,"{11: 1, 12: 1, 14: 1, 8: 2, 7: 5, 5: 14, 6: 9, 4: 15, 2: 34, 3: 17, 9: 1}",-0.7870583029069778
726,barabasi_albert,100,5,2,100,3.3226,4.0,2.244994432064365,"{8: 1, 6: 8, 7: 7, 11: 2, 10: 2, 5: 10, 3: 21, 12: 1, 4: 16, 2: 32}",-0.7870583029069778
727,barabasi_albert,100,5,2,100,3.3436,4.0,2.2978250586152114,"{12: 1, 10: 2, 9: 4, 7: 3, 8: 5, 6: 6, 5: 7, 2: 33, 4: 17, 3: 22}",-0.7870583029069778
728,barabasi_albert,100,5,2,100,3.3432,4.0,2.293468988235943,"{8: 6, 9: 4, 11: 1, 7: 3, 12: 1, 2: 33, 3: 24, 6: 6, 5: 10, 4: 12}",-0.7870583029069778
729,barabasi_albert,100,5,2,100,3.354,4.0,2.16794833886788,"{7: 6, 9: 4, 8: 4, 10: 2, 5: 12, 6: 4, 4: 15, 3: 20, 2: 33}",-0.7870583029069778
730,barabasi_albert,100,5,2,100,3.3196,4.0,2.5059928172283334,"{17: 1, 11: 2, 8: 2, 9: 1, 5: 8, 10: 2, 7: 5, 6: 7, 4: 14, 2: 31, 3: 27}",-0.7870583029069778
731,barabasi_albert,100,5,2,100,3.2842,4.0,2.6419689627245813,"{8: 3, 9: 3, 16: 1, 15: 1, 11: 1, 7: 6, 4: 10, 5: 12, 6: 5, 2: 39, 3: 19}",-0.7870583029069778
732,barabasi_albert,100,5,2,100,3.2974,4.0,2.5099800796022267,"{13: 2, 10: 1, 11: 3, 7: 3, 9: 1, 3: 27, 5: 10, 6: 8, 8: 2, 4: 10, 2: 33}",-0.7870583029069778
733,barabasi_albert,100,5,2,100,3.397,4.0,2.2978250586152114,"{13: 1, 9: 6, 12: 1, 4: 18, 6: 3, 7: 3, 8: 3, 3: 29, 5: 9, 2: 27}",-0.7870583029069778
734,barabasi_albert,100,5,2,100,3.3136,4.0,2.4289915602982237,"{13: 1, 9: 5, 14: 1, 8: 2, 7: 2, 6: 4, 11: 1, 4: 11, 5: 16, 2: 32, 3: 25}",-0.7870583029069778
735,barabasi_albert,100,5,2,100,3.3384,4.0,2.209072203437452,"{8: 3, 9: 3, 7: 10, 10: 3, 3: 22, 6: 3, 4: 19, 5: 5, 2: 32}",-0.7870583029069778
736,barabasi_albert,100,5,2,100,3.3276,4.0,2.449489742783178,"{14: 1, 15: 1, 7: 3, 10: 2, 9: 1, 8: 2, 11: 1, 6: 6, 5: 9, 4: 20, 3: 25, 2: 29}",-0.7870583029069778
737,barabasi_albert,100,5,2,100,3.3202,4.0,2.5059928172283334,"{15: 1, 11: 2, 8: 3, 7: 6, 10: 1, 9: 3, 4: 11, 5: 11, 6: 4, 3: 21, 2: 37}",-0.7870583029069778
738,barabasi_albert,100,5,2,100,3.3338,4.0,2.3021728866442674,"{6: 6, 12: 2, 9: 1, 8: 5, 11: 1, 7: 6, 3: 22, 4: 11, 5: 12, 2: 34}",-0.7870583029069778
739,barabasi_albert,100,5,2,100,3.2872,4.0,2.4166091947189146,"{12: 2, 8: 1, 10: 3, 9: 5, 6: 4, 4: 13, 7: 4, 5: 7, 3: 32, 2: 29}",-0.7870583029069778
740,barabasi_albert,100,5,2,100,3.3172,4.0,2.449489742783178,"{11: 2, 10: 1, 8: 6, 7: 4, 6: 5, 13: 1, 4: 13, 5: 9, 12: 1, 3: 24, 2: 34}",-0.7870583029069778
741,barabasi_albert,100,5,2,100,3.2728,4.0,2.453568829277059,"{8: 3, 9: 3, 7: 8, 17: 1, 6: 4, 4: 15, 5: 11, 11: 1, 2: 36, 3: 18}",-0.7870583029069778
742,barabasi_albert,100,5,2,100,3.2552,4.0,2.6683328128252666,"{12: 2, 16: 1, 8: 3, 7: 5, 6: 6, 3: 26, 10: 2, 11: 1, 9: 1, 5: 7, 4: 10, 2: 36}",-0.7870583029069778
743,barabasi_albert,100,5,2,100,3.282,4.0,2.4859605789312105,"{9: 3, 15: 1, 14: 1, 6: 8, 7: 3, 11: 1, 8: 3, 5: 9, 4: 16, 3: 21, 2: 34}",-0.7870583029069778
744,barabasi_albert,100,5,2,100,3.2868,4.0,2.3958297101421877,"{8: 5, 12: 2, 10: 3, 6: 7, 9: 2, 5: 11, 3: 24, 4: 11, 2: 34, 7: 1}",-0.7870583029069778
745,barabasi_albert,100,5,2,100,3.2914,4.0,2.513961017995307,"{12: 1, 11: 2, 15: 1, 6: 6, 7: 5, 8: 1, 10: 2, 4: 13, 9: 1, 5: 10, 2: 33, 3: 25}",-0.7870583029069778
746,barabasi_albert,100,5,2,100,3.2836,4.0,2.5059928172283334,"{12: 1, 9: 5, 7: 2, 13: 1, 15: 1, 6: 5, 5: 14, 8: 2, 3: 29, 4: 9, 2: 31}",-0.7870583029069778
747,barabasi_albert,100,5,2,100,3.3906,4.0,2.3108440016582685,"{12: 2, 11: 1, 10: 1, 6: 9, 8: 1, 9: 2, 7: 6, 5: 10, 4: 12, 3: 23, 2: 33}",-0.7870583029069778
748,barabasi_albert,100,5,2,100,3.3106,4.0,2.4738633753705965,"{7: 3, 12: 1, 11: 1, 14: 1, 9: 3, 6: 6, 4: 10, 8: 6, 5: 10, 3: 23, 2: 36}",-0.7870583029069778
749,barabasi_albert,100,5,2,100,3.3054,4.0,2.328089345364563,"{12: 2, 8: 4, 11: 1, 9: 4, 6: 7, 4: 21, 7: 2, 3: 21, 5: 6, 2: 32}",-0.7870583029069778
750,barabasi_albert,100,5,2,100,3.306,4.0,2.420743687382041,"{12: 1, 15: 1, 10: 2, 8: 4, 9: 1, 7: 6, 4: 16, 6: 5, 3: 21, 5: 9, 2: 34}",-0.7870583029069778
751,barabasi_albert,100,5,2,100,3.3282,4.0,2.4576411454889016,"{10: 2, 17: 1, 11: 1, 8: 5, 7: 5, 3: 26, 6: 6, 4: 11, 5: 11, 2: 32}",-0.7870583029069778
752,barabasi_albert,100,5,2,100,3.3358,4.0,2.195449840010015,"{13: 1, 8: 5, 9: 2, 10: 1, 6: 10, 4: 11, 7: 4, 3: 25, 5: 10, 2: 31}",-0.7870583029069778
753,barabasi_albert,100,5,2,100,3.2428,4.0,2.7202941017470885,"{12: 2, 10: 1, 8: 4, 17: 1, 11: 1, 4: 15, 3: 20, 6: 7, 7: 4, 9: 2, 2: 39, 5: 4}",-0.7870583029069778
754,barabasi_albert,100,5,2,100,3.3334,4.0,2.3579652245103193,"{13: 1, 10: 5, 4: 17, 9: 2, 8: 3, 6: 5, 5: 13, 3: 19, 7: 1, 2: 34}",-0.7870583029069778
755,barabasi_albert,100,5,2,100,3.2638,4.0,2.6229754097208002,"{8: 3, 9: 1, 12: 2, 15: 1, 13: 1, 6: 6, 7: 5, 5: 10, 3: 22, 2: 37, 4: 11, 10: 1}",-0.7870583029069778
756,barabasi_albert,100,5,2,100,3.3162,4.0,2.353720459187964,"{13: 1, 12: 2, 7: 5, 8: 1, 10: 1, 11: 1, 6: 10, 4: 16, 5: 9, 3: 22, 2: 32}",-0.7870583029069778
757,barabasi_albert,100,5,2,100,3.2604,4.0,2.5806975801127883,"{12: 3, 6: 11, 13: 1, 10: 3, 9: 1, 8: 1, 3: 24, 7: 3, 4: 12, 5: 5, 2: 36}",-0.7870583029069778
758,barabasi_albert,100,5,2,100,3.3574,4.0,2.4124676163629637,"{12: 1, 10: 1, 9: 1, 14: 1, 13: 1, 6: 8, 5: 6, 8: 1, 11: 1, 7: 4, 3: 29, 4: 19, 2: 27}",-0.7870583029069778
759,barabasi_albert,100,5,2,100,3.3344,4.0,2.453568829277059,"{10: 1, 11: 1, 13: 1, 9: 1, 15: 1, 5: 14, 8: 3, 7: 6, 6: 3, 4: 18, 3: 14, 2: 37}",-0.7870583029069778
760,barabasi_albert,100,5,2,100,3.3124,4.0,2.449489742783178,"{11: 2, 9: 2, 10: 2, 12: 1, 6: 6, 8: 5, 7: 3, 5: 10, 2: 40, 4: 14, 3: 15}",-0.7870583029069778
761,barabasi_albert,100,5,2,100,3.2878,4.0,2.5768197453450252,"{9: 3, 5: 11, 18: 1, 14: 1, 7: 6, 6: 5, 4: 15, 3: 28, 12: 1, 2: 29}",-0.7870583029069778
762,barabasi_albert,100,5,2,100,3.3448,4.0,2.3916521486202797,"{10: 2, 11: 2, 13: 2, 8: 2, 6: 9, 5: 8, 4: 20, 7: 2, 3: 22, 2: 31}",-0.7870583029069778
763,barabasi_albert,100,5,2,100,3.3966,4.0,2.1540659228538015,"{6: 11, 11: 1, 9: 3, 10: 2, 8: 3, 7: 2, 5: 11, 4: 13, 3: 23, 2: 31}",-0.7870583029069778
764,barabasi_albert,100,5,2,100,3.2982,4.0,2.5099800796022267,"{8: 3, 13: 3, 11: 1, 7: 3, 10: 1, 6: 8, 5: 10, 9: 1, 2: 34, 4: 12, 3: 24}",-0.7870583029069778
765,barabasi_albert,100,5,2,100,3.2638,4.0,2.5298221281347035,"{12: 2, 10: 1, 15: 1, 8: 4, 6: 7, 5: 9, 9: 3, 7: 2, 4: 12, 3: 25, 2: 34}",-0.7870583029069778
766,barabasi_albert,100,5,2,100,3.3574,4.0,2.328089345364563,"{12: 1, 10: 2, 9: 2, 14: 1, 7: 5, 4: 19, 6: 6, 8: 2, 5: 9, 3: 22, 2: 31}",-0.7870583029069778
767,barabasi_albert,100,5,2,100,3.3266,4.0,2.3622023622035435,"{8: 7, 13: 1, 12: 1, 9: 1, 10: 2, 6: 2, 5: 9, 4: 18, 7: 4, 2: 32, 3: 23}",-0.7870583029069778
768,barabasi_albert,100,5,2,100,3.2884,4.0,2.619160170741759,"{16: 1, 9: 2, 11: 3, 6: 11, 8: 2, 10: 2, 5: 5, 4: 15, 3: 18, 2: 39, 7: 2}",-0.7870583029069778
769,barabasi_albert,100,5,2,100,3.3344,4.0,2.4166091947189146,"{11: 4, 9: 2, 12: 1, 7: 1, 4: 18, 6: 5, 8: 3, 10: 1, 5: 10, 3: 23, 2: 32}",-0.7870583029069778
770,barabasi_albert,100,5,2,100,3.2272,4.0,2.630589287593181,"{13: 3, 9: 3, 10: 2, 5: 6, 11: 1, 6: 8, 7: 3, 4: 15, 3: 20, 2: 38, 8: 1}",-0.7870583029069778
771,barabasi_albert,100,5,2,100,3.2864,4.0,2.5258661880630178,"{9: 4, 10: 2, 13: 2, 12: 1, 8: 2, 5: 12, 6: 6, 3: 23, 2: 35, 4: 12, 7: 1}",-0.7870583029069778
772,barabasi_albert,100,5,2,100,3.325,4.0,2.262741699796952,"{9: 2, 10: 2, 7: 7, 4: 17, 12: 1, 8: 3, 11: 1, 5: 9, 6: 3, 3: 25, 2: 30}",-0.7870583029069778
773,barabasi_albert,100,5,2,100,3.3224,4.0,2.4289915602982237,"{10: 4, 13: 1, 11: 1, 8: 2, 9: 4, 6: 3, 5: 10, 4: 20, 3: 21, 2: 33, 7: 1}",-0.7870583029069778
774,barabasi_albert,100,5,2,100,3.2968,4.0,2.4041630560342617,"{11: 2, 8: 5, 9: 3, 6: 5, 7: 4, 12: 1, 3: 22, 5: 7, 4: 15, 10: 1, 2: 35}",-0.7870583029069778
775,barabasi_albert,100,5,2,100,3.2564,4.0,2.5219040425836985,"{7: 8, 13: 1, 14: 1, 10: 1, 11: 2, 8: 2, 5: 10, 4: 12, 6: 4, 3: 22, 2: 36, 9: 1}",-0.7870583029069778
776,barabasi_albert,100,5,2,100,3.307,4.0,2.541653005427767,"{8: 3, 10: 4, 12: 1, 7: 7, 13: 1, 5: 5, 9: 2, 4: 15, 6: 4, 3: 19, 2: 39}",-0.7870583029069778
777,barabasi_albert,100,5,2,100,3.325,4.0,2.5377155080899043,"{10: 2, 13: 1, 8: 4, 14: 1, 6: 1, 7: 4, 5: 15, 11: 1, 12: 1, 3: 23, 4: 13, 2: 34}",-0.7870583029069778
778,barabasi_albert,100,5,2,100,3.3486,4.0,2.293468988235943,"{10: 2, 8: 2, 6: 7, 12: 1, 9: 6, 4: 19, 5: 5, 7: 3, 2: 31, 3: 24}",-0.7870583029069778
779,barabasi_albert,100,5,2,100,3.3258,4.0,2.4413111231467406,"{9: 2, 10: 1, 13: 2, 12: 1, 11: 1, 8: 1, 5: 11, 6: 7, 2: 27, 4: 7, 7: 4, 3: 36}",-0.7870583029069778
780,barabasi_albert,100,5,2,100,3.3966,4.0,2.2494443758403984,"{9: 4, 10: 2, 12: 1, 8: 2, 7: 5, 6: 5, 5: 14, 4: 16, 3: 15, 2: 36}",-0.7870583029069778
781,barabasi_albert,100,5,2,100,3.2666,4.0,2.630589287593181,"{15: 1, 8: 4, 14: 1, 10: 4, 7: 4, 5: 7, 4: 12, 6: 6, 3: 23, 2: 37, 9: 1}",-0.7870583029069778
782,barabasi_albert,100,5,2,100,3.3402,4.0,2.3790754506740637,"{12: 1, 13: 2, 11: 1, 7: 9, 9: 1, 5: 9, 8: 1, 4: 21, 6: 3, 3: 20, 2: 32}",-0.7870583029069778
783,barabasi_albert,100,5,2,100,3.3308,4.0,2.4576411454889016,"{15: 1, 12: 1, 11: 1, 8: 4, 10: 1, 9: 2, 5: 8, 4: 19, 7: 4, 3: 20, 2: 34, 6: 5}",-0.7870583029069778
784,barabasi_albert,100,5,2,100,3.3426,4.0,2.3151673805580453,"{11: 3, 12: 1, 10: 2, 7: 7, 3: 19, 5: 15, 4: 14, 6: 5, 2: 34}",-0.7870583029069778
785,barabasi_albert,100,5,2,100,3.4022,4.0,2.2978250586152114,"{9: 2, 5: 17, 11: 1, 14: 1, 12: 1, 6: 5, 7: 2, 10: 1, 8: 2, 4: 16, 2: 30, 3: 22}",-0.7870583029069778
786,barabasi_albert,100,5,2,100,3.2902,4.0,2.445403852127497,"{8: 2, 10: 3, 13: 1, 11: 1, 7: 4, 9: 3, 5: 10, 6: 9, 4: 7, 3: 23, 2: 37}",-0.7870583029069778
787,barabasi_albert,100,5,2,100,3.3162,4.0,2.2847319317591723,"{9: 2, 5: 9, 12: 1, 11: 1, 6: 8, 10: 3, 4: 14, 8: 3, 3: 28, 7: 2, 2: 29}",-0.7870583029069778
788,barabasi_albert,100,5,2,100,3.3088,4.0,2.5729360660537215,"{17: 1, 11: 1, 7: 7, 10: 1, 12: 2, 5: 9, 9: 1, 4: 12, 6: 7, 3: 27, 2: 32}",-0.7870583029069778
789,barabasi_albert,100,5,2,100,3.1574,4.0,2.946183972531247,"{13: 1, 9: 1, 8: 3, 14: 1, 19: 1, 7: 6, 11: 2, 5: 6, 10: 1, 4: 15, 3: 19, 6: 3, 2: 41}",-0.7870583029069778
790,barabasi_albert,100,5,2,100,3.2168,4.0,2.6076809620810595,"{10: 1, 13: 3, 8: 2, 9: 5, 11: 1, 4: 21, 3: 23, 6: 6, 5: 3, 7: 1, 2: 34}",-0.7870583029069778
791,barabasi_albert,100,5,2,100,3.3318,4.0,2.3790754506740637,"{10: 3, 11: 2, 13: 1, 4: 18, 5: 10, 7: 4, 9: 2, 8: 2, 3: 27, 6: 2, 2: 29}",-0.7870583029069778
792,barabasi_albert,100,5,2,100,3.3122,4.0,2.4,"{10: 1, 6: 7, 13: 2, 12: 1, 7: 4, 9: 2, 8: 2, 3: 23, 5: 13, 4: 12, 2: 33}",-0.7870583029069778
793,barabasi_albert,100,5,2,100,3.2916,4.0,2.445403852127497,"{9: 4, 7: 5, 16: 1, 8: 3, 5: 10, 10: 2, 6: 4, 3: 15, 4: 19, 2: 37}",-0.7870583029069778
794,barabasi_albert,100,5,2,100,3.3814,4.0,2.23159136044214,"{7: 6, 10: 2, 11: 1, 9: 3, 8: 4, 6: 7, 4: 17, 5: 5, 3: 23, 2: 32}",-0.7870583029069778
795,barabasi_albert,100,5,2,100,3.3396,4.0,2.3706539182259396,"{8: 4, 10: 2, 11: 1, 14: 1, 6: 4, 5: 15, 9: 2, 4: 12, 3: 20, 7: 4, 2: 35}",-0.7870583029069778
796,barabasi_albert,100,5,2,100,3.3882,4.0,2.2891046284519194,"{9: 2, 10: 2, 11: 1, 15: 1, 5: 12, 4: 13, 8: 1, 7: 5, 3: 31, 6: 6, 2: 26}",-0.7870583029069778
797,barabasi_albert,100,5,2,100,3.2662,4.0,2.4576411454889016,"{11: 1, 7: 7, 13: 1, 9: 4, 10: 1, 5: 10, 12: 1, 6: 5, 4: 9, 8: 1, 3: 25, 2: 35}",-0.7870583029069778
798,barabasi_albert,100,5,2,100,3.3966,4.0,2.1540659228538015,"{14: 1, 9: 4, 7: 6, 5: 20, 8: 2, 3: 18, 6: 3, 4: 14, 2: 32}",-0.7870583029069778
799,barabasi_albert,100,5,2,100,3.3446,4.0,2.4,"{6: 7, 10: 3, 14: 1, 12: 1, 9: 2, 5: 8, 8: 2, 7: 4, 4: 15, 3: 26, 2: 31}",-0.7870583029069778
800,barabasi_albert,100,5,2,100,3.3092,4.0,2.3916521486202797,"{9: 1, 7: 9, 15: 1, 10: 3, 8: 4, 5: 5, 6: 4, 4: 14, 3: 28, 2: 31}",-0.7870583029069778
801,barabasi_albert,100,5,2,100,3.3046,4.0,2.4041630560342617,"{12: 1, 11: 2, 9: 3, 8: 3, 10: 1, 5: 10, 7: 5, 4: 8, 6: 8, 3: 22, 2: 37}",-0.7870583029069778
802,barabasi_albert,100,5,2,100,3.3682,4.0,2.345207879911715,"{12: 1, 9: 3, 13: 1, 11: 1, 7: 1, 8: 3, 5: 17, 6: 10, 4: 10, 3: 15, 2: 38}",-0.7870583029069778
803,barabasi_albert,100,5,2,100,3.3334,4.0,2.4372115213907883,"{11: 4, 8: 4, 15: 1, 7: 6, 6: 2, 5: 8, 3: 27, 4: 19, 2: 29}",-0.7870583029069778
804,barabasi_albert,100,5,2,100,3.2964,4.0,2.4576411454889016,"{9: 4, 12: 1, 7: 5, 10: 2, 8: 3, 11: 2, 5: 7, 2: 35, 4: 17, 3: 22, 6: 2}",-0.7870583029069778
805,barabasi_albert,100,5,2,100,3.284,4.0,2.4372115213907883,"{6: 8, 14: 1, 13: 1, 10: 1, 11: 1, 9: 2, 7: 2, 8: 4, 5: 7, 4: 21, 3: 17, 2: 35}",-0.7870583029069778
806,barabasi_albert,100,5,2,100,3.296,4.0,2.4698178070456938,"{9: 2, 11: 2, 15: 1, 8: 5, 7: 3, 6: 6, 10: 1, 5: 10, 4: 14, 3: 20, 2: 36}",-0.7870583029069778
807,barabasi_albert,100,5,2,100,3.3098,4.0,2.5495097567963922,"{12: 1, 9: 3, 15: 1, 8: 3, 13: 1, 6: 6, 5: 6, 3: 26, 10: 2, 4: 19, 2: 31, 7: 1}",-0.7870583029069778
808,barabasi_albert,100,5,2,100,3.3628,4.0,2.240535650240808,"{11: 2, 9: 3, 8: 2, 10: 1, 7: 5, 4: 9, 6: 9, 5: 15, 3: 17, 2: 37}",-0.7870583029069778
809,barabasi_albert,100,5,2,100,3.2636,4.0,2.565151067676132,"{14: 2, 13: 1, 10: 2, 6: 7, 8: 4, 9: 1, 5: 14, 4: 11, 3: 21, 7: 1, 2: 36}",-0.7870583029069778
810,barabasi_albert,100,5,2,100,3.3314,4.0,2.4289915602982237,"{13: 2, 12: 1, 8: 4, 7: 3, 5: 9, 11: 1, 3: 23, 2: 32, 6: 7, 4: 17, 10: 1}",-0.7870583029069778
811,barabasi_albert,100,5,2,100,3.3672,4.0,2.2891046284519194,"{13: 2, 7: 5, 9: 3, 5: 12, 6: 7, 8: 3, 4: 16, 2: 34, 3: 18}",-0.7870583029069778
812,barabasi_albert,100,5,2,100,3.2756,4.0,2.553429066960741,"{10: 4, 14: 1, 12: 1, 9: 3, 5: 12, 7: 3, 4: 14, 6: 4, 2: 36, 11: 1, 3: 21}",-0.7870583029069778
813,barabasi_albert,100,5,2,100,3.374,4.0,2.3151673805580453,"{9: 2, 14: 1, 10: 2, 8: 2, 11: 1, 6: 10, 4: 14, 5: 8, 3: 25, 7: 4, 2: 31}",-0.7870583029069778
814,barabasi_albert,100,5,2,100,3.2926,4.0,2.493992782667985,"{13: 2, 10: 1, 12: 1, 9: 2, 7: 7, 8: 4, 3: 23, 5: 8, 4: 14, 2: 35, 6: 3}",-0.7870583029069778
815,barabasi_albert,100,5,2,100,3.3142,4.0,2.3323807579381204,"{11: 3, 9: 2, 8: 1, 7: 3, 10: 3, 5: 15, 6: 6, 4: 12, 3: 21, 2: 34}",-0.7870583029069778
816,barabasi_albert,100,5,2,100,3.365,4.0,2.3832750575625967,"{8: 1, 9: 3, 14: 1, 13: 1, 10: 1, 11: 1, 7: 1, 5: 18, 6: 7, 4: 15, 3: 16, 2: 35}",-0.7870583029069778
817,barabasi_albert,100,5,2,100,3.2902,4.0,2.5573423705088842,"{11: 3, 8: 2, 15: 1, 14: 1, 10: 1, 6: 6, 9: 1, 5: 13, 7: 1, 3: 31, 4: 11, 2: 29}",-0.7870583029069778
818,barabasi_albert,100,5,2,100,3.3082,4.0,2.420743687382041,"{13: 2, 14: 1, 7: 4, 8: 5, 4: 6, 9: 1, 6: 5, 5: 15, 3: 32, 2: 29}",-0.7870583029069778
819,barabasi_albert,100,5,2,100,3.3484,4.0,2.2891046284519194,"{11: 3, 12: 1, 9: 2, 8: 1, 6: 6, 7: 4, 5: 9, 4: 21, 10: 1, 3: 22, 2: 30}",-0.7870583029069778
820,barabasi_albert,100,5,2,100,3.4084,4.0,2.3706539182259396,"{12: 3, 10: 3, 5: 8, 8: 1, 4: 16, 9: 1, 6: 6, 7: 5, 3: 28, 2: 29}",-0.7870583029069778
821,barabasi_albert,100,5,2,100,3.2586,4.0,2.5612496949731396,"{9: 3, 13: 2, 12: 1, 11: 1, 5: 9, 7: 5, 6: 4, 4: 15, 3: 20, 8: 2, 2: 37, 10: 1}",-0.7870583029069778
822,barabasi_albert,100,5,2,100,3.3744,4.0,2.477902338672773,"{7: 5, 10: 3, 11: 1, 14: 1, 8: 4, 5: 11, 12: 1, 4: 15, 3: 21, 6: 3, 2: 35}",-0.7870583029069778
823,barabasi_albert,100,5,2,100,3.369,4.0,2.2759613353482084,"{10: 4, 12: 1, 9: 1, 6: 6, 8: 2, 5: 11, 7: 7, 4: 12, 3: 23, 2: 33}",-0.7870583029069778
824,barabasi_albert,100,5,2,100,3.2774,4.0,2.592296279363144,"{10: 1, 8: 5, 12: 1, 16: 1, 13: 1, 6: 5, 7: 5, 5: 7, 9: 1, 4: 20, 3: 14, 2: 39}",-0.7870583029069778
825,barabasi_albert,100,5,2,100,3.3558,4.0,2.4331050121192876,"{8: 4, 5: 11, 9: 1, 12: 2, 13: 1, 7: 3, 10: 2, 4: 15, 6: 6, 3: 20, 2: 35}",-0.7870583029069778
826,barabasi_albert,100,5,2,100,3.3006,4.0,2.3916521486202797,"{11: 4, 9: 2, 10: 1, 8: 5, 5: 11, 3: 21, 7: 2, 6: 5, 4: 14, 2: 35}",-0.7870583029069778
827,barabasi_albert,100,5,2,100,3.3146,4.0,2.4166091947189146,"{10: 3, 9: 2, 11: 2, 4: 12, 12: 1, 5: 8, 6: 8, 3: 26, 7: 2, 8: 3, 2: 33}",-0.7870583029069778
828,barabasi_albert,100,5,2,100,3.3058,4.0,2.4899799195977463,"{9: 2, 14: 1, 11: 2, 13: 1, 7: 4, 6: 7, 4: 14, 8: 1, 5: 12, 3: 19, 10: 1, 2: 36}",-0.7870583029069778
829,barabasi_albert,100,5,2,100,3.4088,4.0,2.420743687382041,"{13: 1, 8: 3, 10: 2, 12: 1, 11: 1, 9: 1, 7: 4, 6: 11, 2: 34, 3: 25, 4: 11, 5: 6}",-0.7870583029069778
830,barabasi_albert,100,5,2,100,3.2764,4.0,2.6870057685088806,"{8: 4, 12: 1, 17: 1, 13: 1, 7: 4, 5: 6, 6: 6, 11: 1, 10: 1, 3: 20, 4: 17, 2: 37, 9: 1}",-0.7870583029069778
831,barabasi_albert,100,5,2,100,3.3412,4.0,2.195449840010015,"{7: 7, 11: 3, 6: 9, 10: 1, 5: 12, 9: 1, 8: 1, 4: 9, 3: 27, 2: 30}",-0.7870583029069778
832,barabasi_albert,100,5,2,100,3.24,4.0,2.5573423705088842,"{10: 1, 11: 2, 13: 1, 12: 2, 5: 10, 7: 6, 3: 17, 4: 17, 9: 2, 6: 3, 8: 1, 2: 38}",-0.7870583029069778
833,barabasi_albert,100,5,2,100,3.2572,4.0,2.545584412271571,"{11: 6, 12: 1, 5: 10, 6: 8, 8: 1, 10: 1, 7: 3, 4: 12, 3: 21, 2: 37}",-0.7870583029069778
834,barabasi_albert,100,5,2,100,3.3094,4.0,2.349468024894146,"{13: 2, 5: 15, 11: 1, 8: 2, 7: 7, 9: 2, 4: 13, 2: 36, 6: 5, 3: 17}",-0.7870583029069778
835,barabasi_albert,100,5,2,100,3.2594,4.0,2.5806975801127883,"{13: 2, 11: 3, 8: 4, 10: 1, 7: 3, 9: 1, 4: 13, 6: 6, 5: 9, 3: 20, 2: 38}",-0.7870583029069778
836,barabasi_albert,100,5,2,100,3.2868,4.0,2.4413111231467406,"{12: 1, 7: 5, 10: 1, 13: 2, 6: 10, 4: 15, 9: 2, 5: 6, 3: 21, 8: 2, 2: 35}",-0.7870583029069778
837,barabasi_albert,100,5,2,100,3.4046,4.0,2.4166091947189146,"{13: 1, 10: 5, 12: 1, 8: 2, 6: 5, 9: 1, 7: 2, 4: 21, 5: 10, 2: 34, 3: 18}",-0.7870583029069778
838,barabasi_albert,100,5,2,100,3.3134,4.0,2.4576411454889016,"{8: 3, 11: 2, 12: 1, 13: 1, 10: 3, 7: 3, 6: 5, 4: 17, 5: 8, 2: 31, 3: 26}",-0.7870583029069778
839,barabasi_albert,100,5,2,100,3.304,4.0,2.345207879911715,"{12: 2, 11: 1, 9: 5, 5: 9, 6: 9, 3: 25, 8: 2, 7: 2, 4: 13, 2: 32}",-0.7870583029069778
840,barabasi_albert,100,5,2,100,3.2704,4.0,2.4979991993593593,"{10: 2, 11: 1, 14: 1, 12: 2, 5: 8, 9: 2, 7: 4, 4: 16, 3: 25, 6: 7, 2: 32}",-0.7870583029069778
841,barabasi_albert,100,5,2,100,3.3062,4.0,2.2715633383201093,"{11: 3, 8: 6, 9: 2, 6: 6, 5: 7, 7: 5, 4: 11, 3: 31, 2: 29}",-0.7870583029069778
842,barabasi_albert,100,5,2,100,3.323,4.0,2.4166091947189146,"{9: 3, 12: 1, 11: 2, 8: 5, 7: 4, 5: 9, 10: 1, 4: 12, 3: 22, 6: 5, 2: 36}",-0.7870583029069778
843,barabasi_albert,100,5,2,100,3.3354,4.0,2.4289915602982237,"{14: 1, 7: 10, 11: 2, 10: 1, 9: 3, 6: 5, 4: 12, 3: 23, 2: 35, 5: 8}",-0.7870583029069778
844,barabasi_albert,100,5,2,100,3.3564,4.0,2.2978250586152114,"{15: 1, 12: 1, 4: 16, 11: 1, 10: 1, 6: 12, 8: 2, 7: 2, 5: 13, 2: 32, 3: 19}",-0.7870583029069778
845,barabasi_albert,100,5,2,100,3.3088,4.0,2.449489742783178,"{9: 3, 8: 2, 15: 1, 12: 1, 10: 2, 11: 1, 6: 5, 4: 19, 5: 11, 3: 23, 7: 1, 2: 31}",-0.7870583029069778
846,barabasi_albert,100,5,2,100,3.2976,4.0,2.477902338672773,"{9: 5, 11: 1, 17: 1, 7: 3, 8: 3, 6: 7, 4: 20, 5: 8, 3: 16, 2: 36}",-0.7870583029069778
847,barabasi_albert,100,5,2,100,3.2738,4.0,2.4617067250182343,"{11: 2, 10: 4, 6: 4, 5: 10, 8: 3, 7: 3, 9: 1, 3: 25, 4: 14, 13: 1, 2: 33}",-0.7870583029069778
848,barabasi_albert,100,5,2,100,3.3244,4.0,2.3323807579381204,"{15: 1, 10: 3, 9: 2, 6: 10, 8: 2, 7: 4, 4: 11, 3: 28, 5: 9, 2: 30}",-0.7870583029069778
849,barabasi_albert,100,5,2,100,3.3352,4.0,2.280350850198276,"{9: 2, 11: 1, 10: 3, 8: 5, 6: 3, 4: 18, 7: 6, 5: 9, 3: 18, 2: 35}",-0.7870583029069778
850,barabasi_albert,100,5,2,100,3.3294,4.0,2.4083189157584592,"{11: 4, 8: 2, 12: 1, 10: 1, 9: 2, 4: 17, 6: 4, 5: 10, 3: 25, 7: 3, 2: 31}",-0.7870583029069778
851,barabasi_albert,100,5,2,100,3.2958,4.0,2.4083189157584592,"{11: 3, 4: 18, 10: 2, 12: 1, 8: 1, 9: 3, 5: 7, 6: 9, 3: 22, 7: 1, 2: 33}",-0.7870583029069778
852,barabasi_albert,100,5,2,100,3.3188,4.0,2.4698178070456938,"{12: 1, 14: 1, 9: 3, 11: 1, 8: 3, 7: 4, 6: 6, 5: 11, 10: 1, 2: 37, 4: 13, 3: 19}",-0.7870583029069778
853,barabasi_albert,100,5,2,100,3.4034,4.0,2.177154105707724,"{11: 1, 8: 1, 10: 3, 9: 4, 5: 9, 7: 2, 4: 17, 6: 9, 3: 26, 2: 28}",-0.7870583029069778
854,barabasi_albert,100,5,2,100,3.3242,4.0,2.4819347291981715,"{8: 3, 9: 3, 11: 1, 13: 1, 6: 8, 7: 5, 4: 15, 15: 1, 3: 23, 5: 6, 2: 34}",-0.7870583029069778
855,barabasi_albert,100,5,2,100,3.301,4.0,2.3706539182259396,"{10: 4, 13: 1, 8: 2, 9: 2, 7: 5, 5: 8, 3: 18, 6: 9, 4: 14, 2: 37}",-0.7870583029069778
856,barabasi_albert,100,5,2,100,3.3492,4.0,2.349468024894146,"{10: 3, 7: 3, 5: 9, 12: 1, 9: 1, 13: 1, 11: 1, 6: 5, 8: 2, 4: 18, 3: 29, 2: 27}",-0.7870583029069778
857,barabasi_albert,100,5,2,100,3.2458,4.0,2.615339366124404,"{11: 2, 12: 2, 9: 1, 17: 1, 6: 6, 5: 9, 7: 3, 8: 1, 4: 18, 3: 24, 10: 1, 2: 32}",-0.7870583029069778
858,barabasi_albert,100,5,2,100,3.3834,4.0,2.2715633383201093,"{8: 5, 10: 1, 14: 1, 11: 2, 7: 3, 5: 12, 4: 21, 6: 5, 3: 19, 2: 31}",-0.7870583029069778
859,barabasi_albert,100,5,2,100,3.281,4.0,2.6532998322843198,"{9: 2, 10: 3, 12: 2, 11: 1, 14: 1, 6: 8, 8: 3, 7: 1, 4: 10, 5: 7, 3: 25, 2: 37}",-0.7870583029069778
860,barabasi_albert,100,5,2,100,3.3262,4.0,2.4859605789312105,"{12: 1, 10: 2, 7: 5, 11: 2, 14: 1, 5: 15, 8: 3, 3: 28, 2: 33, 6: 4, 4: 6}",-0.7870583029069778
861,barabasi_albert,100,5,2,100,3.3584,4.0,2.244994432064365,"{7: 4, 12: 1, 8: 4, 11: 2, 10: 1, 4: 14, 6: 13, 5: 5, 3: 25, 2: 31}",-0.7870583029069778
862,barabasi_albert,100,5,2,100,3.3912,4.0,2.2181073012818833,"{8: 6, 10: 1, 9: 3, 11: 1, 12: 1, 4: 18, 5: 12, 6: 5, 3: 24, 2: 29}",-0.7870583029069778
863,barabasi_albert,100,5,2,100,3.2626,4.0,2.4979991993593593,"{8: 2, 15: 1, 9: 3, 7: 6, 5: 5, 6: 8, 12: 1, 3: 32, 11: 1, 10: 1, 2: 31, 4: 9}",-0.7870583029069778
864,barabasi_albert,100,5,2,100,3.3018,4.0,2.4041630560342617,"{12: 3, 8: 2, 11: 1, 10: 1, 7: 6, 5: 9, 6: 6, 4: 16, 9: 1, 3: 21, 2: 34}",-0.7870583029069778
865,barabasi_albert,100,5,2,100,3.3674,4.0,2.244994432064365,"{10: 3, 12: 1, 8: 3, 11: 1, 6: 6, 4: 13, 9: 1, 5: 14, 7: 3, 3: 25, 2: 30}",-0.7870583029069778
866,barabasi_albert,100,5,2,100,3.3396,4.0,2.353720459187964,"{12: 1, 10: 4, 13: 1, 7: 3, 9: 1, 5: 11, 8: 2, 3: 26, 6: 6, 4: 15, 2: 30}",-0.7870583029069778
867,barabasi_albert,100,5,2,100,3.3118,4.0,2.4331050121192876,"{9: 2, 13: 1, 15: 1, 8: 3, 5: 9, 10: 2, 7: 6, 3: 29, 6: 3, 4: 15, 2: 29}",-0.7870583029069778
868,barabasi_albert,100,5,2,100,3.2862,4.0,2.4617067250182343,"{7: 6, 10: 2, 12: 1, 13: 1, 9: 5, 6: 8, 5: 7, 3: 19, 4: 13, 2: 38}",-0.7870583029069778
869,barabasi_albert,100,5,2,100,3.308,4.0,2.340939982143925,"{8: 4, 7: 6, 10: 2, 12: 1, 11: 1, 5: 13, 3: 18, 9: 2, 6: 4, 4: 12, 2: 37}",-0.7870583029069778
870,barabasi_albert,100,5,2,100,3.344,4.0,2.262741699796952,"{6: 8, 12: 1, 11: 1, 9: 1, 7: 3, 4: 14, 8: 2, 10: 3, 5: 16, 3: 15, 2: 36}",-0.7870583029069778
871,barabasi_albert,100,5,2,100,3.269,4.0,2.592296279363144,"{10: 2, 9: 2, 11: 2, 18: 1, 8: 3, 5: 12, 6: 7, 4: 13, 3: 23, 2: 34, 7: 1}",-0.7870583029069778
872,barabasi_albert,100,5,2,100,3.271,4.0,2.4617067250182343,"{10: 2, 11: 4, 8: 3, 12: 1, 7: 4, 5: 7, 4: 16, 3: 23, 6: 6, 2: 34}",-0.7870583029069778
873,barabasi_albert,100,5,2,100,3.3898,4.0,2.195449840010015,"{8: 3, 10: 1, 11: 2, 9: 2, 6: 8, 3: 15, 7: 6, 5: 9, 4: 19, 2: 35}",-0.7870583029069778
874,barabasi_albert,100,5,2,100,3.3042,4.0,2.353720459187964,"{10: 2, 8: 4, 11: 2, 12: 1, 5: 14, 6: 7, 3: 22, 9: 1, 4: 9, 7: 3, 2: 35}",-0.7870583029069778
875,barabasi_albert,100,5,2,100,3.3422,4.0,2.2978250586152114,"{10: 3, 13: 1, 12: 1, 6: 10, 8: 4, 5: 6, 4: 21, 9: 1, 3: 24, 2: 29}",-0.7870583029069778
876,barabasi_albert,100,5,2,100,3.2928,4.0,2.2978250586152114,"{8: 3, 12: 1, 6: 10, 9: 3, 11: 1, 7: 4, 5: 12, 4: 11, 2: 38, 3: 16, 10: 1}",-0.7870583029069778
877,barabasi_albert,100,5,2,100,3.359,4.0,2.3323807579381204,"{11: 2, 9: 2, 7: 4, 10: 1, 12: 1, 5: 9, 8: 3, 6: 10, 4: 13, 2: 36, 3: 19}",-0.7870583029069778
878,barabasi_albert,100,5,2,100,3.3898,4.0,2.244994432064365,"{9: 1, 10: 4, 8: 6, 7: 2, 11: 1, 6: 5, 4: 22, 3: 21, 5: 7, 2: 31}",-0.7870583029069778
879,barabasi_albert,100,5,2,100,3.2818,4.0,2.5729360660537215,"{12: 1, 8: 5, 14: 1, 11: 1, 7: 2, 10: 3, 5: 10, 9: 2, 3: 27, 6: 4, 2: 35, 4: 9}",-0.7870583029069778
880,barabasi_albert,100,5,2,100,3.2832,4.0,2.5729360660537215,"{15: 1, 12: 2, 9: 3, 8: 3, 5: 12, 11: 1, 6: 4, 3: 24, 7: 5, 4: 9, 2: 36}",-0.7870583029069778
881,barabasi_albert,100,5,2,100,3.3252,4.0,2.4083189157584592,"{14: 1, 9: 2, 8: 4, 10: 1, 11: 1, 6: 5, 7: 4, 12: 1, 4: 13, 5: 10, 3: 27, 2: 31}",-0.7870583029069778
882,barabasi_albert,100,5,2,100,3.2992,4.0,2.6076809620810595,"{9: 3, 7: 5, 19: 1, 11: 1, 10: 2, 6: 8, 3: 26, 5: 8, 2: 33, 8: 1, 4: 12}",-0.7870583029069778
883,barabasi_albert,100,5,2,100,3.2652,4.0,2.541653005427767,"{8: 5, 17: 1, 9: 1, 12: 1, 7: 2, 6: 7, 4: 16, 3: 23, 11: 2, 5: 9, 2: 33}",-0.7870583029069778
884,barabasi_albert,100,5,2,100,3.2416,4.0,2.619160170741759,"{11: 1, 8: 4, 10: 2, 15: 2, 7: 5, 5: 11, 3: 19, 4: 10, 6: 7, 2: 39}",-0.7870583029069778
885,barabasi_albert,100,5,2,100,3.3452,4.0,2.3151673805580453,"{10: 5, 6: 5, 11: 1, 7: 6, 5: 9, 8: 4, 3: 20, 4: 15, 2: 35}",-0.7870583029069778
886,barabasi_albert,100,5,2,100,3.2478,4.0,2.545584412271571,"{14: 1, 12: 2, 13: 1, 10: 1, 7: 5, 9: 2, 8: 1, 6: 7, 3: 28, 2: 32, 5: 8, 4: 12}",-0.7870583029069778
887,barabasi_albert,100,5,2,100,3.2782,4.0,2.4372115213907883,"{8: 6, 10: 1, 12: 2, 7: 5, 9: 4, 6: 3, 3: 18, 4: 16, 5: 7, 2: 38}",-0.7870583029069778
888,barabasi_albert,100,5,2,100,3.3172,4.0,2.262741699796952,"{12: 1, 8: 4, 11: 1, 10: 2, 7: 5, 5: 14, 6: 5, 4: 16, 9: 1, 2: 36, 3: 15}",-0.7870583029069778
889,barabasi_albert,100,5,2,100,3.369,4.0,2.3108440016582685,"{10: 2, 8: 3, 13: 1, 7: 4, 11: 2, 6: 4, 4: 18, 5: 12, 9: 1, 3: 22, 2: 31}",-0.7870583029069778
890,barabasi_albert,100,5,2,100,3.3268,4.0,2.353720459187964,"{9: 2, 10: 2, 12: 2, 7: 5, 8: 4, 5: 14, 4: 7, 6: 5, 3: 25, 2: 34}",-0.7870583029069778
891,barabasi_albert,100,5,2,100,3.3108,4.0,2.449489742783178,"{12: 1, 11: 4, 10: 2, 8: 1, 4: 14, 3: 29, 7: 3, 6: 4, 9: 2, 5: 10, 2: 30}",-0.7870583029069778
892,barabasi_albert,100,5,2,100,3.3726,4.0,2.340939982143925,"{13: 2, 10: 1, 8: 3, 7: 3, 9: 2, 11: 1, 4: 20, 6: 7, 3: 25, 5: 7, 2: 29}",-0.7870583029069778
893,barabasi_albert,100,5,2,100,3.3054,4.0,2.5019992006393608,"{10: 2, 9: 3, 12: 1, 5: 9, 8: 3, 6: 6, 7: 2, 11: 3, 4: 13, 2: 37, 3: 21}",-0.7870583029069778
894,barabasi_albert,100,5,2,100,3.3648,4.0,2.32379000772445,"{13: 2, 8: 2, 12: 1, 9: 4, 4: 13, 6: 5, 5: 16, 3: 29, 7: 1, 2: 27}",-0.7870583029069778
895,barabasi_albert,100,5,2,100,3.2936,4.0,2.493992782667985,"{10: 3, 8: 3, 9: 1, 11: 2, 6: 3, 7: 2, 4: 10, 12: 2, 5: 17, 3: 20, 2: 37}",-0.7870583029069778
896,barabasi_albert,100,5,2,100,3.4118,4.0,2.262741699796952,"{12: 1, 9: 3, 10: 2, 11: 1, 7: 3, 5: 14, 4: 15, 8: 3, 6: 4, 3: 23, 2: 31}",-0.7870583029069778
897,barabasi_albert,100,5,2,100,3.3372,4.0,2.3579652245103193,"{8: 3, 12: 2, 9: 4, 7: 6, 10: 1, 5: 7, 3: 23, 6: 6, 4: 14, 2: 34}",-0.7870583029069778
898,barabasi_albert,100,5,2,100,3.336,4.0,2.2715633383201093,"{9: 3, 11: 3, 6: 10, 4: 15, 7: 7, 5: 9, 2: 38, 3: 14, 8: 1}",-0.7870583029069778
899,barabasi_albert,100,5,2,100,3.3062,4.0,2.3916521486202797,"{11: 1, 13: 1, 12: 1, 8: 2, 9: 1, 6: 7, 5: 13, 10: 2, 7: 5, 4: 12, 2: 36, 3: 19}",-0.7870583029069778
900,barabasi_albert,100,5,2,100,3.2336,4.0,2.6683328128252666,"{11: 1, 7: 3, 16: 2, 9: 2, 10: 2, 6: 6, 8: 2, 4: 20, 5: 8, 2: 36, 3: 18}",-0.7870583029069778
901,barabasi_albert,100,5,2,100,3.3454,4.0,2.4124676163629637,"{14: 1, 7: 3, 15: 1, 11: 1, 8: 5, 6: 7, 4: 22, 5: 7, 3: 21, 9: 1, 2: 31}",-0.7870583029069778
902,barabasi_albert,100,5,2,100,3.1626,4.0,2.891366458960192,"{11: 3, 7: 5, 15: 2, 8: 4, 10: 2, 12: 1, 6: 3, 2: 41, 3: 22, 5: 4, 4: 13}",-0.7870583029069778
903,barabasi_albert,100,5,2,100,3.3532,4.0,2.2891046284519194,"{10: 1, 7: 8, 13: 1, 9: 2, 11: 1, 6: 5, 8: 4, 4: 22, 5: 3, 3: 21, 2: 32}",-0.7870583029069778
904,barabasi_albert,100,5,2,100,3.3764,4.0,2.2045407685048604,"{8: 5, 9: 3, 11: 2, 7: 6, 6: 5, 4: 19, 5: 8, 2: 33, 3: 19}",-0.7870583029069778
905,barabasi_albert,100,5,2,100,3.3834,4.0,2.3958297101421877,"{11: 4, 10: 1, 9: 4, 8: 3, 7: 3, 4: 14, 3: 31, 6: 3, 5: 8, 2: 29}",-0.7870583029069778
906,barabasi_albert,100,5,2,100,3.3142,4.0,2.3664319132398464,"{11: 1, 9: 4, 12: 1, 6: 4, 10: 2, 7: 5, 5: 7, 8: 3, 3: 19, 4: 19, 2: 35}",-0.7870583029069778
907,barabasi_albert,100,5,2,100,3.3348,4.0,2.4166091947189146,"{11: 1, 10: 2, 14: 1, 12: 1, 8: 3, 6: 8, 9: 1, 5: 11, 3: 24, 7: 3, 4: 12, 2: 33}",-0.7870583029069778
908,barabasi_albert,100,5,2,100,3.2988,4.0,2.4,"{10: 3, 9: 6, 6: 6, 7: 6, 4: 10, 11: 1, 3: 24, 5: 7, 8: 1, 2: 36}",-0.7870583029069778
909,barabasi_albert,100,5,2,100,3.3912,4.0,2.149418526020468,"{7: 8, 10: 1, 12: 1, 8: 2, 9: 2, 11: 1, 5: 12, 4: 22, 3: 19, 6: 2, 2: 30}",-0.7870583029069778
910,barabasi_albert,100,5,2,100,3.3174,4.0,2.353720459187964,"{9: 5, 11: 1, 8: 3, 7: 5, 12: 1, 6: 5, 4: 14, 5: 8, 3: 23, 2: 34, 10: 1}",-0.7870583029069778
911,barabasi_albert,100,5,2,100,3.2924,4.0,2.4083189157584592,"{6: 6, 13: 1, 10: 2, 11: 1, 8: 3, 9: 4, 7: 3, 5: 11, 4: 15, 3: 16, 2: 38}",-0.7870583029069778
912,barabasi_albert,100,5,2,100,3.3528,4.0,2.293468988235943,"{10: 3, 9: 1, 12: 1, 6: 7, 7: 7, 8: 2, 5: 7, 4: 14, 3: 26, 11: 1, 2: 31}",-0.7870583029069778
913,barabasi_albert,100,5,2,100,3.3436,4.0,2.3874672772626644,"{6: 10, 9: 1, 8: 4, 11: 2, 15: 1, 10: 1, 7: 3, 4: 18, 5: 6, 3: 21, 2: 33}",-0.7870583029069778
914,barabasi_albert,100,5,2,100,3.3378,4.0,2.3108440016582685,"{9: 1, 8: 7, 11: 1, 7: 5, 12: 2, 5: 13, 4: 14, 3: 22, 2: 33, 6: 2}",-0.7870583029069778
915,barabasi_albert,100,5,2,100,3.2304,4.0,2.824889378365107,"{15: 1, 16: 2, 11: 2, 8: 2, 7: 5, 6: 5, 9: 1, 5: 8, 3: 29, 4: 12, 2: 33}",-0.7870583029069778
916,barabasi_albert,100,5,2,100,3.3342,4.0,2.4124676163629637,"{12: 3, 9: 2, 5: 8, 7: 6, 6: 3, 3: 25, 8: 2, 11: 1, 4: 18, 10: 1, 2: 31}",-0.7870583029069778
917,barabasi_albert,100,5,2,100,3.2662,4.0,2.4979991993593593,"{10: 2, 8: 1, 16: 1, 11: 2, 5: 16, 7: 8, 9: 1, 6: 3, 4: 11, 3: 17, 2: 38}",-0.7870583029069778
918,barabasi_albert,100,5,2,100,3.3326,4.0,2.340939982143925,"{8: 4, 10: 3, 14: 1, 9: 2, 4: 14, 5: 6, 7: 3, 6: 10, 3: 25, 2: 32}",-0.7870583029069778
919,barabasi_albert,100,5,2,100,3.3392,4.0,2.4979991993593593,"{10: 2, 15: 1, 12: 1, 9: 4, 6: 6, 4: 12, 5: 7, 8: 4, 3: 30, 7: 2, 2: 31}",-0.7870583029069778
920,barabasi_albert,100,5,2,100,3.35,4.0,2.3021728866442674,"{8: 3, 12: 1, 6: 7, 11: 1, 13: 1, 9: 2, 7: 6, 4: 16, 5: 8, 3: 24, 2: 31}",-0.7870583029069778
921,barabasi_albert,100,5,2,100,3.3322,4.0,2.328089345364563,"{13: 1, 11: 1, 7: 9, 10: 2, 8: 4, 9: 1, 5: 9, 6: 2, 3: 25, 2: 32, 4: 14}",-0.7870583029069778
922,barabasi_albert,100,5,2,100,3.3636,4.0,2.293468988235943,"{11: 2, 13: 1, 9: 3, 4: 21, 6: 10, 8: 2, 3: 19, 10: 1, 5: 8, 2: 32, 7: 1}",-0.7870583029069778
923,barabasi_albert,100,5,2,100,3.2904,4.0,2.5612496949731396,"{10: 2, 11: 2, 15: 1, 9: 1, 13: 1, 7: 6, 6: 7, 5: 11, 3: 22, 2: 36, 4: 11}",-0.7870583029069778
924,barabasi_albert,100,5,2,100,3.3186,4.0,2.449489742783178,"{10: 3, 13: 1, 11: 2, 12: 1, 7: 3, 5: 9, 6: 10, 4: 12, 3: 25, 8: 1, 2: 33}",-0.7870583029069778
925,barabasi_albert,100,5,2,100,3.3102,4.0,2.3323807579381204,"{10: 4, 6: 6, 8: 3, 9: 3, 11: 1, 5: 10, 7: 4, 3: 26, 4: 10, 2: 33}",-0.7870583029069778
926,barabasi_albert,100,5,2,100,3.3856,4.0,2.195449840010015,"{8: 4, 10: 1, 11: 1, 9: 4, 6: 7, 7: 4, 4: 12, 5: 13, 3: 20, 2: 34}",-0.7870583029069778
927,barabasi_albert,100,5,2,100,3.2798,4.0,2.477902338672773,"{12: 1, 11: 1, 7: 6, 9: 4, 8: 3, 6: 1, 5: 11, 13: 1, 10: 1, 4: 15, 3: 19, 2: 37}",-0.7870583029069778
928,barabasi_albert,100,5,2,100,3.35,4.0,2.4289915602982237,"{15: 1, 11: 2, 13: 1, 10: 1, 9: 1, 6: 9, 5: 11, 4: 19, 7: 2, 3: 20, 2: 32, 8: 1}",-0.7870583029069778
929,barabasi_albert,100,5,2,100,3.3636,4.0,2.3748684174075834,"{10: 2, 9: 3, 14: 1, 12: 1, 5: 11, 6: 8, 7: 3, 8: 2, 3: 27, 4: 11, 2: 31}",-0.7870583029069778
930,barabasi_albert,100,5,2,100,3.3524,4.0,2.3065125189341593,"{13: 1, 8: 5, 9: 2, 10: 1, 11: 1, 4: 14, 5: 10, 6: 6, 7: 5, 3: 21, 2: 34}",-0.7870583029069778
931,barabasi_albert,100,5,2,100,3.2578,4.0,2.553429066960741,"{12: 1, 9: 3, 10: 1, 14: 2, 6: 8, 7: 2, 5: 7, 3: 23, 11: 1, 8: 1, 4: 18, 2: 33}",-0.7870583029069778
932,barabasi_albert,100,5,2,100,3.3406,4.0,2.195449840010015,"{8: 4, 9: 3, 6: 7, 10: 2, 7: 4, 5: 9, 4: 17, 11: 1, 3: 21, 2: 32}",-0.7870583029069778
933,barabasi_albert,100,5,2,100,3.3014,4.0,2.4166091947189146,"{9: 3, 12: 1, 11: 2, 10: 1, 4: 13, 6: 7, 8: 5, 5: 8, 2: 37, 7: 3, 3: 20}",-0.7870583029069778
934,barabasi_albert,100,5,2,100,3.3222,4.0,2.258317958127243,"{10: 3, 13: 1, 9: 2, 8: 2, 5: 11, 6: 9, 7: 4, 4: 17, 2: 35, 3: 16}",-0.7870583029069778
935,barabasi_albert,100,5,2,100,3.2862,4.0,2.3874672772626644,"{8: 5, 13: 1, 10: 3, 11: 1, 7: 5, 5: 14, 6: 6, 3: 21, 4: 7, 2: 37}",-0.7870583029069778
936,barabasi_albert,100,5,2,100,3.3962,4.0,2.1587033144922905,"{8: 6, 11: 1, 9: 1, 12: 1, 5: 14, 6: 8, 7: 4, 4: 11, 3: 22, 2: 32}",-0.7870583029069778
937,barabasi_albert,100,5,2,100,3.2694,4.0,2.328089345364563,"{11: 2, 5: 7, 7: 6, 10: 4, 6: 5, 8: 1, 9: 2, 4: 19, 2: 33, 3: 21}",-0.7870583029069778
938,barabasi_albert,100,5,2,100,3.3856,4.0,2.258317958127243,"{11: 2, 14: 1, 6: 9, 10: 2, 8: 2, 5: 14, 3: 24, 2: 29, 4: 15, 7: 2}",-0.7870583029069778
939,barabasi_albert,100,5,2,100,3.307,4.0,2.4248711305964283,"{11: 2, 10: 2, 9: 2, 13: 1, 8: 5, 7: 2, 6: 5, 5: 10, 3: 23, 4: 14, 2: 34}",-0.7870583029069778
940,barabasi_albert,100,5,2,100,3.3696,4.0,2.3579652245103193,"{12: 1, 9: 1, 10: 3, 13: 1, 7: 5, 8: 3, 6: 6, 3: 24, 4: 15, 2: 32, 5: 9}",-0.7870583029069778
941,barabasi_albert,100,5,2,100,3.3188,4.0,2.4041630560342617,"{11: 1, 6: 6, 9: 3, 15: 1, 8: 1, 10: 1, 4: 19, 12: 1, 5: 13, 7: 3, 3: 17, 2: 34}",-0.7870583029069778
942,barabasi_albert,100,5,2,100,3.3534,4.0,2.345207879911715,"{8: 4, 13: 2, 10: 3, 4: 23, 9: 2, 7: 2, 6: 2, 3: 28, 5: 8, 2: 26}",-0.7870583029069778
943,barabasi_albert,100,5,2,100,3.4048,4.0,2.186321110907545,"{9: 2, 8: 2, 10: 3, 3: 29, 11: 2, 7: 4, 5: 9, 4: 20, 6: 4, 2: 25}",-0.7870583029069778
944,barabasi_albert,100,5,2,100,3.3014,4.0,2.4041630560342617,"{11: 2, 10: 2, 12: 1, 9: 3, 5: 12, 4: 13, 7: 5, 8: 2, 6: 4, 2: 36, 3: 20}",-0.7870583029069778
945,barabasi_albert,100,5,2,100,3.307,4.0,2.4979991993593593,"{12: 1, 10: 3, 8: 3, 16: 1, 5: 11, 6: 2, 4: 26, 7: 4, 2: 36, 11: 1, 3: 12}",-0.7870583029069778
946,barabasi_albert,100,5,2,100,3.2854,4.0,2.3323807579381204,"{9: 1, 8: 3, 14: 1, 11: 1, 12: 1, 5: 11, 7: 5, 6: 5, 10: 1, 3: 22, 4: 18, 2: 31}",-0.7870583029069778
947,barabasi_albert,100,5,2,100,3.3784,4.0,2.253885533916929,"{9: 1, 8: 2, 11: 1, 10: 2, 7: 7, 6: 4, 3: 24, 4: 18, 5: 11, 14: 1, 2: 29}",-0.7870583029069778
948,barabasi_albert,100,5,2,100,3.3534,4.0,2.2045407685048604,"{10: 2, 11: 1, 8: 7, 7: 8, 6: 3, 4: 18, 3: 15, 5: 10, 2: 36}",-0.7870583029069778
949,barabasi_albert,100,5,2,100,3.2986,4.0,2.3916521486202797,"{8: 5, 9: 1, 12: 2, 7: 7, 6: 4, 10: 1, 11: 1, 5: 7, 4: 21, 3: 12, 2: 39}",-0.7870583029069778
950,barabasi_albert,100,5,2,100,3.349,4.0,2.2671568097509267,"{10: 2, 12: 1, 13: 1, 6: 10, 5: 7, 8: 2, 7: 5, 4: 19, 3: 20, 9: 1, 2: 32}",-0.7870583029069778
951,barabasi_albert,100,5,2,100,3.3888,4.0,2.130727575266252,"{11: 2, 9: 5, 5: 14, 8: 3, 3: 32, 6: 7, 7: 1, 4: 11, 2: 25}",-0.7870583029069778
952,barabasi_albert,100,5,2,100,3.2934,4.0,2.5298221281347035,"{9: 2, 14: 1, 10: 4, 6: 6, 7: 3, 4: 17, 12: 1, 8: 4, 5: 4, 2: 35, 3: 23}",-0.7870583029069778
953,barabasi_albert,100,5,2,100,3.3488,4.0,2.293468988235943,"{12: 1, 8: 3, 10: 1, 9: 1, 11: 2, 7: 7, 5: 11, 2: 34, 6: 6, 3: 21, 4: 13}",-0.7870583029069778
954,barabasi_albert,100,5,2,100,3.2882,4.0,2.545584412271571,"{7: 5, 11: 3, 16: 1, 5: 12, 10: 2, 4: 17, 6: 4, 3: 18, 9: 2, 2: 36}",-0.7870583029069778
955,barabasi_albert,100,5,2,100,3.3124,4.0,2.3958297101421877,"{10: 2, 13: 1, 7: 9, 15: 1, 5: 7, 6: 7, 8: 2, 4: 15, 3: 24, 2: 32}",-0.7870583029069778
956,barabasi_albert,100,5,2,100,3.3506,4.0,2.4372115213907883,"{11: 3, 12: 2, 8: 4, 6: 3, 7: 4, 4: 18, 5: 7, 9: 2, 2: 31, 3: 26}",-0.7870583029069778
957,barabasi_albert,100,5,2,100,3.349,4.0,2.349468024894146,"{9: 4, 13: 1, 11: 2, 8: 3, 5: 8, 6: 8, 4: 18, 3: 18, 7: 3, 2: 35}",-0.7870583029069778
958,barabasi_albert,100,5,2,100,3.3282,4.0,2.3622023622035435,"{12: 1, 11: 1, 10: 1, 9: 5, 6: 8, 3: 19, 7: 4, 8: 3, 5: 5, 2: 36, 4: 17}",-0.7870583029069778
959,barabasi_albert,100,5,2,100,3.3544,4.0,2.2891046284519194,"{9: 4, 11: 2, 7: 6, 12: 1, 6: 2, 5: 15, 8: 2, 4: 14, 3: 21, 2: 33}",-0.7870583029069778
960,barabasi_albert,100,5,2,100,3.3154,4.0,2.4289915602982237,"{10: 2, 11: 1, 13: 1, 7: 7, 12: 1, 8: 3, 5: 7, 9: 1, 6: 5, 4: 16, 3: 21, 2: 35}",-0.7870583029069778
961,barabasi_albert,100,5,2,100,3.298,4.0,2.4819347291981715,"{10: 2, 12: 2, 11: 1, 14: 1, 7: 4, 4: 15, 9: 1, 6: 8, 8: 1, 5: 7, 3: 27, 2: 31}",-0.7870583029069778
962,barabasi_albert,100,5,2,100,3.3658,4.0,2.345207879911715,"{7: 6, 12: 2, 11: 1, 13: 1, 8: 3, 5: 10, 6: 7, 4: 17, 3: 20, 2: 33}",-0.7870583029069778
963,barabasi_albert,100,5,2,100,3.2184,4.0,2.705549851693737,"{14: 2, 10: 1, 12: 1, 9: 2, 13: 1, 11: 1, 4: 16, 7: 4, 6: 5, 5: 9, 3: 19, 2: 38, 8: 1}",-0.7870583029069778
964,barabasi_albert,100,5,2,100,3.3236,4.0,2.3108440016582685,"{12: 1, 10: 3, 9: 3, 8: 2, 7: 7, 4: 15, 5: 6, 6: 7, 3: 22, 2: 34}",-0.7870583029069778
965,barabasi_albert,100,5,2,100,3.257,4.0,2.4859605789312105,"{9: 1, 10: 2, 12: 1, 14: 1, 8: 3, 6: 9, 11: 1, 5: 7, 4: 15, 7: 5, 2: 39, 3: 16}",-0.7870583029069778
966,barabasi_albert,100,5,2,100,3.3,4.0,2.6570660511172846,"{14: 1, 6: 5, 12: 2, 8: 3, 16: 1, 4: 14, 7: 1, 10: 2, 3: 30, 5: 10, 9: 1, 2: 30}",-0.7870583029069778
967,barabasi_albert,100,5,2,100,3.2986,4.0,2.4289915602982237,"{11: 2, 10: 3, 9: 1, 12: 1, 4: 15, 5: 9, 7: 5, 6: 6, 8: 3, 2: 38, 3: 17}",-0.7870583029069778
968,barabasi_albert,100,5,2,100,3.3086,4.0,2.4124676163629637,"{12: 1, 10: 3, 9: 3, 11: 2, 6: 7, 5: 6, 7: 5, 2: 34, 4: 17, 3: 22}",-0.7870583029069778
969,barabasi_albert,100,5,2,100,3.2878,4.0,2.4166091947189146,"{11: 4, 8: 4, 7: 5, 10: 2, 6: 4, 5: 7, 3: 23, 4: 16, 9: 1, 2: 34}",-0.7870583029069778
970,barabasi_albert,100,5,2,100,3.3018,4.0,2.4248711305964283,"{11: 2, 12: 2, 10: 3, 5: 12, 6: 7, 4: 15, 7: 4, 8: 1, 3: 18, 2: 36}",-0.7870583029069778
971,barabasi_albert,100,5,2,100,3.2614,4.0,2.569046515733026,"{8: 2, 10: 3, 14: 1, 12: 2, 6: 7, 7: 4, 5: 9, 9: 2, 3: 25, 4: 9, 2: 36}",-0.7870583029069778
972,barabasi_albert,100,5,2,100,3.2544,4.0,2.4657656011875906,"{8: 2, 12: 1, 7: 4, 14: 1, 9: 3, 6: 5, 5: 10, 10: 3, 4: 16, 3: 19, 2: 36}",-0.7870583029069778
973,barabasi_albert,100,5,2,100,3.3428,4.0,2.262741699796952,"{11: 1, 8: 3, 10: 2, 9: 3, 7: 8, 4: 13, 6: 7, 3: 21, 5: 7, 2: 35}",-0.7870583029069778
974,barabasi_albert,100,5,2,100,3.3664,4.0,2.2671568097509267,"{10: 3, 9: 4, 7: 9, 5: 8, 4: 15, 8: 2, 3: 17, 2: 37, 6: 5}",-0.7870583029069778
975,barabasi_albert,100,5,2,100,3.298,4.0,2.4248711305964283,"{9: 3, 8: 3, 11: 3, 12: 1, 7: 7, 5: 4, 3: 31, 2: 32, 4: 9, 6: 7}",-0.7870583029069778
976,barabasi_albert,100,5,2,100,3.3386,4.0,2.6229754097208002,"{13: 2, 12: 1, 6: 11, 17: 1, 8: 4, 7: 1, 4: 15, 3: 31, 5: 4, 2: 29, 9: 1}",-0.7870583029069778
977,barabasi_albert,100,5,2,100,3.3512,4.0,2.258317958127243,"{7: 4, 12: 2, 9: 2, 8: 4, 3: 20, 5: 16, 10: 1, 6: 6, 4: 11, 2: 34}",-0.7870583029069778
978,barabasi_albert,100,5,2,100,3.3324,4.0,2.4372115213907883,"{9: 2, 8: 3, 7: 4, 12: 2, 14: 1, 5: 8, 6: 7, 4: 20, 10: 1, 3: 16, 2: 36}",-0.7870583029069778
979,barabasi_albert,100,5,2,100,3.3432,4.0,2.3874672772626644,"{10: 2, 9: 2, 11: 1, 12: 2, 8: 2, 6: 5, 5: 13, 7: 5, 4: 12, 2: 35, 3: 21}",-0.7870583029069778
980,barabasi_albert,100,5,2,100,3.384,4.0,2.186321110907545,"{11: 1, 10: 2, 13: 1, 8: 1, 6: 9, 7: 5, 4: 22, 5: 10, 3: 16, 2: 32, 9: 1}",-0.7870583029069778
981,barabasi_albert,100,5,2,100,3.2976,4.0,2.6608269391300143,"{11: 1, 10: 1, 12: 2, 14: 2, 7: 3, 8: 5, 5: 9, 2: 34, 3: 27, 6: 4, 4: 12}",-0.7870583029069778
982,barabasi_albert,100,5,2,100,3.2838,4.0,2.3958297101421877,"{6: 10, 9: 3, 11: 1, 7: 3, 4: 14, 14: 1, 8: 2, 13: 1, 5: 11, 3: 19, 2: 35}",-0.7870583029069778
983,barabasi_albert,100,5,2,100,3.2846,4.0,2.4331050121192876,"{13: 1, 9: 4, 11: 1, 8: 3, 6: 5, 12: 1, 5: 12, 10: 1, 7: 2, 2: 37, 4: 17, 3: 16}",-0.7870583029069778
984,barabasi_albert,100,5,2,100,3.3174,4.0,2.4576411454889016,"{10: 2, 8: 6, 12: 1, 11: 1, 14: 1, 7: 3, 4: 13, 6: 5, 3: 20, 5: 12, 2: 36}",-0.7870583029069778
985,barabasi_albert,100,5,2,100,3.3598,4.0,2.5337718918639855,"{10: 2, 19: 1, 12: 1, 8: 4, 7: 3, 5: 10, 6: 8, 4: 16, 3: 24, 2: 31}",-0.7870583029069778
986,barabasi_albert,100,5,2,100,3.3414,4.0,2.4617067250182343,"{8: 5, 14: 1, 7: 5, 12: 1, 6: 7, 4: 13, 3: 28, 5: 7, 11: 1, 13: 1, 2: 31}",-0.7870583029069778
987,barabasi_albert,100,5,2,100,3.3734,4.0,2.4124676163629637,"{11: 2, 12: 2, 10: 3, 7: 3, 5: 7, 6: 10, 8: 1, 4: 19, 3: 18, 2: 35}",-0.7870583029069778
988,barabasi_albert,100,5,2,100,3.3346,4.0,2.3790754506740637,"{11: 3, 8: 5, 10: 2, 9: 2, 7: 3, 3: 26, 4: 12, 5: 8, 6: 6, 2: 33}",-0.7870583029069778
989,barabasi_albert,100,5,2,100,3.3418,4.0,2.3579652245103193,"{7: 5, 10: 1, 11: 1, 9: 2, 15: 1, 6: 7, 8: 4, 5: 10, 3: 25, 4: 12, 2: 32}",-0.7870583029069778
990,barabasi_albert,100,5,2,100,3.4078,4.0,2.244994432064365,"{9: 3, 13: 1, 12: 1, 10: 2, 7: 5, 3: 29, 6: 6, 5: 10, 4: 17, 2: 26}",-0.7870583029069778
991,barabasi_albert,100,5,2,100,3.2902,4.0,2.569046515733026,"{9: 3, 13: 1, 15: 1, 12: 1, 11: 1, 5: 12, 6: 11, 8: 2, 7: 1, 2: 39, 4: 11, 3: 17}",-0.7870583029069778
992,barabasi_albert,100,5,2,100,3.3138,4.0,2.5337718918639855,"{14: 1, 9: 3, 7: 6, 13: 2, 4: 16, 6: 6, 5: 9, 10: 1, 8: 1, 3: 18, 2: 37}",-0.7870583029069778
993,barabasi_albert,100,5,2,100,3.3572,4.0,2.4289915602982237,"{11: 1, 10: 1, 9: 3, 15: 1, 6: 8, 7: 3, 8: 5, 5: 10, 3: 28, 4: 7, 2: 33}",-0.7870583029069778
994,barabasi_albert,100,5,2,100,3.3574,4.0,2.2891046284519194,"{8: 2, 7: 4, 10: 2, 12: 3, 6: 4, 9: 1, 5: 13, 4: 17, 3: 26, 2: 28}",-0.7870583029069778
995,barabasi_albert,100,5,2,100,3.4236,4.0,2.227105745132009,"{11: 2, 9: 2, 10: 3, 5: 13, 8: 2, 7: 2, 6: 8, 4: 13, 3: 25, 2: 30}",-0.7870583029069778
996,barabasi_albert,100,5,2,100,3.3502,4.0,2.3874672772626644,"{10: 2, 12: 1, 9: 1, 16: 1, 6: 8, 7: 4, 4: 18, 3: 17, 5: 12, 8: 2, 2: 34}",-0.7870583029069778
997,barabasi_albert,100,5,2,100,3.3456,4.0,2.3579652245103193,"{12: 1, 7: 5, 8: 4, 14: 1, 10: 3, 4: 16, 6: 3, 3: 22, 5: 13, 2: 32}",-0.7870583029069778
998,barabasi_albert,100,5,2,100,3.329,4.0,2.3579652245103193,"{8: 3, 11: 1, 13: 1, 9: 4, 12: 1, 7: 4, 6: 5, 5: 8, 4: 19, 3: 22, 2: 32}",-0.7870583029069778
999,barabasi_albert,100,5,2,100,3.2606,4.0,2.553429066960741,"{15: 1, 7: 3, 11: 2, 10: 2, 6: 7, 13: 1, 5: 10, 9: 1, 3: 26, 8: 2, 4: 12, 2: 33}",-0.7870583029069778
1000,barabasi_albert,100,5,2,100,3.3022,4.0,2.5806975801127883,"{10: 2, 9: 4, 16: 1, 7: 5, 13: 1, 8: 2, 3: 27, 4: 10, 6: 5, 5: 9, 2: 34}",-0.7870583029069778
