graph_id,model,n_nodes,m0,m,w,average_degree_of_separation,mean_degree_of_connection,standard_deviation_of_degrees_of_connection,degree_distribution,pearson_correlation_mean_separation_vs_degree_stdev
1,barabasi_albert,100,5,2,10,3.2798,4.0,2.6229754097208002,"{13: 1, 10: 4, 15: 1, 8: 6, 7: 1, 9: 2, 5: 13, 4: 12, 3: 22, 2: 37, 6: 1}",-0.8581326473057517
2,barabasi_albert,100,5,2,10,3.1892,4.0,2.839013913315678,"{12: 2, 9: 2, 10: 1, 11: 1, 4: 17, 18: 1, 6: 4, 13: 1, 5: 7, 7: 4, 2: 39, 3: 19, 8: 2}",-0.8581326473057517
3,barabasi_albert,100,5,2,10,3.2728,4.0,2.7202941017470885,"{12: 4, 17: 1, 10: 1, 8: 3, 3: 27, 7: 4, 6: 6, 5: 8, 4: 12, 2: 34}",-0.8581326473057517
4,barabasi_albert,100,5,2,10,3.2896,4.0,2.630589287593181,"{17: 1, 7: 5, 6: 6, 14: 1, 10: 2, 12: 1, 5: 7, 8: 3, 4: 22, 3: 15, 2: 37}",-0.8581326473057517
5,barabasi_albert,100,5,2,10,3.3318,4.0,2.5337718918639855,"{13: 1, 12: 1, 10: 2, 16: 1, 6: 11, 5: 9, 4: 11, 7: 4, 8: 2, 2: 34, 3: 24}",-0.8581326473057517
6,barabasi_albert,100,5,2,10,3.2976,4.0,2.5298221281347035,"{14: 1, 8: 3, 12: 1, 10: 3, 5: 11, 6: 5, 4: 15, 11: 2, 7: 3, 3: 20, 2: 36}",-0.8581326473057517
7,barabasi_albert,100,5,2,10,3.183,4.0,2.870540018881465,"{9: 2, 14: 2, 6: 12, 21: 1, 7: 3, 4: 17, 11: 1, 3: 25, 5: 4, 2: 33}",-0.8581326473057517
8,barabasi_albert,100,5,2,10,3.296,4.0,2.4819347291981715,"{13: 1, 10: 2, 12: 2, 11: 1, 5: 9, 6: 8, 7: 4, 9: 2, 3: 23, 4: 14, 2: 34}",-0.8581326473057517
9,barabasi_albert,100,5,2,10,3.3428,4.0,2.328089345364563,"{10: 2, 13: 1, 8: 6, 6: 2, 3: 27, 9: 2, 7: 3, 4: 14, 2: 30, 5: 12, 11: 1}",-0.8581326473057517
10,barabasi_albert,100,5,2,10,3.2402,4.0,2.7202941017470885,"{7: 3, 8: 4, 11: 1, 13: 2, 16: 1, 10: 2, 5: 13, 9: 1, 6: 3, 3: 24, 4: 9, 2: 37}",-0.8581326473057517
11,barabasi_albert,100,5,2,10,3.2026,4.0,2.874021572639983,"{12: 2, 19: 1, 14: 1, 11: 1, 8: 5, 5: 8, 9: 1, 6: 5, 7: 2, 4: 15, 2: 38, 3: 21}",-0.8581326473057517
12,barabasi_albert,100,5,2,10,3.0768,4.0,3.3286633954186478,"{14: 3, 13: 1, 24: 1, 8: 4, 7: 1, 12: 1, 4: 19, 6: 3, 5: 6, 3: 24, 2: 37}",-0.8581326473057517
13,barabasi_albert,100,5,2,10,3.3398,4.0,2.3874672772626644,"{11: 4, 8: 2, 12: 1, 7: 6, 5: 12, 10: 1, 6: 5, 3: 24, 4: 12, 2: 33}",-0.8581326473057517
14,barabasi_albert,100,5,2,10,3.3042,4.0,2.5612496949731396,"{9: 2, 11: 1, 12: 2, 10: 2, 6: 2, 8: 2, 4: 23, 7: 4, 5: 7, 15: 1, 3: 21, 2: 33}",-0.8581326473057517
15,barabasi_albert,100,5,2,10,3.2116,4.0,2.8284271247461903,"{8: 3, 16: 1, 15: 1, 9: 2, 7: 4, 11: 1, 3: 21, 6: 7, 5: 7, 14: 1, 2: 40, 4: 11, 10: 1}",-0.8581326473057517
16,barabasi_albert,100,5,2,10,3.2414,4.0,2.6,"{10: 2, 14: 2, 9: 2, 7: 7, 4: 12, 11: 1, 6: 6, 8: 2, 5: 8, 3: 18, 2: 40}",-0.8581326473057517
17,barabasi_albert,100,5,2,10,3.287,4.0,2.6758176320519302,"{13: 2, 10: 1, 15: 1, 12: 2, 9: 1, 7: 4, 5: 8, 4: 16, 6: 6, 3: 24, 2: 34, 8: 1}",-0.8581326473057517
18,barabasi_albert,100,5,2,10,3.2174,4.0,2.753179979587241,"{14: 1, 11: 2, 17: 1, 9: 3, 4: 19, 6: 7, 10: 2, 5: 7, 7: 2, 2: 40, 3: 15, 8: 1}",-0.8581326473057517
19,barabasi_albert,100,5,2,10,3.2466,4.0,2.5806975801127883,"{12: 1, 8: 2, 11: 2, 10: 3, 9: 1, 13: 1, 7: 7, 5: 9, 6: 3, 4: 11, 3: 22, 2: 38}",-0.8581326473057517
20,barabasi_albert,100,5,2,10,3.323,4.0,2.6267851073127395,"{11: 3, 15: 1, 10: 2, 14: 1, 8: 2, 7: 2, 4: 18, 5: 9, 6: 7, 2: 36, 3: 19}",-0.8581326473057517
21,barabasi_albert,100,5,2,10,3.264,4.0,2.723967694375247,"{18: 1, 12: 2, 9: 4, 11: 1, 3: 26, 8: 3, 6: 5, 5: 8, 7: 3, 4: 12, 2: 35}",-0.8581326473057517
22,barabasi_albert,100,5,2,10,3.2708,4.0,2.630589287593181,"{11: 1, 16: 1, 13: 1, 9: 4, 6: 6, 12: 1, 4: 16, 7: 5, 8: 1, 5: 6, 3: 23, 2: 35}",-0.8581326473057517
23,barabasi_albert,100,5,2,10,3.345,4.0,2.5179356624028344,"{10: 1, 15: 1, 11: 1, 5: 14, 14: 1, 8: 5, 9: 2, 3: 19, 6: 4, 4: 16, 2: 35, 7: 1}",-0.8581326473057517
24,barabasi_albert,100,5,2,10,3.2204,4.0,2.8600699292150185,"{12: 1, 9: 1, 11: 2, 17: 1, 4: 10, 13: 1, 14: 1, 7: 6, 6: 7, 5: 11, 2: 43, 3: 16}",-0.8581326473057517
25,barabasi_albert,100,5,2,10,3.1766,4.0,2.870540018881465,"{16: 1, 13: 1, 17: 1, 9: 2, 8: 3, 2: 38, 6: 7, 11: 2, 5: 5, 7: 3, 3: 22, 4: 15}",-0.8581326473057517
26,barabasi_albert,100,5,2,10,3.2324,4.0,2.5099800796022267,"{11: 3, 12: 1, 10: 1, 6: 6, 8: 4, 5: 12, 4: 7, 13: 1, 7: 4, 2: 35, 3: 26}",-0.8581326473057517
27,barabasi_albert,100,5,2,10,3.256,4.0,2.7092434368288134,"{15: 1, 13: 1, 11: 2, 6: 3, 14: 1, 10: 1, 7: 4, 8: 4, 4: 14, 3: 32, 5: 5, 2: 31, 9: 1}",-0.8581326473057517
28,barabasi_albert,100,5,2,10,3.257,4.0,2.745906043549196,"{10: 3, 6: 9, 13: 1, 14: 1, 15: 1, 7: 6, 5: 7, 11: 1, 2: 40, 4: 8, 8: 1, 3: 22}",-0.8581326473057517
29,barabasi_albert,100,5,2,10,3.261,4.0,2.753179979587241,"{13: 3, 17: 1, 6: 6, 9: 2, 4: 18, 7: 2, 5: 9, 8: 2, 3: 20, 11: 1, 2: 36}",-0.8581326473057517
30,barabasi_albert,100,5,2,10,3.2922,4.0,2.6,"{14: 1, 12: 2, 10: 2, 8: 4, 4: 12, 6: 5, 9: 1, 11: 1, 7: 4, 5: 9, 3: 21, 2: 38}",-0.8581326473057517
31,barabasi_albert,100,5,2,10,3.282,4.0,2.5337718918639855,"{6: 9, 12: 1, 9: 1, 17: 1, 14: 1, 8: 3, 5: 8, 7: 5, 3: 31, 4: 11, 2: 29}",-0.8581326473057517
32,barabasi_albert,100,5,2,10,3.3232,4.0,2.5377155080899043,"{8: 2, 11: 3, 9: 3, 13: 1, 14: 1, 3: 24, 5: 12, 7: 1, 4: 12, 6: 7, 2: 34}",-0.8581326473057517
33,barabasi_albert,100,5,2,10,3.2472,4.0,2.6795522013948525,"{11: 2, 13: 1, 16: 1, 8: 6, 10: 2, 3: 19, 7: 3, 5: 9, 4: 14, 6: 4, 2: 39}",-0.8581326473057517
34,barabasi_albert,100,5,2,10,3.2896,4.0,2.5612496949731396,"{6: 6, 16: 1, 11: 2, 9: 1, 10: 1, 8: 2, 14: 1, 3: 24, 5: 9, 7: 4, 4: 17, 2: 32}",-0.8581326473057517
35,barabasi_albert,100,5,2,10,3.2268,4.0,2.753179979587241,"{10: 3, 15: 1, 14: 2, 11: 1, 4: 13, 9: 1, 7: 7, 5: 11, 2: 38, 3: 21, 6: 2}",-0.8581326473057517
36,barabasi_albert,100,5,2,10,3.2936,4.0,2.592296279363144,"{9: 3, 14: 1, 17: 1, 7: 3, 10: 1, 5: 7, 4: 18, 6: 9, 11: 1, 8: 1, 3: 21, 2: 34}",-0.8581326473057517
37,barabasi_albert,100,5,2,10,3.3334,4.0,2.5806975801127883,"{11: 1, 10: 2, 14: 1, 17: 1, 6: 8, 7: 3, 8: 2, 5: 8, 9: 1, 3: 24, 4: 17, 2: 32}",-0.8581326473057517
38,barabasi_albert,100,5,2,10,3.2514,4.0,2.7676705006196096,"{7: 3, 17: 1, 5: 11, 14: 1, 11: 3, 8: 3, 6: 6, 10: 1, 4: 11, 3: 19, 2: 40, 9: 1}",-0.8581326473057517
39,barabasi_albert,100,5,2,10,3.259,4.0,2.630589287593181,"{8: 4, 12: 1, 6: 7, 11: 2, 13: 2, 7: 5, 4: 10, 3: 24, 2: 38, 9: 2, 5: 5}",-0.8581326473057517
40,barabasi_albert,100,5,2,10,3.2444,4.0,2.5612496949731396,"{8: 4, 10: 1, 15: 1, 9: 3, 7: 5, 3: 25, 12: 1, 11: 1, 4: 11, 6: 7, 5: 5, 2: 36}",-0.8581326473057517
41,barabasi_albert,100,5,2,10,3.2554,4.0,2.6570660511172846,"{12: 1, 15: 1, 13: 1, 7: 4, 14: 1, 6: 7, 8: 2, 9: 3, 4: 13, 3: 26, 5: 7, 2: 34}",-0.8581326473057517
42,barabasi_albert,100,5,2,10,3.2298,4.0,2.7676705006196096,"{8: 2, 10: 1, 14: 2, 9: 5, 15: 1, 3: 23, 7: 5, 6: 6, 4: 12, 2: 39, 5: 4}",-0.8581326473057517
43,barabasi_albert,100,5,2,10,3.3248,4.0,2.6457513110645907,"{12: 2, 14: 1, 15: 1, 9: 2, 8: 3, 4: 10, 2: 38, 7: 5, 6: 6, 5: 11, 3: 21}",-0.8581326473057517
44,barabasi_albert,100,5,2,10,3.1694,4.0,2.8284271247461903,"{10: 2, 13: 1, 11: 2, 14: 1, 16: 1, 4: 9, 8: 3, 7: 1, 9: 1, 3: 24, 6: 9, 5: 7, 2: 39}",-0.8581326473057517
45,barabasi_albert,100,5,2,10,3.2374,4.0,2.5768197453450252,"{10: 2, 8: 5, 11: 1, 14: 2, 7: 4, 9: 2, 4: 15, 5: 8, 3: 25, 2: 34, 6: 2}",-0.8581326473057517
46,barabasi_albert,100,5,2,10,3.28,4.0,2.5768197453450252,"{12: 2, 9: 1, 10: 3, 13: 1, 8: 3, 11: 1, 7: 2, 6: 8, 4: 6, 5: 9, 3: 30, 2: 34}",-0.8581326473057517
47,barabasi_albert,100,5,2,10,3.2874,4.0,2.5337718918639855,"{9: 5, 12: 2, 11: 2, 10: 2, 3: 22, 6: 7, 5: 7, 2: 36, 4: 15, 7: 2}",-0.8581326473057517
48,barabasi_albert,100,5,2,10,3.215,4.0,2.891366458960192,"{15: 2, 13: 1, 12: 1, 14: 1, 4: 8, 5: 8, 7: 2, 8: 5, 3: 22, 9: 1, 6: 8, 2: 41}",-0.8581326473057517
49,barabasi_albert,100,5,2,10,3.2084,4.0,2.716615541441225,"{11: 5, 14: 1, 9: 3, 8: 4, 7: 2, 6: 3, 5: 5, 4: 19, 10: 1, 2: 42, 3: 15}",-0.8581326473057517
50,barabasi_albert,100,5,2,10,3.2596,4.0,2.6381811916545836,"{9: 1, 8: 4, 16: 1, 12: 1, 11: 3, 4: 16, 7: 4, 5: 9, 10: 1, 3: 23, 6: 2, 2: 35}",-0.8581326473057517
51,barabasi_albert,100,5,2,10,3.2738,4.0,2.6795522013948525,"{10: 2, 9: 3, 14: 1, 16: 1, 6: 6, 12: 1, 5: 4, 8: 2, 7: 4, 2: 37, 4: 20, 3: 19}",-0.8581326473057517
52,barabasi_albert,100,5,2,10,3.265,4.0,2.792848008753788,"{17: 2, 12: 1, 4: 22, 9: 3, 8: 4, 5: 6, 10: 1, 7: 2, 3: 19, 6: 4, 2: 36}",-0.8581326473057517
53,barabasi_albert,100,5,2,10,3.2888,4.0,2.5298221281347035,"{14: 1, 10: 2, 12: 2, 8: 4, 9: 2, 7: 3, 6: 6, 5: 10, 4: 10, 2: 35, 3: 25}",-0.8581326473057517
54,barabasi_albert,100,5,2,10,3.2248,4.0,2.6570660511172846,"{13: 3, 9: 3, 14: 1, 3: 31, 5: 11, 6: 7, 2: 31, 10: 1, 4: 10, 11: 1, 7: 1}",-0.8581326473057517
55,barabasi_albert,100,5,2,10,3.1812,4.0,2.870540018881465,"{11: 3, 9: 2, 10: 1, 16: 1, 5: 10, 4: 13, 13: 1, 12: 2, 6: 5, 8: 1, 3: 19, 2: 41, 7: 1}",-0.8581326473057517
56,barabasi_albert,100,5,2,10,3.204,4.0,2.745906043549196,"{10: 2, 13: 1, 16: 1, 8: 3, 9: 4, 15: 1, 3: 20, 6: 4, 5: 8, 4: 20, 2: 36}",-0.8581326473057517
57,barabasi_albert,100,5,2,10,3.253,4.0,2.6981475126464085,"{8: 3, 11: 2, 16: 1, 10: 3, 9: 2, 6: 5, 5: 5, 3: 21, 7: 1, 4: 20, 13: 1, 2: 36}",-0.8581326473057517
58,barabasi_albert,100,5,2,10,3.2344,4.0,2.694438717061496,"{14: 2, 8: 5, 5: 9, 15: 1, 7: 5, 3: 22, 6: 4, 4: 13, 10: 1, 11: 1, 2: 37}",-0.8581326473057517
59,barabasi_albert,100,5,2,10,3.2018,4.0,2.8035691537752374,"{10: 4, 11: 1, 7: 3, 12: 1, 5: 4, 16: 1, 15: 1, 9: 1, 6: 9, 4: 14, 3: 24, 2: 37}",-0.8581326473057517
60,barabasi_albert,100,5,2,10,3.2554,4.0,2.6381811916545836,"{12: 1, 15: 1, 13: 1, 9: 2, 14: 1, 8: 4, 5: 8, 6: 3, 4: 20, 7: 4, 3: 20, 2: 35}",-0.8581326473057517
61,barabasi_albert,100,5,2,10,3.3094,4.0,2.649528259898354,"{10: 1, 13: 1, 11: 1, 12: 1, 18: 1, 5: 9, 7: 6, 4: 20, 6: 10, 3: 9, 2: 41}",-0.8581326473057517
62,barabasi_albert,100,5,2,10,3.2412,4.0,2.7676705006196096,"{13: 2, 10: 1, 6: 4, 14: 1, 17: 1, 4: 16, 7: 5, 9: 1, 8: 3, 3: 27, 5: 6, 2: 33}",-0.8581326473057517
63,barabasi_albert,100,5,2,10,3.208,4.0,2.80713376952364,"{10: 2, 9: 3, 15: 1, 16: 1, 11: 1, 13: 1, 7: 4, 5: 8, 8: 1, 6: 4, 4: 12, 3: 26, 2: 36}",-0.8581326473057517
64,barabasi_albert,100,5,2,10,3.2412,4.0,2.7129319932501073,"{9: 5, 13: 1, 17: 1, 8: 2, 7: 3, 10: 3, 4: 17, 6: 5, 3: 22, 5: 4, 2: 37}",-0.8581326473057517
65,barabasi_albert,100,5,2,10,3.236,4.0,2.6870057685088806,"{16: 1, 9: 3, 11: 2, 15: 1, 8: 3, 6: 4, 4: 11, 7: 5, 5: 9, 2: 35, 3: 26}",-0.8581326473057517
66,barabasi_albert,100,5,2,10,3.2378,4.0,2.8035691537752374,"{17: 1, 10: 3, 11: 1, 15: 1, 7: 3, 9: 3, 6: 3, 4: 10, 5: 13, 8: 2, 3: 20, 2: 40}",-0.8581326473057517
67,barabasi_albert,100,5,2,10,3.2018,4.0,3.0166206257996713,"{9: 1, 23: 1, 12: 1, 11: 2, 10: 2, 8: 4, 6: 7, 2: 40, 3: 20, 5: 9, 4: 12, 7: 1}",-0.8581326473057517
68,barabasi_albert,100,5,2,10,3.2104,4.0,2.7676705006196096,"{14: 1, 12: 2, 16: 1, 8: 4, 9: 2, 6: 4, 7: 5, 5: 7, 4: 11, 2: 38, 3: 24, 10: 1}",-0.8581326473057517
69,barabasi_albert,100,5,2,10,3.1706,4.0,2.9223278392404914,"{12: 1, 13: 1, 15: 1, 19: 1, 10: 3, 8: 2, 7: 4, 5: 9, 6: 3, 4: 14, 3: 26, 2: 35}",-0.8581326473057517
70,barabasi_albert,100,5,2,10,3.224,4.0,2.8106938645110393,"{10: 3, 19: 1, 13: 1, 7: 3, 6: 6, 11: 1, 8: 3, 3: 28, 12: 1, 4: 16, 2: 33, 5: 4}",-0.8581326473057517
71,barabasi_albert,100,5,2,10,3.3484,4.0,2.4657656011875906,"{12: 3, 8: 4, 13: 1, 9: 1, 4: 15, 3: 18, 5: 8, 7: 4, 6: 9, 2: 37}",-0.8581326473057517
72,barabasi_albert,100,5,2,10,3.2396,4.0,2.749545416973504,"{18: 1, 11: 1, 8: 2, 9: 1, 12: 1, 3: 26, 14: 1, 6: 10, 10: 1, 7: 4, 5: 8, 4: 8, 2: 36}",-0.8581326473057517
73,barabasi_albert,100,5,2,10,3.305,4.0,2.6683328128252666,"{7: 2, 12: 1, 10: 1, 17: 1, 8: 7, 4: 12, 11: 1, 6: 3, 5: 8, 9: 3, 3: 25, 2: 36}",-0.8581326473057517
74,barabasi_albert,100,5,2,10,3.2468,4.0,2.727636339397171,"{14: 1, 18: 1, 13: 1, 8: 4, 10: 1, 9: 1, 5: 10, 6: 5, 4: 12, 7: 5, 3: 23, 2: 36}",-0.8581326473057517
75,barabasi_albert,100,5,2,10,3.1458,4.0,3.2093613071762426,"{9: 2, 13: 1, 12: 1, 14: 1, 8: 4, 23: 1, 10: 2, 6: 4, 7: 3, 4: 15, 3: 19, 5: 4, 2: 43}",-0.8581326473057517
76,barabasi_albert,100,5,2,10,3.2872,4.0,2.565151067676132,"{7: 3, 15: 1, 11: 2, 13: 1, 9: 1, 8: 7, 4: 14, 6: 4, 5: 10, 3: 20, 2: 37}",-0.8581326473057517
77,barabasi_albert,100,5,2,10,3.1894,4.0,2.870540018881465,"{16: 2, 10: 2, 14: 1, 9: 2, 7: 4, 8: 1, 6: 5, 11: 1, 5: 11, 4: 12, 2: 41, 3: 18}",-0.8581326473057517
78,barabasi_albert,100,5,2,10,3.3124,4.0,2.4413111231467406,"{13: 1, 10: 2, 12: 1, 7: 6, 8: 5, 6: 6, 9: 2, 4: 17, 5: 4, 3: 19, 2: 37}",-0.8581326473057517
79,barabasi_albert,100,5,2,10,3.2822,4.0,2.694438717061496,"{11: 1, 15: 1, 9: 1, 8: 4, 14: 1, 4: 12, 13: 1, 10: 2, 3: 26, 7: 1, 5: 7, 6: 8, 2: 35}",-0.8581326473057517
80,barabasi_albert,100,5,2,10,3.2008,4.0,2.727636339397171,"{16: 1, 11: 4, 12: 1, 9: 1, 10: 1, 6: 2, 7: 6, 3: 14, 4: 20, 5: 7, 8: 2, 2: 41}",-0.8581326473057517
81,barabasi_albert,100,5,2,10,3.3138,4.0,2.5377155080899043,"{10: 4, 9: 3, 12: 2, 8: 5, 7: 1, 5: 9, 6: 6, 4: 9, 3: 23, 2: 38}",-0.8581326473057517
82,barabasi_albert,100,5,2,10,3.1666,4.0,2.7964262908219126,"{11: 2, 15: 1, 10: 1, 16: 1, 9: 4, 12: 1, 5: 10, 7: 2, 3: 23, 6: 5, 4: 13, 2: 37}",-0.8581326473057517
83,barabasi_albert,100,5,2,10,3.2794,4.0,2.619160170741759,"{14: 1, 10: 5, 8: 1, 12: 1, 13: 1, 7: 6, 6: 3, 3: 15, 4: 20, 5: 8, 2: 39}",-0.8581326473057517
84,barabasi_albert,100,5,2,10,3.232,4.0,2.619160170741759,"{14: 2, 11: 2, 9: 2, 8: 4, 4: 9, 5: 10, 6: 5, 10: 1, 2: 37, 7: 4, 3: 24}",-0.8581326473057517
85,barabasi_albert,100,5,2,10,3.2296,4.0,2.6419689627245813,"{11: 2, 9: 5, 16: 1, 10: 1, 7: 5, 5: 7, 4: 13, 8: 3, 2: 40, 3: 19, 6: 4}",-0.8581326473057517
86,barabasi_albert,100,5,2,10,3.2264,4.0,2.615339366124404,"{12: 2, 8: 3, 13: 2, 5: 6, 7: 5, 9: 3, 10: 1, 6: 4, 4: 14, 3: 24, 2: 36}",-0.8581326473057517
87,barabasi_albert,100,5,2,10,3.2174,4.0,2.6683328128252666,"{14: 1, 9: 3, 15: 1, 8: 1, 13: 2, 7: 5, 4: 17, 5: 9, 6: 5, 3: 20, 2: 36}",-0.8581326473057517
88,barabasi_albert,100,5,2,10,3.284,4.0,2.5019992006393608,"{8: 3, 10: 3, 13: 2, 9: 1, 6: 8, 7: 4, 5: 6, 11: 1, 4: 11, 3: 28, 2: 33}",-0.8581326473057517
89,barabasi_albert,100,5,2,10,3.2772,4.0,2.727636339397171,"{9: 3, 13: 3, 10: 3, 11: 1, 7: 2, 12: 1, 5: 10, 4: 17, 6: 2, 2: 37, 3: 21}",-0.8581326473057517
90,barabasi_albert,100,5,2,10,3.3394,4.0,2.3832750575625967,"{11: 2, 7: 4, 14: 1, 10: 2, 6: 9, 5: 6, 9: 2, 4: 21, 3: 18, 8: 1, 2: 34}",-0.8581326473057517
91,barabasi_albert,100,5,2,10,3.2882,4.0,2.5612496949731396,"{12: 3, 10: 2, 13: 1, 9: 2, 8: 1, 5: 8, 7: 7, 4: 13, 3: 26, 6: 3, 2: 34}",-0.8581326473057517
92,barabasi_albert,100,5,2,10,3.204,4.0,2.8809720581775866,"{19: 1, 5: 12, 14: 1, 11: 1, 13: 1, 7: 2, 8: 3, 12: 1, 4: 12, 2: 38, 6: 6, 10: 1, 3: 21}",-0.8581326473057517
93,barabasi_albert,100,5,2,10,3.27,4.0,2.477902338672773,"{14: 1, 9: 2, 11: 3, 10: 1, 4: 12, 7: 7, 6: 6, 5: 10, 3: 20, 8: 1, 2: 37}",-0.8581326473057517
94,barabasi_albert,100,5,2,10,3.2628,4.0,2.6532998322843198,"{9: 3, 11: 3, 14: 1, 13: 1, 6: 6, 3: 21, 7: 3, 12: 1, 4: 19, 2: 36, 5: 5, 8: 1}",-0.8581326473057517
95,barabasi_albert,100,5,2,10,3.235,4.0,2.891366458960192,"{15: 2, 14: 1, 11: 2, 13: 1, 7: 3, 6: 10, 3: 28, 8: 2, 4: 9, 10: 1, 5: 4, 2: 37}",-0.8581326473057517
96,barabasi_albert,100,5,2,10,3.2692,4.0,2.649528259898354,"{14: 3, 9: 2, 8: 3, 6: 7, 7: 5, 2: 39, 5: 8, 4: 14, 3: 18, 11: 1}",-0.8581326473057517
97,barabasi_albert,100,5,2,10,3.2904,4.0,2.7092434368288134,"{17: 1, 9: 6, 12: 1, 15: 1, 7: 4, 4: 16, 3: 19, 5: 11, 6: 4, 2: 37}",-0.8581326473057517
98,barabasi_albert,100,5,2,10,3.2366,4.0,2.6981475126464085,"{16: 1, 9: 2, 13: 2, 8: 3, 6: 6, 4: 12, 5: 8, 7: 4, 10: 1, 2: 37, 11: 1, 3: 23}",-0.8581326473057517
99,barabasi_albert,100,5,2,10,3.2576,4.0,2.705549851693737,"{8: 2, 12: 2, 15: 1, 13: 1, 11: 2, 7: 5, 3: 18, 10: 1, 6: 3, 5: 9, 2: 38, 4: 18}",-0.8581326473057517
100,barabasi_albert,100,5,2,10,3.2,4.0,2.7092434368288134,"{16: 1, 10: 3, 12: 2, 9: 2, 7: 4, 11: 1, 8: 2, 5: 7, 3: 24, 6: 3, 4: 15, 2: 36}",-0.8581326473057517
101,barabasi_albert,100,5,2,10,3.283,4.0,2.588435821108957,"{9: 1, 12: 2, 18: 1, 11: 1, 4: 22, 5: 10, 8: 2, 10: 1, 7: 4, 3: 22, 6: 3, 2: 31}",-0.8581326473057517
102,barabasi_albert,100,5,2,10,3.2578,4.0,2.6076809620810595,"{12: 2, 7: 6, 9: 3, 13: 1, 15: 1, 10: 1, 4: 18, 6: 2, 8: 1, 2: 32, 5: 7, 3: 26}",-0.8581326473057517
103,barabasi_albert,100,5,2,10,3.3272,4.0,2.553429066960741,"{9: 2, 13: 1, 12: 1, 11: 1, 15: 1, 4: 15, 10: 1, 7: 4, 6: 7, 5: 10, 8: 1, 3: 21, 2: 35}",-0.8581326473057517
104,barabasi_albert,100,5,2,10,3.249,4.0,2.7676705006196096,"{15: 1, 12: 1, 18: 1, 11: 1, 6: 6, 8: 2, 4: 14, 7: 7, 3: 27, 9: 2, 2: 34, 5: 4}",-0.8581326473057517
105,barabasi_albert,100,5,2,10,3.193,4.0,2.925747767665559,"{8: 2, 17: 1, 12: 1, 15: 1, 14: 2, 6: 6, 4: 15, 9: 1, 5: 6, 3: 29, 7: 2, 10: 1, 2: 33}",-0.8581326473057517
106,barabasi_albert,100,5,2,10,3.1796,4.0,2.9966648127543394,"{14: 2, 11: 2, 17: 1, 12: 2, 8: 3, 7: 1, 9: 1, 6: 5, 5: 11, 3: 18, 4: 11, 2: 43}",-0.8581326473057517
107,barabasi_albert,100,5,2,10,3.2498,4.0,2.727636339397171,"{10: 2, 16: 2, 5: 10, 13: 1, 3: 32, 6: 6, 4: 11, 7: 3, 9: 1, 11: 1, 8: 1, 2: 30}",-0.8581326473057517
108,barabasi_albert,100,5,2,10,3.2676,4.0,2.753179979587241,"{9: 4, 13: 2, 18: 1, 11: 1, 7: 2, 10: 1, 4: 15, 5: 13, 3: 24, 6: 2, 2: 34, 8: 1}",-0.8581326473057517
109,barabasi_albert,100,5,2,10,3.2278,4.0,2.6795522013948525,"{11: 1, 15: 2, 8: 2, 12: 1, 6: 6, 9: 3, 7: 5, 5: 10, 3: 17, 4: 13, 2: 40}",-0.8581326473057517
110,barabasi_albert,100,5,2,10,3.216,4.0,2.6570660511172846,"{14: 1, 12: 1, 8: 2, 10: 1, 16: 1, 6: 4, 11: 1, 7: 4, 9: 2, 3: 16, 5: 11, 2: 38, 4: 18}",-0.8581326473057517
111,barabasi_albert,100,5,2,10,3.282,4.0,2.5806975801127883,"{9: 3, 12: 1, 13: 3, 8: 4, 6: 4, 5: 7, 4: 15, 3: 25, 7: 4, 2: 34}",-0.8581326473057517
112,barabasi_albert,100,5,2,10,3.309,4.0,2.4166091947189146,"{14: 1, 9: 2, 7: 3, 11: 3, 8: 3, 4: 14, 5: 7, 6: 11, 3: 21, 2: 35}",-0.8581326473057517
113,barabasi_albert,100,5,2,10,3.2762,4.0,2.6229754097208002,"{14: 2, 13: 1, 12: 1, 11: 2, 6: 7, 5: 9, 7: 3, 9: 1, 4: 20, 3: 20, 2: 34}",-0.8581326473057517
114,barabasi_albert,100,5,2,10,3.2888,4.0,2.630589287593181,"{9: 1, 13: 1, 11: 2, 14: 1, 10: 3, 7: 4, 5: 10, 6: 3, 3: 26, 4: 15, 12: 1, 2: 33}",-0.8581326473057517
115,barabasi_albert,100,5,2,10,3.3608,4.0,2.4041630560342617,"{7: 5, 8: 3, 10: 2, 12: 2, 14: 1, 4: 16, 5: 10, 6: 6, 3: 23, 2: 32}",-0.8581326473057517
116,barabasi_albert,100,5,2,10,3.2576,4.0,2.6683328128252666,"{11: 2, 14: 1, 12: 1, 16: 1, 9: 3, 6: 6, 5: 15, 4: 8, 2: 35, 3: 25, 7: 3}",-0.8581326473057517
117,barabasi_albert,100,5,2,10,3.245,4.0,2.723967694375247,"{14: 1, 15: 2, 6: 5, 8: 2, 7: 3, 4: 17, 9: 2, 5: 12, 11: 1, 3: 14, 10: 1, 2: 40}",-0.8581326473057517
118,barabasi_albert,100,5,2,10,3.269,4.0,2.4248711305964283,"{12: 1, 8: 3, 13: 1, 9: 1, 11: 2, 7: 5, 5: 11, 3: 20, 6: 5, 10: 1, 4: 15, 2: 35}",-0.8581326473057517
119,barabasi_albert,100,5,2,10,3.2426,4.0,2.6907248094147422,"{15: 1, 9: 4, 11: 1, 17: 1, 2: 32, 10: 2, 8: 1, 7: 2, 3: 27, 6: 3, 5: 12, 4: 14}",-0.8581326473057517
120,barabasi_albert,100,5,2,10,3.2552,4.0,2.8,"{6: 8, 14: 1, 17: 1, 9: 3, 15: 1, 5: 9, 11: 1, 4: 14, 2: 40, 8: 1, 7: 4, 3: 17}",-0.8581326473057517
121,barabasi_albert,100,5,2,10,3.2,4.0,2.874021572639983,"{6: 7, 10: 2, 14: 2, 4: 12, 18: 1, 5: 8, 9: 2, 8: 5, 7: 1, 2: 41, 3: 19}",-0.8581326473057517
122,barabasi_albert,100,5,2,10,3.1608,4.0,2.8460498941515415,"{14: 3, 13: 1, 11: 1, 8: 1, 7: 3, 4: 15, 15: 1, 6: 6, 5: 7, 9: 1, 3: 28, 2: 33}",-0.8581326473057517
123,barabasi_albert,100,5,2,10,3.2522,4.0,2.760434748368452,"{9: 4, 12: 1, 15: 1, 8: 2, 16: 1, 13: 1, 7: 2, 4: 9, 5: 15, 6: 4, 3: 23, 2: 37}",-0.8581326473057517
124,barabasi_albert,100,5,2,10,3.2194,4.0,2.9765752132274432,"{12: 1, 8: 1, 15: 1, 23: 1, 10: 1, 7: 7, 5: 9, 3: 23, 9: 1, 4: 13, 2: 36, 6: 6}",-0.8581326473057517
125,barabasi_albert,100,5,2,10,3.1144,4.0,3.0298514815086235,"{14: 1, 13: 1, 8: 7, 17: 1, 15: 1, 11: 1, 6: 1, 9: 2, 7: 3, 4: 12, 5: 8, 2: 45, 3: 17}",-0.8581326473057517
126,barabasi_albert,100,5,2,10,3.2656,4.0,2.7202941017470885,"{12: 2, 8: 5, 15: 1, 10: 2, 14: 1, 4: 16, 7: 2, 5: 10, 9: 1, 6: 3, 3: 18, 2: 39}",-0.8581326473057517
127,barabasi_albert,100,5,2,10,3.1994,4.0,2.8844410203711917,"{14: 1, 12: 2, 11: 1, 15: 1, 10: 3, 4: 18, 13: 1, 5: 4, 6: 6, 9: 1, 7: 2, 2: 38, 3: 22}",-0.8581326473057517
128,barabasi_albert,100,5,2,10,3.2984,4.0,2.569046515733026,"{17: 1, 13: 1, 9: 2, 11: 1, 10: 2, 7: 4, 6: 10, 5: 7, 4: 15, 3: 24, 2: 33}",-0.8581326473057517
129,barabasi_albert,100,5,2,10,3.1436,4.0,3.082207001484488,"{12: 1, 14: 2, 20: 1, 15: 1, 6: 3, 7: 3, 5: 9, 3: 28, 4: 13, 10: 1, 9: 1, 8: 2, 2: 35}",-0.8581326473057517
130,barabasi_albert,100,5,2,10,3.283,4.0,2.870540018881465,"{18: 1, 11: 2, 10: 1, 13: 1, 7: 4, 5: 10, 9: 3, 3: 28, 14: 1, 6: 5, 4: 8, 2: 36}",-0.8581326473057517
131,barabasi_albert,100,5,2,10,3.2452,4.0,2.8284271247461903,"{12: 1, 15: 1, 18: 1, 10: 1, 14: 1, 6: 6, 9: 2, 5: 14, 8: 2, 4: 13, 2: 35, 3: 23}",-0.8581326473057517
132,barabasi_albert,100,5,2,10,3.1834,4.0,2.835489375751565,"{12: 2, 14: 1, 17: 1, 9: 2, 8: 2, 4: 16, 10: 1, 6: 9, 11: 1, 3: 17, 2: 41, 5: 5, 7: 2}",-0.8581326473057517
133,barabasi_albert,100,5,2,10,3.1874,4.0,2.792848008753788,"{11: 4, 9: 2, 15: 1, 12: 2, 4: 14, 8: 1, 6: 4, 7: 4, 5: 5, 10: 1, 3: 24, 2: 38}",-0.8581326473057517
134,barabasi_albert,100,5,2,10,3.2998,4.0,2.4819347291981715,"{9: 1, 11: 2, 8: 4, 16: 1, 12: 1, 6: 9, 5: 11, 3: 24, 4: 12, 7: 2, 2: 33}",-0.8581326473057517
135,barabasi_albert,100,5,2,10,3.2972,4.0,2.5729360660537215,"{14: 1, 12: 1, 11: 2, 13: 1, 7: 6, 5: 5, 6: 5, 9: 2, 8: 2, 3: 26, 2: 33, 4: 16}",-0.8581326473057517
136,barabasi_albert,100,5,2,10,3.1622,4.0,3.0133038346638727,"{9: 2, 6: 6, 16: 2, 13: 2, 14: 1, 12: 1, 8: 1, 7: 4, 3: 34, 4: 12, 5: 2, 2: 33}",-0.8581326473057517
137,barabasi_albert,100,5,2,10,3.1916,4.0,2.705549851693737,"{10: 1, 12: 3, 9: 1, 13: 2, 11: 1, 8: 2, 6: 7, 5: 5, 3: 16, 4: 19, 7: 3, 2: 40}",-0.8581326473057517
138,barabasi_albert,100,5,2,10,3.2598,4.0,2.6645825188948455,"{9: 3, 10: 4, 16: 1, 7: 4, 12: 1, 3: 27, 2: 36, 4: 11, 6: 6, 8: 3, 5: 4}",-0.8581326473057517
139,barabasi_albert,100,5,2,10,3.2078,4.0,2.831960451701259,"{14: 2, 13: 3, 7: 3, 10: 4, 5: 9, 3: 31, 6: 4, 2: 33, 4: 11}",-0.8581326473057517
140,barabasi_albert,100,5,2,10,3.2692,4.0,2.615339366124404,"{12: 1, 10: 2, 7: 7, 20: 1, 4: 19, 6: 5, 5: 11, 9: 1, 8: 1, 3: 17, 2: 35}",-0.8581326473057517
141,barabasi_albert,100,5,2,10,3.2852,4.0,2.6832815729997477,"{16: 1, 11: 3, 10: 2, 9: 3, 12: 1, 7: 1, 6: 8, 4: 12, 5: 9, 3: 24, 2: 36}",-0.8581326473057517
142,barabasi_albert,100,5,2,10,3.2412,4.0,2.723967694375247,"{14: 1, 10: 2, 12: 3, 9: 3, 7: 4, 4: 15, 11: 1, 8: 1, 6: 5, 3: 21, 5: 5, 2: 39}",-0.8581326473057517
143,barabasi_albert,100,5,2,10,3.2134,4.0,2.835489375751565,"{19: 1, 9: 2, 10: 3, 11: 2, 7: 1, 15: 1, 6: 8, 3: 28, 4: 17, 5: 5, 2: 32}",-0.8581326473057517
144,barabasi_albert,100,5,2,10,3.2342,4.0,2.4698178070456938,"{10: 4, 12: 1, 11: 1, 6: 7, 9: 3, 5: 9, 8: 2, 7: 4, 3: 21, 4: 10, 2: 38}",-0.8581326473057517
145,barabasi_albert,100,5,2,10,3.2642,4.0,2.6419689627245813,"{14: 2, 8: 3, 11: 2, 10: 1, 9: 3, 7: 3, 5: 10, 4: 13, 6: 6, 3: 16, 2: 41}",-0.8581326473057517
146,barabasi_albert,100,5,2,10,3.2918,4.0,2.5377155080899043,"{8: 4, 13: 1, 12: 2, 10: 1, 5: 12, 11: 1, 6: 5, 9: 2, 7: 3, 4: 15, 2: 41, 3: 13}",-0.8581326473057517
147,barabasi_albert,100,5,2,10,3.1536,4.0,3.184336665618132,"{10: 1, 13: 1, 15: 1, 17: 1, 18: 1, 7: 4, 11: 2, 9: 2, 4: 13, 5: 7, 3: 20, 8: 1, 6: 3, 2: 43}",-0.8581326473057517
148,barabasi_albert,100,5,2,10,3.2614,4.0,2.630589287593181,"{10: 6, 11: 1, 14: 1, 5: 11, 13: 1, 6: 7, 9: 1, 2: 39, 3: 17, 4: 15, 7: 1}",-0.8581326473057517
149,barabasi_albert,100,5,2,10,3.2736,4.0,2.588435821108957,"{10: 2, 11: 2, 9: 1, 16: 1, 12: 1, 7: 5, 8: 2, 6: 7, 3: 26, 4: 16, 5: 4, 2: 33}",-0.8581326473057517
150,barabasi_albert,100,5,2,10,3.2526,4.0,2.7712812921102037,"{12: 2, 13: 2, 14: 1, 15: 1, 5: 12, 7: 3, 2: 34, 11: 1, 3: 21, 4: 20, 6: 3}",-0.8581326473057517
151,barabasi_albert,100,5,2,10,3.2708,4.0,2.4819347291981715,"{11: 4, 10: 2, 8: 5, 9: 2, 5: 9, 7: 2, 3: 19, 4: 14, 6: 5, 2: 38}",-0.8581326473057517
152,barabasi_albert,100,5,2,10,3.2776,4.0,2.5179356624028344,"{10: 5, 9: 4, 13: 1, 11: 1, 3: 23, 5: 7, 6: 5, 4: 16, 7: 2, 8: 1, 2: 35}",-0.8581326473057517
153,barabasi_albert,100,5,2,10,3.2506,4.0,2.734958866235469,"{13: 1, 9: 1, 16: 1, 14: 1, 15: 1, 8: 4, 6: 5, 4: 19, 7: 3, 5: 8, 2: 34, 3: 22}",-0.8581326473057517
154,barabasi_albert,100,5,2,10,3.2206,4.0,2.6645825188948455,"{9: 5, 10: 2, 14: 1, 16: 1, 8: 2, 4: 13, 6: 5, 2: 38, 7: 4, 3: 21, 5: 8}",-0.8581326473057517
155,barabasi_albert,100,5,2,10,3.2598,4.0,2.814249455894058,"{13: 1, 14: 1, 8: 3, 11: 1, 18: 1, 9: 1, 6: 7, 3: 27, 4: 16, 7: 3, 10: 2, 2: 34, 5: 3}",-0.8581326473057517
156,barabasi_albert,100,5,2,10,3.2616,4.0,2.7748873851023217,"{13: 1, 10: 4, 12: 2, 5: 9, 14: 1, 7: 2, 6: 5, 9: 1, 3: 20, 2: 40, 11: 1, 4: 13, 8: 1}",-0.8581326473057517
157,barabasi_albert,100,5,2,10,3.3444,4.0,2.3706539182259396,"{10: 4, 7: 7, 8: 1, 5: 10, 12: 2, 4: 16, 6: 8, 3: 13, 2: 39}",-0.8581326473057517
158,barabasi_albert,100,5,2,10,3.2256,4.0,2.6832815729997477,"{11: 2, 12: 2, 8: 4, 10: 4, 9: 3, 6: 4, 5: 10, 3: 21, 4: 9, 2: 41}",-0.8581326473057517
159,barabasi_albert,100,5,2,10,3.2278,4.0,2.6981475126464085,"{16: 1, 9: 3, 8: 2, 13: 1, 10: 2, 6: 5, 7: 2, 11: 2, 5: 11, 2: 40, 4: 14, 3: 17}",-0.8581326473057517
160,barabasi_albert,100,5,2,10,3.2344,4.0,2.7820855486487113,"{8: 4, 18: 1, 9: 4, 13: 2, 7: 2, 10: 1, 4: 14, 3: 23, 6: 5, 5: 7, 2: 37}",-0.8581326473057517
161,barabasi_albert,100,5,2,10,3.1948,4.0,2.9189039038652846,"{7: 5, 10: 2, 16: 1, 17: 1, 6: 5, 12: 2, 9: 1, 5: 6, 11: 1, 2: 39, 4: 14, 3: 22, 8: 1}",-0.8581326473057517
162,barabasi_albert,100,5,2,10,3.3504,4.0,2.3790754506740637,"{11: 1, 9: 3, 8: 3, 7: 5, 13: 1, 6: 7, 4: 18, 10: 2, 5: 6, 3: 18, 2: 36}",-0.8581326473057517
163,barabasi_albert,100,5,2,10,3.3308,4.0,2.4372115213907883,"{15: 1, 11: 1, 7: 9, 9: 1, 10: 2, 8: 2, 3: 20, 6: 8, 5: 10, 2: 38, 4: 8}",-0.8581326473057517
164,barabasi_albert,100,5,2,10,3.2692,4.0,2.6907248094147422,"{16: 1, 8: 6, 13: 1, 7: 5, 9: 2, 10: 3, 5: 6, 4: 14, 2: 41, 6: 3, 3: 18}",-0.8581326473057517
165,barabasi_albert,100,5,2,10,3.2504,4.0,2.6608269391300143,"{6: 7, 12: 2, 11: 1, 16: 1, 10: 2, 4: 14, 5: 8, 2: 40, 8: 2, 9: 1, 7: 5, 3: 17}",-0.8581326473057517
166,barabasi_albert,100,5,2,10,3.2828,4.0,2.6,"{9: 3, 10: 1, 13: 1, 11: 2, 14: 1, 7: 5, 3: 26, 8: 3, 4: 14, 6: 6, 5: 3, 2: 35}",-0.8581326473057517
167,barabasi_albert,100,5,2,10,3.196,4.0,2.8,"{12: 2, 16: 1, 10: 2, 13: 2, 6: 6, 4: 10, 3: 27, 7: 3, 8: 3, 5: 8, 2: 36}",-0.8581326473057517
168,barabasi_albert,100,5,2,10,3.2948,4.0,2.630589287593181,"{14: 1, 8: 3, 12: 1, 9: 2, 17: 1, 7: 3, 4: 14, 5: 13, 11: 1, 6: 4, 3: 24, 2: 33}",-0.8581326473057517
169,barabasi_albert,100,5,2,10,3.2596,4.0,2.705549851693737,"{17: 1, 10: 1, 8: 5, 6: 5, 15: 1, 11: 2, 5: 12, 9: 1, 7: 1, 4: 11, 3: 26, 2: 34}",-0.8581326473057517
170,barabasi_albert,100,5,2,10,3.2438,4.0,2.824889378365107,"{11: 1, 15: 1, 4: 14, 17: 1, 13: 1, 9: 2, 5: 10, 6: 6, 8: 3, 7: 3, 3: 15, 10: 1, 2: 42}",-0.8581326473057517
171,barabasi_albert,100,5,2,10,3.285,4.0,2.4819347291981715,"{10: 2, 9: 4, 6: 5, 15: 1, 12: 1, 5: 9, 8: 1, 7: 6, 3: 24, 2: 34, 4: 13}",-0.8581326473057517
172,barabasi_albert,100,5,2,10,3.1514,4.0,2.939387691339814,"{16: 2, 17: 1, 12: 2, 8: 2, 6: 6, 5: 12, 2: 36, 3: 24, 7: 2, 4: 12, 9: 1}",-0.8581326473057517
173,barabasi_albert,100,5,2,10,3.2116,4.0,2.979932885150268,"{9: 2, 18: 1, 10: 1, 20: 1, 7: 5, 12: 1, 4: 13, 8: 2, 5: 9, 6: 6, 3: 20, 2: 39}",-0.8581326473057517
174,barabasi_albert,100,5,2,10,3.2416,4.0,2.619160170741759,"{14: 2, 10: 1, 8: 3, 11: 1, 9: 2, 4: 15, 6: 4, 5: 12, 13: 1, 7: 3, 2: 37, 3: 19}",-0.8581326473057517
175,barabasi_albert,100,5,2,10,3.2764,4.0,2.4738633753705965,"{12: 1, 13: 1, 9: 3, 8: 2, 11: 2, 7: 6, 5: 15, 6: 5, 2: 38, 4: 6, 3: 21}",-0.8581326473057517
176,barabasi_albert,100,5,2,10,3.3032,4.0,2.6419689627245813,"{11: 2, 4: 19, 12: 3, 16: 1, 9: 2, 5: 9, 7: 3, 6: 3, 8: 1, 3: 26, 2: 31}",-0.8581326473057517
177,barabasi_albert,100,5,2,10,3.1656,4.0,2.949576240750525,"{11: 2, 10: 2, 14: 1, 16: 1, 15: 1, 12: 1, 7: 3, 6: 5, 4: 10, 9: 1, 3: 28, 8: 1, 5: 7, 2: 37}",-0.8581326473057517
178,barabasi_albert,100,5,2,10,3.2114,4.0,2.8530685235374214,"{11: 4, 12: 2, 17: 1, 9: 2, 10: 1, 3: 22, 8: 1, 4: 13, 5: 8, 7: 1, 6: 6, 2: 39}",-0.8581326473057517
179,barabasi_albert,100,5,2,10,3.2196,4.0,2.727636339397171,"{16: 1, 9: 4, 13: 1, 12: 2, 5: 12, 8: 1, 6: 4, 4: 11, 2: 37, 11: 1, 7: 3, 3: 23}",-0.8581326473057517
180,barabasi_albert,100,5,2,10,3.1872,4.0,2.973213749463701,"{8: 4, 21: 1, 7: 6, 15: 1, 11: 2, 6: 4, 9: 1, 5: 5, 4: 13, 3: 24, 2: 38, 10: 1}",-0.8581326473057517
181,barabasi_albert,100,5,2,10,3.204,4.0,2.9563490998188966,"{13: 1, 18: 1, 15: 2, 12: 1, 5: 8, 6: 9, 7: 4, 4: 13, 8: 2, 3: 19, 2: 40}",-0.8581326473057517
182,barabasi_albert,100,5,2,10,3.2016,4.0,2.8284271247461903,"{13: 1, 14: 1, 11: 2, 15: 2, 7: 4, 3: 26, 6: 6, 8: 3, 5: 5, 4: 15, 2: 35}",-0.8581326473057517
183,barabasi_albert,100,5,2,10,3.276,4.0,2.7386127875258306,"{15: 1, 14: 1, 9: 2, 16: 1, 10: 1, 4: 15, 6: 6, 2: 39, 7: 5, 5: 8, 8: 3, 3: 18}",-0.8581326473057517
184,barabasi_albert,100,5,2,10,3.2726,4.0,2.584569596664017,"{8: 2, 9: 3, 15: 2, 5: 11, 6: 7, 11: 1, 4: 8, 10: 2, 3: 34, 7: 1, 2: 29}",-0.8581326473057517
185,barabasi_albert,100,5,2,10,3.2924,4.0,2.6795522013948525,"{13: 1, 9: 5, 14: 1, 16: 1, 4: 20, 5: 8, 10: 1, 8: 2, 6: 5, 2: 36, 3: 19, 7: 1}",-0.8581326473057517
186,barabasi_albert,100,5,2,10,3.2996,4.0,2.6457513110645907,"{14: 1, 12: 3, 13: 1, 8: 2, 4: 13, 7: 4, 11: 1, 6: 6, 5: 13, 3: 17, 2: 39}",-0.8581326473057517
187,barabasi_albert,100,5,2,10,3.191,4.0,2.824889378365107,"{13: 1, 15: 2, 14: 1, 8: 2, 9: 2, 10: 1, 3: 23, 4: 14, 7: 6, 6: 6, 5: 4, 2: 38}",-0.8581326473057517
188,barabasi_albert,100,5,2,10,3.2596,4.0,2.6,"{10: 2, 11: 5, 9: 2, 12: 1, 6: 7, 4: 10, 8: 1, 3: 28, 5: 6, 7: 3, 2: 35}",-0.8581326473057517
189,barabasi_albert,100,5,2,10,3.2828,4.0,2.5059928172283334,"{13: 2, 12: 1, 8: 5, 10: 2, 6: 2, 7: 3, 4: 14, 5: 10, 9: 2, 3: 27, 2: 32}",-0.8581326473057517
190,barabasi_albert,100,5,2,10,3.2974,4.0,2.630589287593181,"{8: 3, 13: 1, 12: 2, 15: 1, 9: 2, 7: 7, 4: 12, 5: 6, 6: 6, 3: 23, 2: 37}",-0.8581326473057517
191,barabasi_albert,100,5,2,10,3.2698,4.0,2.545584412271571,"{11: 1, 8: 4, 10: 2, 14: 1, 13: 2, 4: 14, 6: 7, 5: 10, 3: 26, 7: 1, 2: 32}",-0.8581326473057517
192,barabasi_albert,100,5,2,10,3.332,4.0,2.4289915602982237,"{15: 1, 9: 5, 10: 2, 8: 3, 6: 6, 5: 11, 4: 12, 7: 3, 3: 22, 2: 35}",-0.8581326473057517
193,barabasi_albert,100,5,2,10,3.2578,4.0,2.824889378365107,"{16: 2, 7: 4, 11: 1, 10: 4, 6: 5, 12: 1, 4: 12, 5: 7, 2: 34, 3: 29, 9: 1}",-0.8581326473057517
194,barabasi_albert,100,5,2,10,3.3182,4.0,2.5377155080899043,"{12: 2, 13: 2, 9: 2, 6: 5, 8: 2, 7: 4, 4: 11, 5: 11, 11: 1, 3: 28, 2: 32}",-0.8581326473057517
195,barabasi_albert,100,5,2,10,3.3496,4.0,2.445403852127497,"{12: 3, 10: 1, 9: 4, 8: 1, 6: 9, 7: 5, 3: 22, 5: 7, 2: 36, 4: 12}",-0.8581326473057517
196,barabasi_albert,100,5,2,10,3.1874,4.0,2.745906043549196,"{16: 1, 7: 2, 11: 3, 14: 1, 10: 2, 5: 10, 9: 1, 6: 4, 4: 16, 2: 39, 8: 3, 3: 18}",-0.8581326473057517
197,barabasi_albert,100,5,2,10,3.2278,4.0,2.6,"{6: 7, 12: 1, 11: 2, 17: 1, 7: 7, 5: 6, 8: 2, 9: 2, 3: 22, 4: 14, 2: 36}",-0.8581326473057517
198,barabasi_albert,100,5,2,10,3.2696,4.0,2.6795522013948525,"{18: 1, 11: 2, 13: 1, 9: 2, 5: 6, 6: 8, 4: 14, 8: 4, 7: 3, 3: 24, 2: 35}",-0.8581326473057517
199,barabasi_albert,100,5,2,10,3.137,4.0,3.0298514815086235,"{23: 1, 11: 3, 13: 1, 9: 4, 6: 7, 4: 10, 7: 2, 5: 10, 3: 25, 2: 37}",-0.8581326473057517
200,barabasi_albert,100,5,2,10,3.212,4.0,2.86705423736629,"{13: 2, 15: 1, 7: 4, 12: 3, 9: 2, 2: 39, 10: 1, 6: 5, 5: 8, 4: 9, 8: 1, 3: 25}",-0.8581326473057517
201,barabasi_albert,100,5,2,10,3.2628,4.0,2.6115129714401193,"{9: 4, 16: 1, 11: 2, 8: 2, 6: 6, 14: 1, 5: 11, 4: 19, 7: 1, 3: 16, 2: 37}",-0.8581326473057517
202,barabasi_albert,100,5,2,10,3.1536,4.0,3.0886890422961,"{18: 2, 12: 3, 13: 1, 5: 8, 8: 2, 3: 24, 4: 14, 7: 4, 6: 3, 2: 38, 9: 1}",-0.8581326473057517
203,barabasi_albert,100,5,2,10,3.2522,4.0,2.5612496949731396,"{12: 1, 6: 10, 13: 2, 15: 1, 8: 2, 9: 1, 5: 11, 4: 11, 7: 4, 3: 21, 2: 36}",-0.8581326473057517
204,barabasi_albert,100,5,2,10,3.2698,4.0,2.7092434368288134,"{15: 1, 12: 1, 19: 1, 8: 2, 6: 6, 9: 2, 7: 5, 5: 12, 3: 21, 4: 14, 2: 35}",-0.8581326473057517
205,barabasi_albert,100,5,2,10,3.157,4.0,3.127299154222378,"{12: 2, 10: 1, 16: 2, 17: 1, 8: 3, 3: 25, 11: 1, 9: 2, 6: 4, 4: 15, 2: 39, 7: 1, 5: 4}",-0.8581326473057517
206,barabasi_albert,100,5,2,10,3.2266,4.0,2.7386127875258306,"{10: 3, 16: 1, 11: 1, 12: 2, 5: 10, 7: 3, 13: 1, 4: 20, 6: 3, 9: 1, 3: 18, 2: 37}",-0.8581326473057517
207,barabasi_albert,100,5,2,10,3.2746,4.0,2.5298221281347035,"{10: 1, 11: 2, 13: 1, 12: 1, 8: 3, 5: 11, 6: 4, 9: 3, 7: 4, 2: 40, 4: 15, 3: 15}",-0.8581326473057517
208,barabasi_albert,100,5,2,10,3.2432,4.0,2.734958866235469,"{8: 3, 15: 3, 4: 16, 9: 3, 11: 1, 5: 12, 6: 4, 3: 19, 7: 2, 2: 37}",-0.8581326473057517
209,barabasi_albert,100,5,2,10,3.2672,4.0,2.5219040425836985,"{18: 1, 12: 1, 10: 3, 5: 13, 8: 1, 7: 5, 9: 1, 4: 14, 6: 5, 3: 25, 2: 31}",-0.8581326473057517
210,barabasi_albert,100,5,2,10,3.2376,4.0,2.7712812921102037,"{11: 2, 16: 2, 10: 1, 12: 1, 7: 4, 8: 2, 4: 15, 5: 9, 3: 24, 9: 1, 6: 4, 2: 35}",-0.8581326473057517
211,barabasi_albert,100,5,2,10,3.2898,4.0,2.565151067676132,"{8: 3, 11: 1, 13: 1, 9: 2, 10: 2, 5: 8, 4: 11, 6: 4, 7: 7, 14: 1, 2: 37, 3: 23}",-0.8581326473057517
212,barabasi_albert,100,5,2,10,3.26,4.0,2.5298221281347035,"{15: 2, 7: 5, 10: 2, 4: 14, 8: 3, 9: 1, 5: 8, 6: 9, 3: 20, 2: 36}",-0.8581326473057517
213,barabasi_albert,100,5,2,10,3.2298,4.0,2.814249455894058,"{10: 1, 15: 1, 8: 7, 13: 1, 18: 1, 7: 2, 6: 5, 5: 11, 3: 28, 9: 1, 4: 6, 2: 36}",-0.8581326473057517
214,barabasi_albert,100,5,2,10,3.21,4.0,2.7676705006196096,"{10: 6, 8: 3, 9: 2, 17: 1, 7: 4, 4: 8, 11: 1, 6: 2, 2: 39, 5: 9, 3: 25}",-0.8581326473057517
215,barabasi_albert,100,5,2,10,3.2034,4.0,2.7676705006196096,"{11: 1, 15: 1, 14: 1, 10: 1, 16: 1, 8: 3, 6: 3, 9: 1, 4: 16, 5: 8, 7: 6, 2: 37, 3: 21}",-0.8581326473057517
216,barabasi_albert,100,5,2,10,3.166,4.0,3.0430248109405875,"{6: 10, 10: 2, 14: 2, 22: 1, 7: 4, 11: 1, 3: 21, 5: 8, 2: 40, 4: 10, 8: 1}",-0.8581326473057517
217,barabasi_albert,100,5,2,10,3.2934,4.0,2.4,"{11: 3, 10: 2, 6: 5, 9: 3, 7: 6, 3: 19, 8: 2, 5: 9, 4: 14, 2: 37}",-0.8581326473057517
218,barabasi_albert,100,5,2,10,3.2214,4.0,2.727636339397171,"{10: 2, 20: 1, 11: 2, 13: 1, 7: 4, 5: 15, 6: 1, 4: 15, 2: 31, 8: 2, 3: 26}",-0.8581326473057517
219,barabasi_albert,100,5,2,10,3.237,4.0,2.7092434368288134,"{13: 3, 10: 1, 8: 1, 14: 1, 5: 5, 11: 2, 2: 37, 7: 5, 4: 20, 6: 6, 3: 19}",-0.8581326473057517
220,barabasi_albert,100,5,2,10,3.206,4.0,2.8460498941515415,"{17: 1, 13: 2, 12: 2, 8: 7, 4: 18, 9: 1, 6: 2, 2: 41, 7: 2, 5: 8, 3: 16}",-0.8581326473057517
221,barabasi_albert,100,5,2,10,3.2812,4.0,2.6758176320519302,"{10: 1, 15: 2, 9: 1, 12: 2, 3: 31, 8: 4, 7: 3, 6: 7, 5: 7, 2: 32, 4: 10}",-0.8581326473057517
222,barabasi_albert,100,5,2,10,3.257,4.0,2.5768197453450252,"{19: 1, 6: 6, 8: 4, 9: 2, 12: 1, 5: 11, 11: 1, 7: 3, 2: 31, 4: 14, 3: 26}",-0.8581326473057517
223,barabasi_albert,100,5,2,10,3.266,4.0,2.6115129714401193,"{9: 3, 11: 1, 13: 1, 10: 2, 14: 1, 5: 8, 4: 12, 8: 5, 7: 3, 3: 22, 6: 4, 2: 38}",-0.8581326473057517
224,barabasi_albert,100,5,2,10,3.1818,4.0,2.7129319932501073,"{12: 1, 10: 1, 13: 2, 11: 4, 2: 36, 7: 4, 5: 8, 9: 1, 4: 14, 8: 2, 6: 2, 3: 25}",-0.8581326473057517
225,barabasi_albert,100,5,2,10,3.2082,4.0,2.778488797889961,"{12: 2, 14: 3, 13: 1, 9: 2, 6: 4, 8: 1, 5: 8, 4: 18, 3: 27, 7: 2, 2: 32}",-0.8581326473057517
226,barabasi_albert,100,5,2,10,3.2478,4.0,2.723967694375247,"{8: 3, 19: 1, 10: 2, 13: 1, 7: 3, 11: 1, 5: 12, 9: 2, 6: 4, 3: 26, 2: 34, 4: 11}",-0.8581326473057517
227,barabasi_albert,100,5,2,10,3.2702,4.0,2.6267851073127395,"{8: 3, 13: 2, 11: 2, 14: 1, 7: 6, 6: 5, 3: 15, 5: 8, 9: 1, 4: 17, 2: 40}",-0.8581326473057517
228,barabasi_albert,100,5,2,10,3.2458,4.0,2.792848008753788,"{14: 1, 16: 1, 12: 2, 11: 2, 9: 1, 7: 4, 5: 10, 8: 3, 3: 23, 6: 4, 4: 11, 2: 38}",-0.8581326473057517
229,barabasi_albert,100,5,2,10,3.3162,4.0,2.3194827009486403,"{14: 1, 12: 1, 8: 2, 9: 3, 6: 11, 10: 1, 7: 3, 5: 10, 4: 11, 2: 31, 3: 26}",-0.8581326473057517
230,barabasi_albert,100,5,2,10,3.2724,4.0,2.5573423705088842,"{9: 5, 13: 1, 15: 1, 8: 4, 11: 1, 5: 9, 7: 3, 4: 12, 6: 4, 2: 34, 3: 26}",-0.8581326473057517
231,barabasi_albert,100,5,2,10,3.2176,4.0,2.8635642126552705,"{16: 1, 9: 2, 13: 1, 14: 2, 7: 6, 3: 24, 6: 6, 8: 5, 2: 40, 5: 3, 4: 10}",-0.8581326473057517
232,barabasi_albert,100,5,2,10,3.2262,4.0,2.749545416973504,"{7: 3, 14: 1, 17: 1, 13: 1, 10: 2, 9: 3, 6: 6, 8: 2, 3: 18, 4: 19, 5: 6, 2: 38}",-0.8581326473057517
233,barabasi_albert,100,5,2,10,3.2184,4.0,2.8530685235374214,"{18: 1, 11: 2, 13: 2, 10: 3, 7: 2, 8: 2, 4: 14, 5: 11, 2: 38, 3: 21, 6: 4}",-0.8581326473057517
234,barabasi_albert,100,5,2,10,3.2312,4.0,2.7820855486487113,"{15: 1, 10: 4, 17: 1, 8: 5, 4: 17, 5: 10, 9: 2, 3: 15, 6: 3, 2: 41, 7: 1}",-0.8581326473057517
235,barabasi_albert,100,5,2,10,3.2094,4.0,3.0983866769659336,"{17: 2, 11: 1, 9: 1, 14: 1, 3: 24, 5: 12, 19: 1, 7: 3, 4: 18, 8: 1, 6: 2, 2: 34}",-0.8581326473057517
236,barabasi_albert,100,5,2,10,3.2866,4.0,2.565151067676132,"{13: 2, 11: 2, 6: 5, 12: 1, 8: 3, 10: 2, 4: 17, 7: 3, 5: 8, 3: 23, 2: 34}",-0.8581326473057517
237,barabasi_albert,100,5,2,10,3.3192,4.0,2.5059928172283334,"{18: 1, 9: 3, 10: 1, 11: 2, 7: 2, 8: 1, 6: 8, 3: 26, 4: 15, 2: 30, 5: 11}",-0.8581326473057517
238,barabasi_albert,100,5,2,10,3.2268,4.0,2.756809750418044,"{12: 2, 13: 2, 7: 3, 14: 1, 11: 1, 6: 4, 4: 15, 8: 4, 5: 7, 3: 23, 10: 1, 2: 37}",-0.8581326473057517
239,barabasi_albert,100,5,2,10,3.2232,4.0,2.7964262908219126,"{12: 1, 19: 1, 9: 3, 8: 4, 13: 1, 5: 12, 11: 1, 4: 12, 6: 3, 7: 3, 2: 38, 3: 21}",-0.8581326473057517
240,barabasi_albert,100,5,2,10,3.3046,4.0,2.6343879744638983,"{14: 1, 12: 1, 13: 2, 7: 6, 11: 2, 5: 11, 8: 1, 6: 5, 2: 38, 4: 16, 3: 17}",-0.8581326473057517
241,barabasi_albert,100,5,2,10,3.2694,4.0,2.6683328128252666,"{16: 1, 18: 1, 7: 1, 9: 4, 8: 2, 5: 10, 6: 13, 3: 17, 2: 38, 4: 13}",-0.8581326473057517
242,barabasi_albert,100,5,2,10,3.317,4.0,2.545584412271571,"{12: 1, 10: 1, 15: 1, 9: 3, 7: 5, 8: 2, 6: 5, 13: 1, 5: 10, 3: 20, 4: 15, 2: 36}",-0.8581326473057517
243,barabasi_albert,100,5,2,10,3.2244,4.0,2.6419689627245813,"{9: 4, 12: 1, 16: 1, 10: 2, 7: 4, 11: 1, 6: 8, 4: 13, 8: 1, 5: 7, 3: 18, 2: 40}",-0.8581326473057517
244,barabasi_albert,100,5,2,10,3.3006,4.0,2.4819347291981715,"{11: 3, 13: 1, 10: 2, 8: 3, 7: 6, 6: 10, 4: 9, 2: 36, 5: 5, 3: 25}",-0.8581326473057517
245,barabasi_albert,100,5,2,10,3.186,4.0,2.8635642126552705,"{7: 4, 16: 1, 17: 1, 8: 1, 11: 2, 14: 1, 6: 5, 4: 15, 3: 23, 5: 9, 9: 1, 2: 36, 10: 1}",-0.8581326473057517
246,barabasi_albert,100,5,2,10,3.25,4.0,2.7129319932501073,"{16: 1, 9: 3, 12: 1, 11: 1, 14: 1, 6: 6, 10: 2, 4: 15, 8: 1, 7: 3, 5: 5, 2: 33, 3: 28}",-0.8581326473057517
247,barabasi_albert,100,5,2,10,3.188,4.0,2.7892651361962706,"{11: 2, 7: 3, 10: 2, 16: 1, 15: 1, 9: 3, 5: 8, 4: 15, 6: 5, 8: 2, 3: 17, 2: 41}",-0.8581326473057517
248,barabasi_albert,100,5,2,10,3.1984,4.0,2.9154759474226504,"{9: 3, 17: 1, 16: 1, 13: 1, 11: 2, 6: 7, 8: 3, 4: 14, 7: 2, 2: 41, 5: 6, 3: 19}",-0.8581326473057517
249,barabasi_albert,100,5,2,10,3.2978,4.0,2.5099800796022267,"{10: 4, 7: 6, 14: 1, 9: 4, 5: 11, 6: 6, 3: 17, 4: 9, 8: 1, 2: 41}",-0.8581326473057517
250,barabasi_albert,100,5,2,10,3.2526,4.0,2.6645825188948455,"{15: 1, 12: 2, 7: 5, 10: 3, 14: 1, 6: 5, 3: 26, 5: 10, 4: 12, 8: 1, 2: 34}",-0.8581326473057517
251,barabasi_albert,100,5,2,10,3.2576,4.0,2.5573423705088842,"{12: 1, 8: 7, 14: 1, 9: 1, 11: 1, 7: 4, 10: 2, 4: 16, 2: 38, 6: 5, 3: 20, 5: 4}",-0.8581326473057517
252,barabasi_albert,100,5,2,10,3.1396,4.0,3.0397368307141326,"{15: 1, 12: 1, 23: 1, 10: 4, 8: 1, 7: 2, 3: 22, 5: 10, 6: 6, 4: 16, 2: 36}",-0.8581326473057517
253,barabasi_albert,100,5,2,10,3.237,4.0,2.821347195933177,"{13: 1, 10: 2, 15: 1, 12: 1, 17: 1, 7: 2, 6: 6, 11: 1, 8: 1, 5: 13, 3: 21, 4: 13, 2: 37}",-0.8581326473057517
254,barabasi_albert,100,5,2,10,3.214,4.0,2.6870057685088806,"{14: 2, 13: 1, 11: 2, 9: 4, 6: 5, 5: 12, 4: 14, 10: 1, 3: 22, 2: 36, 7: 1}",-0.8581326473057517
255,barabasi_albert,100,5,2,10,3.255,4.0,2.545584412271571,"{5: 11, 12: 2, 11: 1, 13: 1, 10: 2, 7: 3, 8: 2, 3: 32, 6: 2, 4: 16, 14: 1, 2: 27}",-0.8581326473057517
256,barabasi_albert,100,5,2,10,3.2304,4.0,2.7748873851023217,"{14: 1, 11: 1, 10: 1, 13: 1, 12: 2, 4: 19, 6: 6, 15: 1, 3: 21, 9: 1, 2: 36, 7: 2, 5: 7, 8: 1}",-0.8581326473057517
257,barabasi_albert,100,5,2,10,3.1962,4.0,2.723967694375247,"{15: 2, 6: 8, 13: 1, 8: 2, 12: 1, 7: 5, 5: 5, 10: 2, 4: 16, 3: 21, 2: 37}",-0.8581326473057517
258,barabasi_albert,100,5,2,10,3.3208,4.0,2.5377155080899043,"{12: 1, 9: 7, 8: 4, 14: 1, 7: 2, 10: 1, 5: 6, 4: 14, 6: 4, 3: 25, 2: 35}",-0.8581326473057517
259,barabasi_albert,100,5,2,10,3.2242,4.0,2.6229754097208002,"{10: 1, 11: 2, 13: 1, 9: 1, 12: 2, 6: 7, 8: 5, 5: 9, 4: 14, 7: 2, 3: 13, 2: 43}",-0.8581326473057517
260,barabasi_albert,100,5,2,10,3.1696,4.0,2.949576240750525,"{19: 1, 12: 1, 11: 2, 15: 1, 8: 2, 9: 3, 2: 37, 10: 1, 4: 13, 5: 4, 6: 8, 3: 26, 7: 1}",-0.8581326473057517
261,barabasi_albert,100,5,2,10,3.2588,4.0,2.734958866235469,"{8: 2, 11: 1, 16: 2, 12: 1, 6: 9, 7: 5, 9: 2, 5: 8, 3: 20, 2: 39, 4: 11}",-0.8581326473057517
262,barabasi_albert,100,5,2,10,3.3224,4.0,2.4372115213907883,"{6: 7, 5: 8, 9: 3, 11: 4, 13: 1, 7: 4, 3: 26, 8: 1, 4: 14, 2: 32}",-0.8581326473057517
263,barabasi_albert,100,5,2,10,3.1492,4.0,2.9359836511806394,"{15: 1, 11: 1, 18: 1, 12: 2, 9: 3, 7: 2, 5: 9, 8: 3, 6: 2, 4: 12, 10: 1, 3: 26, 2: 37}",-0.8581326473057517
264,barabasi_albert,100,5,2,10,3.2642,4.0,2.569046515733026,"{11: 1, 12: 2, 15: 1, 6: 8, 7: 2, 10: 2, 5: 7, 3: 24, 8: 3, 9: 1, 4: 15, 2: 34}",-0.8581326473057517
265,barabasi_albert,100,5,2,10,3.2056,4.0,2.694438717061496,"{7: 5, 15: 1, 10: 1, 8: 2, 14: 1, 6: 7, 5: 10, 12: 2, 11: 1, 4: 13, 3: 17, 2: 40}",-0.8581326473057517
266,barabasi_albert,100,5,2,10,3.2096,4.0,2.749545416973504,"{13: 2, 12: 2, 14: 1, 5: 9, 3: 21, 4: 12, 8: 4, 6: 6, 7: 2, 11: 1, 9: 1, 2: 39}",-0.8581326473057517
267,barabasi_albert,100,5,2,10,3.2498,4.0,2.824889378365107,"{12: 2, 7: 2, 13: 1, 8: 7, 16: 1, 6: 3, 15: 1, 5: 10, 3: 24, 4: 12, 2: 37}",-0.8581326473057517
268,barabasi_albert,100,5,2,10,3.2542,4.0,2.6532998322843198,"{10: 4, 9: 2, 13: 2, 12: 1, 8: 2, 7: 4, 6: 8, 5: 5, 4: 10, 3: 23, 2: 39}",-0.8581326473057517
269,barabasi_albert,100,5,2,10,3.2838,4.0,2.5612496949731396,"{11: 3, 10: 1, 8: 2, 13: 1, 9: 3, 5: 13, 7: 7, 3: 17, 6: 5, 2: 43, 4: 5}",-0.8581326473057517
270,barabasi_albert,100,5,2,10,3.2418,4.0,2.6038433132583076,"{11: 5, 8: 5, 14: 1, 2: 39, 4: 16, 6: 5, 9: 1, 7: 3, 5: 7, 3: 18}",-0.8581326473057517
271,barabasi_albert,100,5,2,10,3.2414,4.0,2.6720778431774774,"{17: 1, 13: 1, 8: 6, 11: 1, 14: 1, 6: 6, 5: 13, 3: 24, 7: 2, 4: 10, 2: 35}",-0.8581326473057517
272,barabasi_albert,100,5,2,10,3.292,4.0,2.5059928172283334,"{14: 1, 8: 3, 9: 1, 12: 2, 13: 1, 6: 7, 10: 1, 5: 11, 4: 14, 7: 2, 3: 25, 2: 32}",-0.8581326473057517
273,barabasi_albert,100,5,2,10,3.2348,4.0,2.7676705006196096,"{19: 1, 11: 3, 10: 2, 4: 12, 5: 8, 9: 1, 8: 4, 6: 6, 3: 22, 7: 3, 2: 38}",-0.8581326473057517
274,barabasi_albert,100,5,2,10,3.1722,4.0,2.9427877939124323,"{7: 4, 15: 1, 10: 2, 6: 3, 16: 1, 14: 1, 11: 2, 4: 13, 8: 4, 9: 1, 3: 20, 2: 42, 5: 6}",-0.8581326473057517
275,barabasi_albert,100,5,2,10,3.175,4.0,2.8879058156387303,"{12: 1, 10: 3, 13: 1, 17: 1, 5: 8, 9: 2, 15: 1, 6: 5, 3: 30, 7: 3, 8: 1, 4: 9, 2: 35}",-0.8581326473057517
276,barabasi_albert,100,5,2,10,3.252,4.0,2.8809720581775866,"{12: 2, 6: 7, 22: 1, 8: 2, 11: 1, 10: 1, 7: 7, 3: 25, 2: 35, 4: 14, 5: 5}",-0.8581326473057517
277,barabasi_albert,100,5,2,10,3.2736,4.0,2.5768197453450252,"{9: 3, 10: 1, 17: 1, 11: 3, 6: 4, 7: 2, 3: 22, 8: 2, 5: 13, 4: 15, 2: 34}",-0.8581326473057517
278,barabasi_albert,100,5,2,10,3.192,4.0,2.824889378365107,"{14: 1, 8: 3, 12: 4, 17: 1, 7: 4, 4: 15, 6: 4, 5: 8, 3: 25, 2: 35}",-0.8581326473057517
279,barabasi_albert,100,5,2,10,3.296,4.0,2.705549851693737,"{8: 2, 12: 1, 13: 1, 14: 2, 9: 1, 10: 3, 4: 13, 6: 8, 5: 6, 3: 26, 7: 2, 2: 35}",-0.8581326473057517
280,barabasi_albert,100,5,2,10,3.158,4.0,2.9154759474226504,"{12: 2, 14: 1, 9: 4, 16: 1, 11: 2, 3: 18, 6: 2, 4: 15, 7: 5, 5: 5, 8: 2, 2: 43}",-0.8581326473057517
281,barabasi_albert,100,5,2,10,3.238,4.0,2.7640549922170505,"{13: 2, 9: 1, 10: 1, 17: 1, 8: 6, 2: 36, 3: 22, 4: 19, 12: 1, 7: 4, 5: 6, 6: 1}",-0.8581326473057517
282,barabasi_albert,100,5,2,10,3.258,4.0,2.553429066960741,"{12: 1, 8: 2, 11: 1, 15: 1, 9: 4, 10: 2, 5: 11, 2: 36, 4: 14, 3: 21, 6: 5, 7: 2}",-0.8581326473057517
283,barabasi_albert,100,5,2,10,3.2312,4.0,2.723967694375247,"{14: 1, 18: 1, 10: 3, 6: 8, 7: 3, 5: 9, 4: 15, 12: 1, 8: 1, 9: 1, 3: 21, 2: 36}",-0.8581326473057517
284,barabasi_albert,100,5,2,10,3.2226,4.0,2.778488797889961,"{8: 2, 9: 2, 11: 1, 13: 2, 16: 1, 10: 2, 7: 6, 6: 6, 5: 4, 3: 21, 4: 13, 2: 40}",-0.8581326473057517
285,barabasi_albert,100,5,2,10,3.2098,4.0,2.7640549922170505,"{10: 3, 15: 1, 14: 1, 9: 3, 3: 30, 13: 1, 12: 1, 5: 8, 6: 5, 7: 1, 8: 1, 4: 12, 2: 33}",-0.8581326473057517
286,barabasi_albert,100,5,2,10,3.2856,4.0,2.6907248094147422,"{15: 1, 9: 3, 16: 1, 12: 1, 5: 10, 10: 2, 4: 13, 6: 6, 2: 37, 7: 5, 3: 21}",-0.8581326473057517
287,barabasi_albert,100,5,2,10,3.208,4.0,2.745906043549196,"{13: 1, 14: 1, 9: 3, 7: 2, 17: 1, 5: 10, 4: 13, 10: 2, 6: 9, 8: 1, 2: 40, 3: 17}",-0.8581326473057517
288,barabasi_albert,100,5,2,10,3.2808,4.0,2.592296279363144,"{13: 1, 11: 2, 12: 2, 9: 2, 8: 3, 5: 7, 7: 5, 4: 9, 10: 1, 2: 33, 3: 31, 6: 4}",-0.8581326473057517
289,barabasi_albert,100,5,2,10,3.2588,4.0,2.6115129714401193,"{8: 4, 12: 3, 10: 1, 9: 3, 4: 14, 3: 23, 6: 3, 14: 1, 7: 3, 2: 36, 5: 9}",-0.8581326473057517
290,barabasi_albert,100,5,2,10,3.171,4.0,2.9223278392404914,"{15: 2, 12: 1, 17: 1, 11: 1, 6: 8, 7: 5, 8: 2, 5: 6, 4: 11, 3: 23, 10: 1, 2: 39}",-0.8581326473057517
291,barabasi_albert,100,5,2,10,3.2062,4.0,2.760434748368452,"{10: 2, 8: 6, 12: 1, 19: 1, 9: 2, 5: 8, 3: 21, 4: 10, 7: 6, 6: 3, 2: 40}",-0.8581326473057517
292,barabasi_albert,100,5,2,10,3.1656,4.0,3.095157508108432,"{18: 1, 11: 1, 17: 1, 9: 2, 12: 1, 8: 4, 6: 6, 14: 1, 7: 5, 4: 13, 3: 19, 5: 2, 2: 44}",-0.8581326473057517
293,barabasi_albert,100,5,2,10,3.245,4.0,2.5612496949731396,"{12: 2, 8: 6, 11: 2, 7: 6, 9: 3, 5: 6, 3: 19, 4: 11, 6: 4, 2: 41}",-0.8581326473057517
294,barabasi_albert,100,5,2,10,3.285,4.0,2.5573423705088842,"{12: 2, 7: 5, 17: 1, 5: 13, 9: 2, 8: 1, 3: 12, 6: 5, 11: 1, 4: 20, 2: 38}",-0.8581326473057517
295,barabasi_albert,100,5,2,10,3.1934,4.0,2.8530685235374214,"{9: 2, 15: 2, 10: 2, 14: 1, 8: 1, 12: 1, 6: 3, 2: 41, 5: 12, 4: 17, 11: 1, 7: 2, 3: 15}",-0.8581326473057517
296,barabasi_albert,100,5,2,10,3.251,4.0,2.8106938645110393,"{15: 1, 11: 1, 10: 3, 16: 1, 14: 1, 4: 16, 5: 8, 7: 4, 8: 2, 3: 20, 6: 5, 2: 38}",-0.8581326473057517
297,barabasi_albert,100,5,2,10,3.2992,4.0,2.6645825188948455,"{12: 2, 18: 1, 11: 2, 9: 2, 6: 4, 8: 1, 7: 5, 4: 12, 5: 10, 3: 31, 2: 30}",-0.8581326473057517
298,barabasi_albert,100,5,2,10,3.2436,4.0,2.565151067676132,"{10: 1, 9: 4, 11: 2, 7: 3, 15: 1, 8: 1, 4: 14, 5: 13, 12: 1, 3: 19, 6: 4, 2: 37}",-0.8581326473057517
299,barabasi_albert,100,5,2,10,3.3318,4.0,2.5573423705088842,"{10: 2, 8: 4, 9: 1, 13: 1, 12: 2, 7: 4, 11: 1, 5: 8, 4: 9, 2: 35, 6: 6, 3: 27}",-0.8581326473057517
300,barabasi_albert,100,5,2,10,3.2678,4.0,2.619160170741759,"{8: 2, 14: 2, 12: 2, 7: 4, 9: 1, 10: 2, 5: 14, 4: 14, 6: 3, 3: 19, 2: 37}",-0.8581326473057517
301,barabasi_albert,100,5,2,10,3.1752,4.0,2.9427877939124323,"{10: 2, 7: 1, 18: 1, 13: 1, 17: 1, 5: 10, 6: 5, 8: 5, 4: 10, 3: 23, 9: 2, 2: 39}",-0.8581326473057517
302,barabasi_albert,100,5,2,10,3.3102,4.0,2.4738633753705965,"{7: 3, 11: 3, 12: 1, 9: 3, 13: 1, 5: 12, 6: 7, 3: 22, 4: 12, 8: 1, 2: 35}",-0.8581326473057517
303,barabasi_albert,100,5,2,10,3.2546,4.0,2.569046515733026,"{12: 1, 13: 1, 15: 1, 8: 5, 7: 7, 6: 5, 5: 8, 9: 2, 4: 11, 2: 38, 3: 21}",-0.8581326473057517
304,barabasi_albert,100,5,2,10,3.2086,4.0,2.9765752132274432,"{18: 2, 14: 1, 12: 1, 11: 2, 5: 5, 6: 6, 3: 31, 4: 18, 7: 3, 9: 1, 2: 30}",-0.8581326473057517
305,barabasi_albert,100,5,2,10,3.1654,4.0,3.1240998703626617,"{12: 2, 11: 1, 18: 1, 20: 1, 8: 1, 9: 1, 3: 22, 13: 1, 4: 15, 6: 6, 5: 9, 2: 38, 7: 2}",-0.8581326473057517
306,barabasi_albert,100,5,2,10,3.3292,4.0,2.4859605789312105,"{8: 1, 13: 2, 11: 2, 9: 3, 7: 6, 3: 23, 5: 14, 2: 34, 4: 13, 6: 1, 10: 1}",-0.8581326473057517
307,barabasi_albert,100,5,2,10,3.2402,4.0,2.6758176320519302,"{10: 4, 16: 1, 6: 5, 8: 2, 13: 1, 5: 11, 11: 1, 2: 38, 9: 1, 3: 22, 4: 10, 7: 4}",-0.8581326473057517
308,barabasi_albert,100,5,2,10,3.2594,4.0,2.723967694375247,"{10: 2, 13: 1, 14: 1, 17: 1, 8: 5, 5: 10, 9: 1, 4: 15, 6: 3, 3: 22, 7: 3, 2: 36}",-0.8581326473057517
309,barabasi_albert,100,5,2,10,3.2408,4.0,2.727636339397171,"{9: 2, 8: 4, 14: 1, 16: 1, 13: 1, 10: 2, 7: 4, 6: 6, 4: 14, 3: 25, 2: 36, 5: 4}",-0.8581326473057517
310,barabasi_albert,100,5,2,10,3.2624,4.0,2.592296279363144,"{9: 2, 13: 3, 12: 1, 11: 1, 5: 8, 8: 4, 3: 29, 6: 7, 4: 12, 2: 32, 7: 1}",-0.8581326473057517
311,barabasi_albert,100,5,2,10,3.2824,4.0,2.445403852127497,"{10: 3, 12: 1, 13: 1, 7: 7, 11: 1, 8: 1, 9: 1, 5: 9, 4: 10, 6: 6, 3: 27, 2: 33}",-0.8581326473057517
312,barabasi_albert,100,5,2,10,3.313,4.0,2.3874672772626644,"{11: 3, 14: 1, 9: 1, 6: 8, 8: 4, 7: 5, 5: 6, 3: 27, 4: 14, 2: 31}",-0.8581326473057517
313,barabasi_albert,100,5,2,10,3.2212,4.0,2.6981475126464085,"{14: 2, 8: 5, 16: 1, 9: 1, 12: 1, 3: 29, 6: 6, 7: 3, 4: 13, 5: 7, 2: 32}",-0.8581326473057517
314,barabasi_albert,100,5,2,10,3.2804,4.0,2.6343879744638983,"{9: 2, 12: 2, 13: 1, 14: 2, 6: 7, 4: 20, 7: 3, 3: 21, 5: 7, 8: 1, 2: 34}",-0.8581326473057517
315,barabasi_albert,100,5,2,10,3.302,4.0,2.4899799195977463,"{15: 1, 9: 4, 12: 2, 5: 13, 7: 5, 8: 2, 4: 15, 6: 4, 3: 17, 2: 37}",-0.8581326473057517
316,barabasi_albert,100,5,2,10,3.267,4.0,2.5099800796022267,"{11: 3, 13: 1, 10: 2, 4: 12, 6: 7, 8: 2, 9: 2, 7: 4, 5: 10, 3: 18, 2: 39}",-0.8581326473057517
317,barabasi_albert,100,5,2,10,3.2242,4.0,2.756809750418044,"{13: 1, 14: 1, 12: 2, 15: 1, 10: 2, 8: 1, 6: 4, 9: 1, 5: 15, 4: 10, 3: 24, 7: 2, 2: 36}",-0.8581326473057517
318,barabasi_albert,100,5,2,10,3.292,4.0,2.4979991993593593,"{13: 1, 14: 2, 9: 3, 8: 2, 4: 22, 11: 1, 6: 5, 7: 2, 3: 25, 5: 8, 2: 29}",-0.8581326473057517
319,barabasi_albert,100,5,2,10,3.338,4.0,2.3622023622035435,"{12: 2, 7: 3, 13: 1, 10: 1, 5: 13, 6: 9, 8: 5, 3: 25, 4: 8, 2: 33}",-0.8581326473057517
320,barabasi_albert,100,5,2,10,3.1762,4.0,2.723967694375247,"{11: 1, 10: 1, 7: 5, 14: 1, 16: 1, 5: 8, 9: 3, 3: 21, 12: 1, 2: 38, 4: 14, 6: 4, 8: 2}",-0.8581326473057517
321,barabasi_albert,100,5,2,10,3.1858,4.0,2.973213749463701,"{15: 1, 13: 1, 18: 1, 7: 6, 8: 1, 14: 1, 5: 9, 9: 1, 3: 22, 10: 2, 6: 6, 4: 8, 2: 41}",-0.8581326473057517
322,barabasi_albert,100,5,2,10,3.2326,4.0,2.7964262908219126,"{10: 1, 8: 3, 18: 1, 12: 3, 13: 1, 7: 5, 4: 19, 5: 7, 2: 36, 6: 3, 3: 21}",-0.8581326473057517
323,barabasi_albert,100,5,2,10,3.2614,4.0,2.584569596664017,"{10: 1, 14: 3, 9: 3, 8: 3, 4: 17, 3: 20, 5: 11, 7: 2, 6: 5, 2: 35}",-0.8581326473057517
324,barabasi_albert,100,5,2,10,3.1428,4.0,3.152776554086889,"{18: 1, 15: 1, 13: 1, 16: 1, 9: 2, 7: 3, 12: 2, 5: 8, 6: 4, 8: 2, 3: 19, 2: 43, 4: 13}",-0.8581326473057517
325,barabasi_albert,100,5,2,10,3.1948,4.0,2.792848008753788,"{13: 2, 9: 1, 11: 1, 15: 1, 10: 2, 12: 1, 8: 3, 3: 19, 6: 8, 4: 13, 7: 2, 5: 6, 2: 41}",-0.8581326473057517
326,barabasi_albert,100,5,2,10,3.2556,4.0,2.6115129714401193,"{12: 1, 15: 2, 5: 7, 8: 7, 9: 1, 10: 1, 6: 5, 7: 2, 3: 26, 2: 33, 4: 15}",-0.8581326473057517
327,barabasi_albert,100,5,2,10,3.255,4.0,2.6795522013948525,"{10: 2, 9: 2, 15: 1, 11: 1, 12: 1, 14: 1, 6: 6, 7: 5, 5: 8, 8: 1, 3: 25, 4: 11, 2: 36}",-0.8581326473057517
328,barabasi_albert,100,5,2,10,3.1982,4.0,3.0298514815086235,"{9: 3, 12: 1, 21: 1, 11: 2, 4: 15, 5: 8, 16: 1, 3: 22, 6: 3, 7: 6, 2: 38}",-0.8581326473057517
329,barabasi_albert,100,5,2,10,3.3284,4.0,2.258317958127243,"{13: 1, 9: 1, 10: 1, 6: 7, 12: 1, 8: 4, 7: 6, 3: 24, 4: 14, 2: 31, 5: 10}",-0.8581326473057517
330,barabasi_albert,100,5,2,10,3.2634,4.0,2.6229754097208002,"{12: 2, 13: 1, 9: 4, 14: 1, 6: 7, 10: 1, 4: 16, 2: 36, 8: 1, 3: 22, 5: 6, 7: 3}",-0.8581326473057517
331,barabasi_albert,100,5,2,10,3.1926,4.0,2.8844410203711917,"{12: 2, 10: 3, 14: 2, 7: 4, 2: 44, 16: 1, 5: 13, 6: 4, 4: 16, 3: 11}",-0.8581326473057517
332,barabasi_albert,100,5,2,10,3.282,4.0,2.7422618401604177,"{15: 1, 13: 1, 6: 8, 9: 3, 16: 1, 5: 7, 8: 2, 10: 2, 7: 2, 2: 37, 4: 14, 3: 22}",-0.8581326473057517
333,barabasi_albert,100,5,2,10,3.163,4.0,2.778488797889961,"{15: 1, 13: 2, 14: 1, 10: 2, 5: 8, 6: 7, 8: 4, 7: 4, 4: 10, 3: 21, 2: 40}",-0.8581326473057517
334,barabasi_albert,100,5,2,10,3.288,4.0,2.5019992006393608,"{11: 1, 8: 4, 12: 3, 3: 17, 7: 4, 5: 6, 10: 1, 9: 2, 4: 18, 6: 6, 2: 38}",-0.8581326473057517
335,barabasi_albert,100,5,2,10,3.2876,4.0,2.5495097567963922,"{10: 1, 14: 1, 9: 2, 13: 1, 4: 13, 7: 8, 3: 24, 11: 2, 5: 9, 8: 2, 6: 2, 2: 35}",-0.8581326473057517
336,barabasi_albert,100,5,2,10,3.3102,4.0,2.5059928172283334,"{9: 3, 12: 3, 11: 2, 7: 4, 8: 2, 6: 5, 3: 21, 5: 10, 4: 14, 2: 36}",-0.8581326473057517
337,barabasi_albert,100,5,2,10,3.251,4.0,2.6115129714401193,"{12: 1, 11: 2, 16: 1, 9: 1, 10: 2, 7: 4, 3: 22, 4: 11, 8: 2, 6: 8, 5: 9, 2: 37}",-0.8581326473057517
338,barabasi_albert,100,5,2,10,3.2672,4.0,2.5298221281347035,"{9: 2, 14: 1, 8: 2, 13: 1, 11: 2, 10: 2, 6: 6, 5: 12, 3: 18, 4: 17, 7: 1, 2: 36}",-0.8581326473057517
339,barabasi_albert,100,5,2,10,3.1984,4.0,2.778488797889961,"{9: 2, 11: 2, 13: 1, 16: 1, 8: 2, 6: 6, 10: 2, 5: 8, 12: 1, 7: 2, 4: 15, 2: 41, 3: 17}",-0.8581326473057517
340,barabasi_albert,100,5,2,10,3.2272,4.0,2.7964262908219126,"{9: 2, 14: 1, 17: 1, 7: 2, 4: 14, 15: 1, 6: 6, 13: 1, 8: 3, 5: 10, 3: 25, 2: 34}",-0.8581326473057517
341,barabasi_albert,100,5,2,10,3.3346,4.0,2.445403852127497,"{9: 4, 10: 4, 13: 1, 5: 9, 8: 3, 7: 2, 4: 14, 6: 7, 2: 38, 3: 18}",-0.8581326473057517
342,barabasi_albert,100,5,2,10,3.2808,4.0,2.5612496949731396,"{13: 2, 9: 2, 7: 4, 10: 2, 6: 3, 3: 25, 12: 1, 11: 1, 8: 3, 4: 18, 5: 6, 2: 33}",-0.8581326473057517
343,barabasi_albert,100,5,2,10,3.1976,4.0,2.8495613697550013,"{9: 1, 12: 1, 13: 1, 18: 1, 10: 2, 4: 12, 11: 2, 8: 2, 2: 39, 7: 5, 5: 9, 3: 22, 6: 3}",-0.8581326473057517
344,barabasi_albert,100,5,2,10,3.2544,4.0,2.6832815729997477,"{15: 2, 11: 2, 6: 7, 14: 1, 9: 1, 5: 10, 4: 18, 8: 3, 3: 20, 7: 1, 2: 35}",-0.8581326473057517
345,barabasi_albert,100,5,2,10,3.2164,4.0,2.760434748368452,"{11: 3, 4: 13, 10: 1, 15: 1, 12: 2, 13: 1, 3: 28, 5: 9, 7: 4, 8: 2, 6: 2, 2: 34}",-0.8581326473057517
346,barabasi_albert,100,5,2,10,3.2214,4.0,2.630589287593181,"{7: 6, 11: 2, 14: 1, 6: 4, 10: 1, 4: 12, 13: 1, 9: 4, 5: 10, 3: 17, 2: 41, 8: 1}",-0.8581326473057517
347,barabasi_albert,100,5,2,10,3.2956,4.0,2.5377155080899043,"{9: 6, 12: 2, 8: 2, 16: 1, 5: 12, 6: 2, 7: 2, 4: 17, 2: 32, 3: 24}",-0.8581326473057517
348,barabasi_albert,100,5,2,10,3.246,4.0,2.5495097567963922,"{6: 7, 12: 1, 10: 4, 14: 1, 8: 3, 11: 1, 5: 8, 7: 2, 4: 14, 3: 22, 9: 1, 2: 36}",-0.8581326473057517
349,barabasi_albert,100,5,2,10,3.1958,4.0,2.705549851693737,"{16: 1, 10: 2, 12: 1, 8: 5, 11: 1, 7: 3, 4: 12, 13: 1, 2: 35, 6: 4, 3: 27, 9: 1, 5: 7}",-0.8581326473057517
350,barabasi_albert,100,5,2,10,3.1488,4.0,2.9664793948382653,"{12: 1, 10: 1, 11: 1, 17: 1, 13: 3, 6: 3, 7: 2, 3: 28, 4: 12, 5: 6, 9: 3, 8: 2, 2: 37}",-0.8581326473057517
351,barabasi_albert,100,5,2,10,3.321,4.0,2.4899799195977463,"{8: 6, 11: 2, 9: 3, 7: 3, 13: 1, 6: 5, 10: 1, 5: 12, 3: 23, 4: 6, 2: 38}",-0.8581326473057517
352,barabasi_albert,100,5,2,10,3.2974,4.0,2.5806975801127883,"{13: 2, 9: 1, 10: 4, 11: 1, 8: 4, 5: 5, 7: 6, 4: 13, 2: 32, 3: 31, 6: 1}",-0.8581326473057517
353,barabasi_albert,100,5,2,10,3.253,4.0,2.588435821108957,"{10: 1, 11: 2, 12: 2, 8: 5, 9: 3, 6: 5, 7: 5, 5: 5, 4: 12, 3: 19, 2: 41}",-0.8581326473057517
354,barabasi_albert,100,5,2,10,3.3328,4.0,2.4413111231467406,"{8: 2, 10: 2, 15: 1, 9: 3, 12: 1, 11: 1, 4: 14, 6: 5, 7: 1, 5: 12, 3: 30, 2: 28}",-0.8581326473057517
355,barabasi_albert,100,5,2,10,3.2586,4.0,2.619160170741759,"{13: 1, 8: 1, 14: 1, 15: 1, 9: 3, 3: 28, 11: 1, 6: 5, 7: 6, 5: 10, 4: 10, 2: 33}",-0.8581326473057517
356,barabasi_albert,100,5,2,10,3.2018,4.0,2.824889378365107,"{8: 4, 9: 2, 7: 2, 19: 1, 15: 1, 4: 21, 3: 22, 5: 6, 10: 1, 2: 34, 6: 5, 14: 1}",-0.8581326473057517
357,barabasi_albert,100,5,2,10,3.2802,4.0,2.5337718918639855,"{12: 1, 14: 1, 11: 1, 13: 1, 10: 1, 7: 4, 4: 10, 2: 37, 5: 10, 9: 1, 6: 10, 8: 2, 3: 21}",-0.8581326473057517
358,barabasi_albert,100,5,2,10,3.1006,4.0,3.111269837220809,"{14: 1, 9: 3, 18: 1, 21: 1, 11: 1, 4: 20, 5: 6, 7: 3, 8: 2, 6: 5, 3: 18, 2: 39}",-0.8581326473057517
359,barabasi_albert,100,5,2,10,3.2964,4.0,2.4657656011875906,"{11: 2, 8: 4, 13: 1, 12: 1, 10: 2, 3: 29, 4: 13, 7: 1, 6: 9, 9: 1, 5: 6, 2: 31}",-0.8581326473057517
360,barabasi_albert,100,5,2,10,3.297,4.0,2.6832815729997477,"{11: 2, 9: 1, 12: 2, 18: 1, 5: 11, 6: 4, 8: 3, 4: 15, 7: 4, 3: 22, 2: 35}",-0.8581326473057517
361,barabasi_albert,100,5,2,10,3.297,4.0,2.5337718918639855,"{10: 3, 9: 4, 15: 1, 11: 1, 6: 5, 5: 8, 8: 4, 3: 23, 4: 15, 2: 35, 7: 1}",-0.8581326473057517
362,barabasi_albert,100,5,2,10,3.2766,4.0,2.6532998322843198,"{10: 3, 8: 3, 13: 2, 11: 1, 4: 10, 5: 11, 3: 28, 12: 2, 6: 4, 7: 2, 2: 34}",-0.8581326473057517
363,barabasi_albert,100,5,2,10,3.2794,4.0,2.6229754097208002,"{9: 2, 14: 1, 10: 1, 8: 1, 16: 1, 5: 11, 7: 4, 6: 10, 13: 1, 2: 40, 3: 14, 4: 14}",-0.8581326473057517
364,barabasi_albert,100,5,2,10,3.2716,4.0,2.619160170741759,"{13: 1, 9: 2, 10: 1, 14: 1, 8: 4, 12: 2, 5: 11, 3: 25, 7: 3, 4: 9, 6: 5, 2: 36}",-0.8581326473057517
365,barabasi_albert,100,5,2,10,3.2068,4.0,2.7820855486487113,"{11: 1, 10: 2, 14: 1, 8: 2, 15: 1, 12: 2, 7: 8, 4: 12, 3: 29, 5: 6, 9: 1, 2: 35}",-0.8581326473057517
366,barabasi_albert,100,5,2,10,3.243,4.0,2.6570660511172846,"{12: 2, 9: 2, 11: 1, 14: 1, 10: 3, 6: 4, 7: 3, 8: 3, 4: 15, 5: 7, 3: 21, 2: 38}",-0.8581326473057517
367,barabasi_albert,100,5,2,10,3.1442,4.0,3.1559467676119,"{20: 1, 13: 2, 8: 4, 14: 1, 15: 1, 5: 10, 11: 1, 7: 4, 6: 2, 4: 13, 3: 18, 2: 43}",-0.8581326473057517
368,barabasi_albert,100,5,2,10,3.193,4.0,2.6795522013948525,"{9: 4, 13: 1, 17: 1, 11: 1, 6: 6, 10: 1, 4: 10, 8: 3, 7: 3, 5: 10, 3: 22, 2: 38}",-0.8581326473057517
369,barabasi_albert,100,5,2,10,3.2682,4.0,2.649528259898354,"{12: 2, 8: 4, 15: 1, 14: 1, 7: 4, 6: 3, 2: 35, 5: 14, 10: 1, 3: 26, 9: 1, 4: 8}",-0.8581326473057517
370,barabasi_albert,100,5,2,10,3.2254,4.0,2.6532998322843198,"{6: 4, 10: 2, 20: 1, 13: 1, 9: 2, 7: 5, 5: 12, 4: 21, 3: 16, 8: 1, 2: 35}",-0.8581326473057517
371,barabasi_albert,100,5,2,10,3.2336,4.0,2.694438717061496,"{13: 2, 11: 2, 16: 1, 6: 8, 12: 1, 5: 8, 8: 1, 7: 2, 9: 1, 3: 23, 4: 17, 2: 34}",-0.8581326473057517
372,barabasi_albert,100,5,2,10,3.243,4.0,2.6457513110645907,"{9: 3, 14: 2, 12: 1, 10: 3, 7: 3, 8: 2, 4: 15, 6: 3, 5: 11, 3: 19, 2: 38}",-0.8581326473057517
373,barabasi_albert,100,5,2,10,3.2394,4.0,2.716615541441225,"{12: 3, 13: 1, 9: 1, 8: 4, 7: 4, 10: 1, 2: 40, 6: 5, 11: 2, 5: 5, 4: 13, 3: 21}",-0.8581326473057517
374,barabasi_albert,100,5,2,10,3.2288,4.0,2.619160170741759,"{11: 2, 18: 1, 9: 3, 7: 7, 8: 3, 3: 25, 6: 8, 4: 10, 2: 36, 5: 5}",-0.8581326473057517
375,barabasi_albert,100,5,2,10,3.2794,4.0,2.6115129714401193,"{16: 1, 11: 3, 13: 1, 9: 2, 4: 17, 6: 7, 5: 12, 3: 14, 8: 2, 7: 2, 2: 39}",-0.8581326473057517
376,barabasi_albert,100,5,2,10,3.2734,4.0,2.6683328128252666,"{10: 3, 8: 1, 16: 1, 11: 1, 5: 8, 13: 2, 3: 22, 7: 2, 6: 6, 2: 34, 9: 1, 4: 19}",-0.8581326473057517
377,barabasi_albert,100,5,2,10,3.2394,4.0,2.7422618401604177,"{12: 1, 15: 1, 13: 1, 11: 2, 10: 2, 5: 6, 9: 3, 3: 25, 6: 4, 8: 2, 4: 15, 7: 2, 2: 36}",-0.8581326473057517
378,barabasi_albert,100,5,2,10,3.1342,4.0,3.181194744117373,"{10: 1, 8: 2, 23: 1, 16: 1, 14: 1, 7: 8, 6: 6, 4: 14, 11: 1, 5: 5, 2: 43, 3: 17}",-0.8581326473057517
379,barabasi_albert,100,5,2,10,3.2642,4.0,2.6115129714401193,"{9: 3, 14: 1, 10: 2, 15: 1, 12: 1, 8: 3, 7: 2, 4: 11, 5: 13, 6: 3, 3: 27, 2: 33}",-0.8581326473057517
380,barabasi_albert,100,5,2,10,3.246,4.0,2.745906043549196,"{12: 2, 8: 3, 16: 1, 14: 1, 7: 5, 6: 5, 11: 1, 4: 11, 5: 10, 2: 38, 10: 1, 3: 22}",-0.8581326473057517
381,barabasi_albert,100,5,2,10,3.2862,4.0,2.5806975801127883,"{10: 1, 13: 2, 16: 1, 9: 2, 6: 7, 5: 10, 4: 10, 7: 5, 3: 27, 2: 33, 8: 2}",-0.8581326473057517
382,barabasi_albert,100,5,2,10,3.324,4.0,2.449489742783178,"{10: 2, 11: 1, 7: 7, 13: 1, 9: 2, 8: 6, 6: 4, 5: 5, 4: 12, 3: 24, 2: 36}",-0.8581326473057517
383,barabasi_albert,100,5,2,10,3.209,4.0,2.7856776554368237,"{13: 1, 18: 1, 9: 4, 8: 4, 11: 1, 5: 7, 3: 16, 7: 3, 4: 12, 6: 7, 10: 1, 2: 43}",-0.8581326473057517
384,barabasi_albert,100,5,2,10,3.313,4.0,2.553429066960741,"{16: 1, 13: 2, 10: 2, 8: 4, 4: 18, 7: 4, 5: 5, 6: 6, 3: 29, 2: 29}",-0.8581326473057517
385,barabasi_albert,100,5,2,10,3.201,4.0,2.9223278392404914,"{16: 2, 9: 3, 14: 1, 12: 1, 3: 18, 11: 1, 5: 9, 6: 6, 8: 2, 4: 12, 2: 42, 7: 3}",-0.8581326473057517
386,barabasi_albert,100,5,2,10,3.1934,4.0,2.6645825188948455,"{9: 2, 11: 2, 13: 2, 7: 3, 4: 19, 10: 2, 8: 2, 3: 14, 2: 41, 12: 1, 5: 7, 6: 5}",-0.8581326473057517
387,barabasi_albert,100,5,2,10,3.217,4.0,2.734958866235469,"{10: 4, 16: 2, 8: 1, 5: 7, 6: 7, 7: 3, 4: 15, 11: 1, 3: 24, 9: 1, 2: 35}",-0.8581326473057517
388,barabasi_albert,100,5,2,10,3.3134,4.0,2.4657656011875906,"{14: 1, 13: 1, 11: 2, 8: 3, 9: 1, 6: 5, 7: 8, 4: 17, 5: 6, 3: 22, 2: 34}",-0.8581326473057517
389,barabasi_albert,100,5,2,10,3.2586,4.0,2.6608269391300143,"{13: 1, 11: 3, 15: 1, 9: 2, 10: 1, 3: 27, 6: 3, 4: 14, 8: 4, 7: 3, 5: 7, 2: 34}",-0.8581326473057517
390,barabasi_albert,100,5,2,10,3.201,4.0,3.0430248109405875,"{10: 1, 17: 1, 6: 6, 20: 1, 7: 5, 16: 1, 4: 16, 8: 2, 5: 11, 3: 12, 9: 1, 2: 43}",-0.8581326473057517
391,barabasi_albert,100,5,2,10,3.268,4.0,2.453568829277059,"{11: 4, 10: 1, 6: 13, 13: 1, 5: 5, 9: 2, 4: 14, 3: 25, 8: 1, 7: 1, 2: 33}",-0.8581326473057517
392,barabasi_albert,100,5,2,10,3.2516,4.0,2.749545416973504,"{8: 4, 14: 2, 12: 1, 13: 2, 7: 4, 3: 22, 11: 1, 5: 11, 4: 16, 6: 1, 2: 36}",-0.8581326473057517
393,barabasi_albert,100,5,2,10,3.1804,4.0,2.8844410203711917,"{12: 2, 13: 1, 6: 4, 10: 1, 17: 1, 9: 2, 11: 1, 3: 18, 14: 1, 5: 11, 7: 2, 4: 17, 2: 39}",-0.8581326473057517
394,barabasi_albert,100,5,2,10,3.2292,4.0,2.8460498941515415,"{10: 3, 14: 1, 17: 1, 15: 1, 5: 7, 9: 3, 7: 3, 3: 27, 4: 13, 6: 5, 2: 35, 8: 1}",-0.8581326473057517
395,barabasi_albert,100,5,2,10,3.2582,4.0,2.5729360660537215,"{11: 1, 17: 1, 8: 5, 10: 2, 9: 3, 5: 9, 4: 13, 7: 5, 2: 33, 3: 27, 6: 1}",-0.8581326473057517
396,barabasi_albert,100,5,2,10,3.2702,4.0,2.4979991993593593,"{11: 3, 8: 2, 14: 1, 13: 1, 6: 9, 7: 3, 5: 12, 4: 12, 9: 1, 3: 20, 2: 36}",-0.8581326473057517
397,barabasi_albert,100,5,2,10,3.228,4.0,2.705549851693737,"{9: 5, 17: 1, 15: 1, 12: 1, 5: 10, 7: 5, 4: 14, 6: 4, 8: 1, 3: 22, 2: 36}",-0.8581326473057517
398,barabasi_albert,100,5,2,10,3.31,4.0,2.596150997149434,"{15: 1, 16: 1, 10: 1, 12: 1, 8: 3, 4: 16, 9: 1, 7: 5, 6: 6, 3: 22, 5: 9, 2: 34}",-0.8581326473057517
399,barabasi_albert,100,5,2,10,3.2174,4.0,2.8460498941515415,"{10: 3, 5: 11, 12: 1, 15: 1, 20: 1, 8: 2, 7: 2, 3: 23, 6: 4, 9: 1, 4: 17, 2: 34}",-0.8581326473057517
400,barabasi_albert,100,5,2,10,3.1958,4.0,2.7092434368288134,"{13: 2, 10: 3, 12: 2, 9: 1, 5: 9, 11: 1, 6: 6, 4: 13, 3: 19, 8: 2, 7: 2, 2: 40}",-0.8581326473057517
401,barabasi_albert,100,5,2,10,3.2478,4.0,2.596150997149434,"{14: 1, 6: 7, 7: 4, 10: 3, 11: 1, 8: 2, 12: 2, 5: 13, 2: 41, 3: 16, 4: 10}",-0.8581326473057517
402,barabasi_albert,100,5,2,10,3.2982,4.0,2.5258661880630178,"{8: 6, 6: 4, 10: 1, 12: 1, 17: 1, 11: 1, 9: 1, 3: 22, 5: 11, 4: 17, 7: 2, 2: 33}",-0.8581326473057517
403,barabasi_albert,100,5,2,10,3.197,4.0,2.979932885150268,"{13: 2, 9: 2, 8: 2, 19: 1, 7: 3, 14: 1, 6: 3, 5: 11, 2: 42, 4: 15, 11: 1, 10: 1, 3: 16}",-0.8581326473057517
404,barabasi_albert,100,5,2,10,3.3068,4.0,2.5059928172283334,"{13: 1, 11: 2, 6: 6, 10: 2, 14: 1, 8: 3, 5: 14, 7: 3, 3: 20, 4: 12, 2: 36}",-0.8581326473057517
405,barabasi_albert,100,5,2,10,3.3238,4.0,2.6267851073127395,"{17: 1, 12: 2, 11: 1, 8: 5, 3: 21, 5: 15, 4: 7, 7: 3, 6: 6, 9: 1, 2: 38}",-0.8581326473057517
406,barabasi_albert,100,5,2,10,3.2702,4.0,2.6229754097208002,"{9: 2, 10: 1, 6: 7, 16: 1, 14: 1, 8: 5, 12: 1, 5: 6, 3: 22, 4: 17, 7: 2, 2: 35}",-0.8581326473057517
407,barabasi_albert,100,5,2,10,3.2168,4.0,2.7676705006196096,"{11: 1, 13: 1, 9: 5, 19: 1, 7: 4, 3: 20, 6: 4, 8: 1, 5: 10, 4: 14, 2: 38, 10: 1}",-0.8581326473057517
408,barabasi_albert,100,5,2,10,3.2792,4.0,2.6381811916545836,"{15: 2, 8: 4, 13: 1, 9: 3, 6: 7, 3: 27, 10: 1, 5: 6, 7: 1, 4: 16, 2: 32}",-0.8581326473057517
409,barabasi_albert,100,5,2,10,3.2312,4.0,2.814249455894058,"{11: 2, 19: 1, 10: 3, 8: 2, 13: 1, 4: 11, 7: 3, 6: 10, 5: 6, 2: 38, 3: 23}",-0.8581326473057517
410,barabasi_albert,100,5,2,10,3.2694,4.0,2.6795522013948525,"{11: 1, 10: 3, 12: 1, 8: 5, 16: 1, 7: 4, 6: 7, 9: 1, 3: 23, 4: 10, 5: 5, 2: 39}",-0.8581326473057517
411,barabasi_albert,100,5,2,10,3.299,4.0,2.6570660511172846,"{16: 1, 9: 3, 11: 3, 12: 1, 10: 1, 6: 8, 8: 2, 5: 5, 3: 26, 4: 15, 7: 1, 2: 34}",-0.8581326473057517
412,barabasi_albert,100,5,2,10,3.183,4.0,3.120897306865447,"{12: 2, 19: 1, 16: 1, 7: 5, 18: 1, 4: 19, 11: 1, 6: 4, 5: 7, 3: 24, 2: 35}",-0.8581326473057517
413,barabasi_albert,100,5,2,10,3.361,4.0,2.4819347291981715,"{12: 1, 9: 2, 8: 5, 6: 7, 10: 1, 16: 1, 5: 7, 4: 14, 7: 5, 3: 22, 2: 35}",-0.8581326473057517
414,barabasi_albert,100,5,2,10,3.311,4.0,2.5258661880630178,"{8: 4, 14: 1, 11: 1, 12: 2, 10: 2, 5: 8, 6: 5, 7: 2, 3: 26, 4: 16, 9: 1, 2: 32}",-0.8581326473057517
415,barabasi_albert,100,5,2,10,3.2884,4.0,2.6795522013948525,"{7: 4, 9: 3, 14: 2, 16: 1, 5: 9, 4: 18, 6: 5, 10: 1, 2: 37, 8: 2, 3: 18}",-0.8581326473057517
416,barabasi_albert,100,5,2,10,3.2242,4.0,2.734958866235469,"{13: 2, 11: 2, 12: 2, 7: 5, 10: 1, 5: 6, 3: 24, 9: 1, 8: 3, 2: 39, 6: 5, 4: 10}",-0.8581326473057517
417,barabasi_albert,100,5,2,10,3.3006,4.0,2.5337718918639855,"{12: 1, 10: 2, 9: 2, 13: 1, 8: 3, 4: 12, 11: 2, 7: 4, 6: 5, 5: 8, 3: 25, 2: 35}",-0.8581326473057517
418,barabasi_albert,100,5,2,10,3.3104,4.0,2.4,"{9: 3, 13: 1, 14: 1, 11: 1, 8: 3, 7: 2, 6: 9, 5: 11, 3: 18, 4: 16, 2: 35}",-0.8581326473057517
419,barabasi_albert,100,5,2,10,3.2972,4.0,2.596150997149434,"{13: 2, 6: 4, 12: 1, 10: 2, 11: 2, 4: 17, 8: 3, 5: 6, 3: 23, 7: 5, 2: 35}",-0.8581326473057517
420,barabasi_albert,100,5,2,10,3.213,4.0,2.7640549922170505,"{11: 2, 14: 1, 9: 3, 12: 1, 13: 2, 5: 9, 7: 4, 6: 3, 8: 2, 4: 11, 3: 24, 2: 38}",-0.8581326473057517
421,barabasi_albert,100,5,2,10,3.298,4.0,2.4576411454889016,"{15: 1, 9: 3, 12: 2, 7: 5, 3: 26, 10: 1, 6: 6, 8: 1, 4: 15, 2: 31, 5: 9}",-0.8581326473057517
422,barabasi_albert,100,5,2,10,3.3344,4.0,2.553429066960741,"{8: 5, 13: 1, 14: 1, 12: 1, 11: 1, 4: 15, 9: 2, 7: 5, 6: 4, 5: 6, 3: 25, 2: 34}",-0.8581326473057517
423,barabasi_albert,100,5,2,10,3.2074,4.0,2.756809750418044,"{12: 3, 10: 1, 14: 2, 7: 3, 8: 5, 6: 7, 5: 9, 4: 11, 3: 16, 2: 43}",-0.8581326473057517
424,barabasi_albert,100,5,2,10,3.2424,4.0,2.6758176320519302,"{11: 2, 13: 1, 12: 1, 16: 1, 8: 3, 7: 9, 5: 6, 4: 15, 9: 1, 3: 25, 2: 35, 6: 1}",-0.8581326473057517
425,barabasi_albert,100,5,2,10,3.3252,4.0,2.5099800796022267,"{13: 2, 12: 1, 9: 4, 8: 2, 7: 2, 6: 10, 10: 1, 5: 9, 3: 21, 4: 11, 2: 37}",-0.8581326473057517
426,barabasi_albert,100,5,2,10,3.1898,4.0,2.86705423736629,"{13: 1, 12: 2, 15: 2, 9: 4, 5: 12, 6: 2, 8: 1, 4: 15, 3: 17, 2: 41, 7: 2, 10: 1}",-0.8581326473057517
427,barabasi_albert,100,5,2,10,3.3198,4.0,2.5219040425836985,"{7: 7, 15: 1, 12: 1, 9: 3, 8: 2, 5: 9, 4: 15, 6: 3, 3: 22, 11: 2, 2: 35}",-0.8581326473057517
428,barabasi_albert,100,5,2,10,3.2608,4.0,2.5612496949731396,"{12: 2, 11: 2, 8: 4, 13: 1, 9: 2, 7: 5, 5: 9, 4: 14, 6: 3, 2: 37, 3: 21}",-0.8581326473057517
429,barabasi_albert,100,5,2,10,3.275,4.0,2.6683328128252666,"{9: 2, 10: 2, 12: 2, 15: 1, 8: 2, 6: 7, 5: 11, 4: 10, 7: 2, 13: 1, 3: 23, 2: 37}",-0.8581326473057517
430,barabasi_albert,100,5,2,10,3.2354,4.0,2.6645825188948455,"{15: 1, 12: 1, 9: 3, 7: 4, 11: 3, 3: 17, 8: 2, 6: 3, 10: 1, 5: 10, 4: 15, 2: 40}",-0.8581326473057517
431,barabasi_albert,100,5,2,10,3.2732,4.0,2.5059928172283334,"{10: 1, 12: 2, 9: 3, 14: 1, 7: 3, 8: 4, 4: 11, 2: 33, 6: 8, 3: 28, 5: 6}",-0.8581326473057517
432,barabasi_albert,100,5,2,10,3.2668,4.0,2.584569596664017,"{11: 2, 12: 3, 8: 4, 3: 23, 9: 2, 10: 1, 5: 6, 6: 6, 7: 3, 4: 13, 2: 37}",-0.8581326473057517
433,barabasi_albert,100,5,2,10,3.1522,4.0,3.0397368307141326,"{11: 2, 13: 1, 19: 1, 15: 1, 6: 2, 9: 1, 5: 6, 10: 2, 7: 4, 4: 14, 8: 4, 2: 42, 3: 20}",-0.8581326473057517
434,barabasi_albert,100,5,2,10,3.1664,4.0,2.929163703175362,"{15: 1, 17: 2, 11: 1, 8: 1, 9: 1, 10: 2, 5: 7, 7: 3, 6: 8, 3: 23, 4: 14, 2: 37}",-0.8581326473057517
435,barabasi_albert,100,5,2,10,3.1688,4.0,2.9154759474226504,"{17: 1, 10: 3, 15: 1, 12: 1, 11: 2, 7: 5, 6: 3, 2: 44, 8: 2, 5: 10, 4: 13, 3: 15}",-0.8581326473057517
436,barabasi_albert,100,5,2,10,3.191,4.0,2.694438717061496,"{12: 1, 11: 4, 13: 1, 8: 2, 6: 4, 5: 4, 10: 1, 7: 7, 9: 2, 4: 13, 2: 41, 3: 20}",-0.8581326473057517
437,barabasi_albert,100,5,2,10,3.2268,4.0,2.6683328128252666,"{9: 4, 7: 4, 16: 1, 11: 3, 10: 2, 3: 23, 5: 6, 6: 5, 4: 14, 2: 37, 8: 1}",-0.8581326473057517
438,barabasi_albert,100,5,2,10,3.2466,4.0,2.7092434368288134,"{7: 5, 13: 1, 10: 3, 11: 1, 17: 1, 4: 8, 6: 4, 3: 25, 9: 2, 5: 11, 8: 2, 2: 37}",-0.8581326473057517
439,barabasi_albert,100,5,2,10,3.2896,4.0,2.6115129714401193,"{10: 3, 14: 1, 9: 2, 15: 1, 6: 5, 8: 4, 7: 5, 4: 16, 5: 5, 3: 21, 2: 37}",-0.8581326473057517
440,barabasi_albert,100,5,2,10,3.2004,4.0,2.8844410203711917,"{16: 1, 8: 1, 12: 3, 10: 1, 13: 2, 7: 4, 9: 2, 5: 6, 4: 13, 3: 26, 2: 37, 6: 4}",-0.8581326473057517
441,barabasi_albert,100,5,2,10,3.2364,4.0,2.701851217221259,"{11: 2, 7: 9, 15: 1, 14: 1, 5: 8, 9: 2, 10: 1, 4: 11, 8: 2, 6: 4, 3: 16, 2: 43}",-0.8581326473057517
442,barabasi_albert,100,5,2,10,3.3102,4.0,2.592296279363144,"{12: 1, 15: 2, 10: 2, 5: 9, 6: 5, 8: 3, 7: 4, 3: 24, 9: 1, 4: 16, 2: 33}",-0.8581326473057517
443,barabasi_albert,100,5,2,10,3.2192,4.0,2.835489375751565,"{21: 1, 11: 2, 14: 1, 8: 3, 6: 8, 7: 3, 5: 13, 4: 10, 3: 20, 9: 1, 2: 38}",-0.8581326473057517
444,barabasi_albert,100,5,2,10,3.2244,4.0,2.814249455894058,"{9: 3, 15: 2, 13: 1, 10: 2, 8: 2, 3: 24, 7: 5, 6: 4, 4: 14, 2: 38, 11: 1, 5: 4}",-0.8581326473057517
445,barabasi_albert,100,5,2,10,3.2344,4.0,2.7313000567495327,"{17: 1, 13: 1, 8: 6, 11: 2, 9: 1, 5: 12, 7: 1, 10: 2, 4: 16, 2: 40, 3: 16, 6: 2}",-0.8581326473057517
446,barabasi_albert,100,5,2,10,3.3046,4.0,2.4899799195977463,"{11: 3, 10: 1, 9: 3, 12: 1, 6: 6, 7: 7, 2: 38, 3: 21, 4: 12, 8: 2, 5: 6}",-0.8581326473057517
447,barabasi_albert,100,5,2,10,3.2382,4.0,2.6608269391300143,"{16: 1, 10: 5, 9: 2, 11: 1, 8: 4, 2: 36, 5: 7, 7: 3, 6: 4, 3: 27, 4: 10}",-0.8581326473057517
448,barabasi_albert,100,5,2,10,3.24,4.0,2.6570660511172846,"{16: 1, 11: 2, 12: 1, 9: 1, 8: 5, 10: 2, 4: 15, 6: 4, 5: 8, 7: 3, 2: 38, 3: 20}",-0.8581326473057517
449,barabasi_albert,100,5,2,10,3.2722,4.0,2.694438717061496,"{20: 1, 7: 4, 11: 1, 9: 3, 8: 4, 3: 21, 6: 9, 4: 14, 5: 5, 10: 1, 2: 37}",-0.8581326473057517
450,barabasi_albert,100,5,2,10,3.2746,4.0,2.6758176320519302,"{9: 3, 14: 3, 11: 1, 10: 2, 5: 13, 8: 1, 4: 15, 2: 37, 6: 6, 3: 19}",-0.8581326473057517
451,barabasi_albert,100,5,2,10,3.1598,4.0,3.0430248109405875,"{9: 3, 8: 1, 20: 1, 15: 1, 14: 1, 4: 5, 11: 2, 5: 9, 10: 1, 6: 6, 2: 35, 7: 2, 3: 33}",-0.8581326473057517
452,barabasi_albert,100,5,2,10,3.2586,4.0,2.749545416973504,"{11: 1, 16: 1, 10: 3, 9: 3, 15: 1, 6: 7, 7: 3, 3: 16, 4: 15, 8: 1, 5: 8, 2: 41}",-0.8581326473057517
453,barabasi_albert,100,5,2,10,3.1752,4.0,3.0430248109405875,"{12: 1, 4: 17, 8: 2, 18: 2, 11: 1, 16: 1, 9: 1, 3: 19, 6: 5, 5: 11, 7: 2, 2: 38}",-0.8581326473057517
454,barabasi_albert,100,5,2,10,3.2878,4.0,2.6457513110645907,"{8: 4, 9: 3, 11: 2, 14: 1, 15: 1, 7: 3, 6: 7, 5: 11, 3: 24, 2: 38, 4: 6}",-0.8581326473057517
455,barabasi_albert,100,5,2,10,3.2872,4.0,2.5298221281347035,"{14: 1, 9: 2, 15: 1, 8: 5, 11: 1, 7: 5, 6: 7, 4: 16, 5: 5, 2: 35, 3: 22}",-0.8581326473057517
456,barabasi_albert,100,5,2,10,3.1738,4.0,2.8635642126552705,"{16: 1, 5: 10, 10: 3, 7: 4, 17: 1, 6: 4, 8: 6, 3: 16, 11: 1, 4: 10, 2: 44}",-0.8581326473057517
457,barabasi_albert,100,5,2,10,3.18,4.0,2.95296461204668,"{16: 2, 8: 3, 17: 1, 13: 1, 5: 5, 6: 8, 3: 22, 10: 1, 4: 17, 9: 1, 7: 2, 2: 37}",-0.8581326473057517
458,barabasi_albert,100,5,2,10,3.2864,4.0,2.6076809620810595,"{10: 2, 13: 1, 15: 1, 12: 2, 6: 5, 4: 12, 7: 5, 5: 11, 3: 29, 11: 1, 2: 31}",-0.8581326473057517
459,barabasi_albert,100,5,2,10,3.2612,4.0,2.734958866235469,"{12: 2, 15: 2, 8: 3, 9: 2, 7: 3, 5: 9, 3: 24, 6: 2, 4: 16, 10: 2, 2: 35}",-0.8581326473057517
460,barabasi_albert,100,5,2,10,3.243,4.0,2.8495613697550013,"{12: 1, 16: 2, 13: 1, 11: 2, 7: 2, 9: 2, 3: 22, 6: 6, 8: 1, 4: 18, 5: 7, 2: 36}",-0.8581326473057517
461,barabasi_albert,100,5,2,10,3.2348,4.0,2.6870057685088806,"{12: 2, 10: 3, 7: 3, 13: 1, 11: 2, 9: 3, 5: 7, 6: 2, 8: 1, 4: 19, 3: 18, 2: 39}",-0.8581326473057517
462,barabasi_albert,100,5,2,10,3.225,4.0,2.7202941017470885,"{9: 3, 12: 2, 11: 1, 15: 1, 14: 1, 10: 1, 5: 8, 6: 8, 4: 17, 7: 2, 3: 17, 2: 39}",-0.8581326473057517
463,barabasi_albert,100,5,2,10,3.228,4.0,2.874021572639983,"{12: 2, 10: 1, 18: 1, 13: 1, 7: 8, 11: 1, 5: 8, 9: 2, 4: 5, 3: 30, 6: 3, 2: 37, 8: 1}",-0.8581326473057517
464,barabasi_albert,100,5,2,10,3.3552,4.0,2.5377155080899043,"{11: 2, 14: 1, 8: 3, 10: 1, 13: 1, 6: 7, 7: 3, 4: 15, 5: 9, 3: 19, 9: 2, 2: 37}",-0.8581326473057517
465,barabasi_albert,100,5,2,10,3.3192,4.0,2.4289915602982237,"{9: 1, 16: 1, 10: 1, 7: 7, 6: 5, 13: 1, 5: 11, 8: 1, 11: 1, 3: 25, 4: 16, 2: 30}",-0.8581326473057517
466,barabasi_albert,100,5,2,10,3.2106,4.0,2.6795522013948525,"{11: 4, 9: 1, 10: 5, 13: 1, 6: 5, 7: 2, 8: 1, 3: 26, 5: 8, 4: 10, 2: 37}",-0.8581326473057517
467,barabasi_albert,100,5,2,10,3.2464,4.0,2.6720778431774774,"{11: 3, 10: 3, 8: 3, 12: 1, 15: 1, 7: 1, 9: 1, 3: 28, 4: 12, 6: 5, 5: 8, 2: 34}",-0.8581326473057517
468,barabasi_albert,100,5,2,10,3.1326,4.0,3.2649655434629015,"{9: 1, 10: 2, 14: 1, 16: 1, 25: 1, 8: 2, 5: 7, 6: 5, 7: 5, 3: 20, 4: 15, 2: 40}",-0.8581326473057517
469,barabasi_albert,100,5,2,10,3.32,4.0,2.5099800796022267,"{12: 2, 13: 1, 7: 8, 11: 1, 4: 13, 9: 3, 6: 7, 5: 7, 2: 39, 8: 1, 3: 18}",-0.8581326473057517
470,barabasi_albert,100,5,2,10,3.3026,4.0,2.445403852127497,"{13: 1, 11: 2, 12: 2, 8: 2, 9: 1, 6: 5, 4: 12, 5: 13, 7: 5, 2: 33, 3: 24}",-0.8581326473057517
471,barabasi_albert,100,5,2,10,3.3082,4.0,2.477902338672773,"{10: 2, 11: 1, 8: 3, 9: 2, 7: 4, 12: 1, 13: 1, 6: 9, 5: 9, 4: 7, 2: 36, 3: 25}",-0.8581326473057517
472,barabasi_albert,100,5,2,10,3.2718,4.0,2.596150997149434,"{13: 1, 11: 1, 12: 1, 9: 2, 8: 3, 16: 1, 5: 10, 2: 35, 7: 4, 3: 24, 6: 7, 4: 11}",-0.8581326473057517
473,barabasi_albert,100,5,2,10,3.2914,4.0,2.5495097567963922,"{12: 3, 14: 1, 10: 1, 5: 7, 11: 1, 9: 1, 7: 4, 6: 5, 8: 2, 4: 18, 3: 25, 2: 32}",-0.8581326473057517
474,barabasi_albert,100,5,2,10,3.3098,4.0,2.5019992006393608,"{12: 2, 9: 4, 11: 2, 5: 9, 4: 16, 13: 1, 8: 1, 6: 9, 3: 22, 2: 34}",-0.8581326473057517
475,barabasi_albert,100,5,2,10,3.2602,4.0,2.7856776554368237,"{7: 6, 9: 2, 17: 1, 15: 1, 12: 1, 3: 35, 10: 3, 8: 2, 4: 11, 6: 4, 5: 3, 2: 31}",-0.8581326473057517
476,barabasi_albert,100,5,2,10,3.3018,4.0,2.5337718918639855,"{12: 1, 14: 1, 9: 3, 10: 2, 8: 4, 5: 15, 7: 1, 6: 4, 4: 16, 11: 1, 3: 10, 2: 42}",-0.8581326473057517
477,barabasi_albert,100,5,2,10,3.2172,4.0,2.7202941017470885,"{10: 1, 15: 1, 9: 5, 6: 7, 8: 1, 7: 4, 14: 2, 4: 15, 2: 38, 5: 5, 3: 21}",-0.8581326473057517
478,barabasi_albert,100,5,2,10,3.2464,4.0,2.8809720581775866,"{18: 1, 17: 1, 11: 1, 13: 1, 9: 4, 7: 6, 6: 2, 4: 16, 5: 9, 3: 24, 2: 35}",-0.8581326473057517
479,barabasi_albert,100,5,2,10,3.1976,4.0,2.6832815729997477,"{14: 1, 13: 1, 11: 4, 6: 8, 10: 1, 7: 3, 9: 2, 4: 14, 5: 6, 8: 1, 2: 39, 3: 20}",-0.8581326473057517
480,barabasi_albert,100,5,2,10,3.3394,4.0,2.565151067676132,"{14: 1, 7: 7, 13: 1, 11: 1, 16: 1, 6: 7, 3: 19, 8: 2, 5: 6, 4: 21, 2: 34}",-0.8581326473057517
481,barabasi_albert,100,5,2,10,3.1982,4.0,2.6870057685088806,"{8: 3, 15: 1, 11: 1, 10: 2, 14: 1, 9: 3, 3: 22, 5: 6, 4: 20, 7: 1, 12: 1, 6: 4, 2: 35}",-0.8581326473057517
482,barabasi_albert,100,5,2,10,3.309,4.0,2.541653005427767,"{8: 5, 12: 1, 13: 1, 11: 2, 10: 2, 6: 6, 7: 3, 3: 21, 5: 6, 4: 15, 9: 1, 2: 37}",-0.8581326473057517
483,barabasi_albert,100,5,2,10,3.2488,4.0,2.649528259898354,"{14: 3, 10: 3, 6: 5, 5: 13, 8: 2, 9: 1, 3: 24, 7: 4, 4: 9, 2: 36}",-0.8581326473057517
484,barabasi_albert,100,5,2,10,3.2482,4.0,2.727636339397171,"{8: 4, 10: 1, 16: 1, 17: 1, 9: 1, 6: 8, 3: 17, 12: 1, 5: 10, 7: 3, 4: 14, 2: 39}",-0.8581326473057517
485,barabasi_albert,100,5,2,10,3.1852,4.0,2.86705423736629,"{10: 2, 18: 1, 9: 2, 12: 1, 16: 1, 8: 2, 5: 8, 7: 2, 11: 1, 4: 17, 3: 21, 6: 5, 2: 37}",-0.8581326473057517
486,barabasi_albert,100,5,2,10,3.2462,4.0,2.6795522013948525,"{14: 1, 13: 2, 15: 1, 9: 2, 7: 4, 10: 1, 4: 14, 6: 9, 5: 9, 3: 20, 2: 37}",-0.8581326473057517
487,barabasi_albert,100,5,2,10,3.2958,4.0,2.3622023622035435,"{8: 3, 11: 2, 14: 1, 5: 7, 6: 10, 9: 2, 7: 6, 2: 35, 4: 13, 3: 21}",-0.8581326473057517
488,barabasi_albert,100,5,2,10,3.2934,4.0,2.493992782667985,"{7: 6, 9: 4, 8: 2, 13: 1, 11: 2, 10: 1, 6: 10, 3: 18, 4: 13, 2: 40, 5: 3}",-0.8581326473057517
489,barabasi_albert,100,5,2,10,3.1992,4.0,2.8284271247461903,"{12: 2, 13: 1, 14: 1, 8: 3, 10: 1, 15: 1, 9: 3, 5: 8, 3: 18, 6: 4, 4: 17, 2: 40, 7: 1}",-0.8581326473057517
490,barabasi_albert,100,5,2,10,3.2816,4.0,2.6343879744638983,"{12: 3, 10: 1, 16: 1, 9: 2, 8: 2, 6: 10, 7: 3, 4: 13, 3: 23, 2: 36, 5: 6}",-0.8581326473057517
491,barabasi_albert,100,5,2,10,3.2384,4.0,2.6419689627245813,"{9: 1, 10: 1, 14: 1, 8: 7, 11: 2, 13: 1, 4: 12, 5: 8, 6: 6, 2: 43, 3: 15, 7: 3}",-0.8581326473057517
492,barabasi_albert,100,5,2,10,3.1992,4.0,2.6981475126464085,"{8: 3, 11: 1, 10: 1, 13: 1, 18: 1, 7: 5, 4: 16, 5: 7, 9: 3, 6: 5, 3: 19, 2: 38}",-0.8581326473057517
493,barabasi_albert,100,5,2,10,3.231,4.0,2.6419689627245813,"{10: 3, 16: 2, 6: 3, 9: 1, 3: 21, 8: 1, 4: 13, 7: 8, 5: 12, 2: 36}",-0.8581326473057517
494,barabasi_albert,100,5,2,10,3.277,4.0,2.541653005427767,"{13: 1, 9: 1, 12: 2, 15: 1, 6: 7, 5: 9, 8: 3, 3: 24, 4: 17, 7: 2, 2: 32, 10: 1}",-0.8581326473057517
495,barabasi_albert,100,5,2,10,3.2814,4.0,2.5612496949731396,"{9: 3, 13: 2, 10: 2, 7: 3, 12: 1, 6: 6, 11: 1, 4: 16, 5: 7, 8: 1, 3: 24, 2: 34}",-0.8581326473057517
496,barabasi_albert,100,5,2,10,3.2206,4.0,2.749545416973504,"{6: 10, 14: 1, 12: 1, 9: 1, 15: 1, 17: 1, 5: 8, 8: 3, 4: 14, 2: 35, 7: 2, 3: 23}",-0.8581326473057517
497,barabasi_albert,100,5,2,10,3.2514,4.0,2.5768197453450252,"{8: 3, 15: 1, 14: 1, 11: 1, 9: 3, 4: 17, 5: 8, 6: 8, 7: 1, 12: 1, 3: 22, 2: 34}",-0.8581326473057517
498,barabasi_albert,100,5,2,10,3.2332,4.0,2.745906043549196,"{9: 1, 12: 1, 14: 1, 13: 1, 16: 1, 2: 42, 7: 5, 6: 5, 5: 13, 8: 2, 4: 14, 3: 13, 11: 1}",-0.8581326473057517
499,barabasi_albert,100,5,2,10,3.2138,4.0,2.8530685235374214,"{12: 1, 13: 1, 14: 3, 9: 2, 8: 3, 2: 37, 5: 7, 3: 22, 4: 19, 7: 2, 10: 2, 6: 1}",-0.8581326473057517
500,barabasi_albert,100,5,2,10,3.1918,4.0,2.817800560721074,"{8: 3, 10: 3, 15: 1, 17: 1, 2: 40, 12: 2, 5: 8, 4: 21, 6: 5, 3: 14, 7: 2}",-0.8581326473057517
501,barabasi_albert,100,5,2,10,3.2372,4.0,2.831960451701259,"{9: 2, 7: 1, 11: 3, 13: 1, 18: 1, 8: 3, 6: 3, 4: 11, 5: 12, 10: 2, 3: 23, 2: 38}",-0.8581326473057517
502,barabasi_albert,100,5,2,10,3.2994,4.0,2.5258661880630178,"{8: 3, 14: 1, 11: 2, 7: 3, 15: 1, 5: 5, 6: 9, 4: 17, 9: 2, 2: 32, 3: 25}",-0.8581326473057517
503,barabasi_albert,100,5,2,10,3.257,4.0,2.565151067676132,"{8: 4, 10: 2, 14: 2, 11: 2, 9: 1, 5: 9, 6: 2, 7: 3, 3: 23, 4: 19, 2: 33}",-0.8581326473057517
504,barabasi_albert,100,5,2,10,3.2222,4.0,2.7092434368288134,"{10: 2, 18: 1, 11: 1, 12: 1, 13: 1, 5: 15, 4: 16, 7: 4, 8: 2, 6: 4, 2: 40, 3: 13}",-0.8581326473057517
505,barabasi_albert,100,5,2,10,3.2142,4.0,2.6608269391300143,"{10: 1, 7: 5, 13: 1, 11: 2, 16: 1, 6: 4, 12: 1, 5: 14, 8: 1, 4: 11, 9: 1, 3: 21, 2: 37}",-0.8581326473057517
506,barabasi_albert,100,5,2,10,3.3304,4.0,2.4289915602982237,"{9: 3, 16: 1, 8: 4, 7: 5, 6: 5, 11: 1, 5: 5, 10: 1, 4: 22, 3: 20, 2: 33}",-0.8581326473057517
507,barabasi_albert,100,5,2,10,3.2214,4.0,2.6870057685088806,"{11: 3, 13: 1, 7: 4, 16: 1, 8: 2, 9: 4, 3: 27, 4: 14, 5: 7, 6: 3, 2: 34}",-0.8581326473057517
508,barabasi_albert,100,5,2,10,3.2588,4.0,2.6907248094147422,"{17: 1, 14: 1, 7: 4, 11: 1, 9: 1, 8: 2, 4: 13, 2: 35, 5: 4, 6: 11, 12: 1, 10: 1, 3: 25}",-0.8581326473057517
509,barabasi_albert,100,5,2,10,3.1998,4.0,2.8495613697550013,"{17: 1, 12: 2, 13: 1, 14: 1, 4: 14, 11: 1, 6: 6, 5: 11, 7: 2, 8: 2, 3: 19, 9: 1, 2: 39}",-0.8581326473057517
510,barabasi_albert,100,5,2,10,3.1262,4.0,3.1432467291003423,"{18: 1, 12: 1, 13: 3, 15: 1, 9: 3, 6: 9, 4: 12, 3: 20, 10: 1, 7: 2, 5: 3, 2: 44}",-0.8581326473057517
511,barabasi_albert,100,5,2,10,3.2888,4.0,2.4819347291981715,"{10: 2, 11: 2, 14: 1, 8: 5, 3: 15, 6: 9, 4: 16, 9: 2, 5: 9, 2: 39}",-0.8581326473057517
512,barabasi_albert,100,5,2,10,3.2958,4.0,2.569046515733026,"{14: 1, 10: 2, 8: 4, 6: 3, 9: 2, 4: 15, 5: 12, 11: 2, 12: 1, 2: 38, 7: 2, 3: 18}",-0.8581326473057517
513,barabasi_albert,100,5,2,10,3.2612,4.0,2.7129319932501073,"{17: 1, 8: 3, 14: 1, 12: 2, 9: 2, 7: 6, 5: 6, 6: 5, 3: 29, 4: 12, 2: 33}",-0.8581326473057517
514,barabasi_albert,100,5,2,10,3.2222,4.0,2.839013913315678,"{15: 1, 10: 1, 17: 1, 13: 1, 12: 1, 6: 9, 7: 5, 2: 40, 9: 2, 5: 7, 3: 21, 4: 10, 8: 1}",-0.8581326473057517
515,barabasi_albert,100,5,2,10,3.2628,4.0,2.6795522013948525,"{10: 4, 12: 2, 14: 1, 9: 1, 4: 12, 6: 9, 5: 8, 13: 1, 3: 23, 7: 1, 2: 37, 8: 1}",-0.8581326473057517
516,barabasi_albert,100,5,2,10,3.2874,4.0,2.4576411454889016,"{11: 1, 10: 2, 12: 2, 9: 3, 8: 4, 5: 9, 4: 16, 7: 3, 6: 4, 2: 36, 3: 20}",-0.8581326473057517
517,barabasi_albert,100,5,2,10,3.333,4.0,2.5019992006393608,"{10: 1, 12: 1, 15: 1, 14: 1, 9: 2, 6: 5, 7: 4, 4: 18, 8: 2, 2: 34, 5: 12, 3: 19}",-0.8581326473057517
518,barabasi_albert,100,5,2,10,3.2632,4.0,2.6343879744638983,"{9: 5, 10: 2, 15: 1, 11: 2, 7: 2, 12: 1, 6: 6, 4: 20, 3: 19, 5: 5, 2: 37}",-0.8581326473057517
519,barabasi_albert,100,5,2,10,3.2,4.0,2.8809720581775866,"{13: 2, 12: 1, 9: 2, 15: 1, 7: 4, 16: 1, 2: 42, 8: 2, 6: 7, 5: 8, 3: 17, 4: 13}",-0.8581326473057517
520,barabasi_albert,100,5,2,10,3.2422,4.0,2.835489375751565,"{8: 3, 12: 2, 13: 1, 10: 1, 19: 1, 5: 13, 9: 2, 3: 16, 4: 13, 6: 4, 7: 3, 2: 41}",-0.8581326473057517
521,barabasi_albert,100,5,2,10,3.2036,4.0,2.8460498941515415,"{11: 2, 18: 1, 14: 1, 13: 1, 7: 6, 4: 6, 5: 13, 8: 1, 9: 2, 6: 5, 3: 22, 2: 40}",-0.8581326473057517
522,barabasi_albert,100,5,2,10,3.2298,4.0,2.745906043549196,"{16: 1, 12: 2, 15: 1, 10: 2, 7: 2, 8: 4, 3: 26, 6: 9, 4: 13, 5: 5, 2: 35}",-0.8581326473057517
523,barabasi_albert,100,5,2,10,3.2282,4.0,2.7422618401604177,"{11: 3, 15: 1, 13: 1, 5: 7, 14: 1, 12: 1, 4: 15, 9: 1, 6: 7, 3: 30, 8: 1, 7: 1, 2: 31}",-0.8581326473057517
524,barabasi_albert,100,5,2,10,3.207,4.0,2.817800560721074,"{16: 1, 9: 2, 12: 2, 8: 3, 10: 3, 5: 9, 14: 1, 7: 2, 6: 3, 4: 14, 3: 21, 2: 39}",-0.8581326473057517
525,barabasi_albert,100,5,2,10,3.2718,4.0,2.588435821108957,"{10: 3, 12: 3, 14: 1, 4: 18, 6: 7, 8: 1, 7: 3, 3: 18, 5: 8, 2: 37, 9: 1}",-0.8581326473057517
526,barabasi_albert,100,5,2,10,3.1882,4.0,2.9664793948382653,"{18: 1, 15: 2, 7: 3, 12: 1, 11: 1, 5: 7, 8: 4, 3: 21, 4: 18, 6: 2, 9: 2, 2: 38}",-0.8581326473057517
527,barabasi_albert,100,5,2,10,3.2588,4.0,2.6720778431774774,"{12: 1, 11: 2, 14: 1, 7: 4, 9: 2, 5: 9, 8: 4, 13: 1, 4: 16, 3: 20, 6: 1, 2: 38, 10: 1}",-0.8581326473057517
528,barabasi_albert,100,5,2,10,3.2474,4.0,2.8600699292150185,"{12: 1, 17: 1, 9: 2, 14: 1, 7: 5, 11: 1, 8: 2, 13: 1, 10: 1, 5: 10, 3: 26, 4: 10, 6: 2, 2: 37}",-0.8581326473057517
529,barabasi_albert,100,5,2,10,3.1672,4.0,2.986636904613616,"{11: 2, 8: 1, 14: 1, 21: 1, 13: 1, 5: 12, 3: 24, 7: 4, 12: 1, 6: 6, 2: 37, 4: 10}",-0.8581326473057517
530,barabasi_albert,100,5,2,10,3.3142,4.0,2.4899799195977463,"{8: 4, 11: 1, 12: 1, 14: 1, 10: 2, 9: 2, 3: 26, 6: 2, 5: 10, 7: 5, 4: 13, 2: 33}",-0.8581326473057517
531,barabasi_albert,100,5,2,10,3.2052,4.0,2.86705423736629,"{7: 3, 9: 3, 14: 1, 16: 1, 18: 1, 6: 5, 5: 14, 8: 2, 3: 18, 4: 11, 10: 1, 2: 40}",-0.8581326473057517
532,barabasi_albert,100,5,2,10,3.2006,4.0,2.7313000567495327,"{14: 1, 11: 2, 15: 1, 7: 3, 9: 2, 10: 3, 6: 6, 8: 2, 4: 14, 2: 40, 5: 7, 3: 19}",-0.8581326473057517
533,barabasi_albert,100,5,2,10,3.2536,4.0,2.5729360660537215,"{10: 3, 15: 1, 9: 2, 7: 4, 12: 1, 6: 7, 5: 7, 11: 1, 8: 2, 3: 23, 4: 13, 2: 36}",-0.8581326473057517
534,barabasi_albert,100,5,2,10,3.3046,4.0,2.4041630560342617,"{10: 4, 7: 3, 9: 2, 6: 8, 8: 3, 11: 2, 3: 15, 5: 8, 2: 39, 4: 16}",-0.8581326473057517
535,barabasi_albert,100,5,2,10,3.3198,4.0,2.6532998322843198,"{14: 2, 9: 1, 15: 1, 13: 1, 10: 2, 5: 8, 4: 20, 6: 6, 7: 3, 3: 26, 2: 30}",-0.8581326473057517
536,barabasi_albert,100,5,2,10,3.3044,4.0,2.4083189157584592,"{10: 2, 12: 1, 13: 1, 8: 2, 7: 7, 2: 39, 5: 9, 9: 2, 6: 9, 3: 17, 4: 11}",-0.8581326473057517
537,barabasi_albert,100,5,2,10,3.2352,4.0,2.7820855486487113,"{10: 3, 17: 1, 11: 1, 9: 1, 6: 7, 14: 1, 12: 1, 5: 8, 7: 2, 8: 2, 3: 21, 4: 14, 2: 38}",-0.8581326473057517
538,barabasi_albert,100,5,2,10,3.2796,4.0,2.6076809620810595,"{15: 1, 8: 3, 9: 2, 14: 1, 7: 5, 6: 5, 5: 12, 4: 12, 12: 1, 11: 1, 2: 38, 3: 19}",-0.8581326473057517
539,barabasi_albert,100,5,2,10,3.2892,4.0,2.745906043549196,"{10: 2, 19: 1, 7: 5, 14: 1, 9: 1, 8: 2, 4: 13, 11: 1, 6: 6, 5: 11, 3: 19, 2: 38}",-0.8581326473057517
540,barabasi_albert,100,5,2,10,3.2306,4.0,2.821347195933177,"{14: 1, 12: 2, 19: 1, 9: 2, 5: 4, 10: 1, 6: 6, 4: 18, 8: 2, 7: 4, 3: 25, 2: 34}",-0.8581326473057517
541,barabasi_albert,100,5,2,10,3.3138,4.0,2.4166091947189146,"{13: 1, 12: 2, 8: 5, 7: 5, 6: 4, 10: 1, 4: 13, 5: 12, 3: 21, 9: 1, 2: 35}",-0.8581326473057517
542,barabasi_albert,100,5,2,10,3.2074,4.0,2.8495613697550013,"{12: 2, 13: 1, 15: 1, 14: 1, 10: 2, 4: 16, 9: 2, 8: 2, 7: 4, 6: 1, 5: 9, 2: 40, 3: 19}",-0.8581326473057517
543,barabasi_albert,100,5,2,10,3.2706,4.0,2.513961017995307,"{10: 5, 6: 4, 14: 1, 3: 25, 9: 1, 12: 1, 5: 13, 8: 4, 4: 11, 2: 34, 7: 1}",-0.8581326473057517
544,barabasi_albert,100,5,2,10,3.2618,4.0,2.7676705006196096,"{10: 1, 17: 1, 13: 1, 8: 3, 14: 1, 6: 6, 2: 36, 9: 1, 12: 1, 5: 6, 7: 5, 4: 14, 3: 24}",-0.8581326473057517
545,barabasi_albert,100,5,2,10,3.2662,4.0,2.705549851693737,"{9: 3, 10: 3, 11: 2, 12: 1, 16: 1, 8: 2, 2: 37, 6: 6, 3: 23, 5: 7, 4: 14, 7: 1}",-0.8581326473057517
546,barabasi_albert,100,5,2,10,3.3152,4.0,2.3958297101421877,"{8: 2, 15: 1, 13: 1, 6: 7, 11: 1, 7: 2, 5: 13, 12: 1, 4: 21, 9: 1, 3: 19, 2: 31}",-0.8581326473057517
547,barabasi_albert,100,5,2,10,3.133,4.0,3.120897306865447,"{8: 3, 20: 1, 16: 1, 13: 2, 10: 2, 6: 6, 4: 11, 7: 1, 3: 27, 2: 38, 11: 1, 5: 6, 9: 1}",-0.8581326473057517
548,barabasi_albert,100,5,2,10,3.2152,4.0,2.85657137141714,"{10: 3, 18: 1, 13: 1, 12: 1, 11: 2, 7: 3, 5: 11, 4: 12, 8: 2, 3: 26, 9: 1, 2: 36, 6: 1}",-0.8581326473057517
549,barabasi_albert,100,5,2,10,3.2564,4.0,2.745906043549196,"{13: 1, 15: 1, 11: 2, 9: 1, 12: 2, 6: 7, 7: 5, 5: 3, 8: 3, 3: 21, 4: 15, 2: 39}",-0.8581326473057517
550,barabasi_albert,100,5,2,10,3.2402,4.0,2.6758176320519302,"{16: 1, 7: 7, 9: 2, 17: 1, 11: 1, 10: 1, 3: 26, 4: 17, 6: 3, 8: 2, 5: 7, 2: 32}",-0.8581326473057517
551,barabasi_albert,100,5,2,10,3.3586,4.0,2.4041630560342617,"{11: 3, 10: 2, 14: 1, 5: 9, 8: 3, 6: 7, 7: 3, 3: 27, 4: 15, 2: 30}",-0.8581326473057517
552,barabasi_albert,100,5,2,10,3.2382,4.0,2.6795522013948525,"{13: 1, 14: 1, 11: 1, 8: 5, 16: 1, 5: 12, 4: 12, 6: 5, 7: 3, 2: 37, 10: 1, 3: 21}",-0.8581326473057517
553,barabasi_albert,100,5,2,10,3.2324,4.0,2.701851217221259,"{7: 8, 14: 1, 12: 1, 8: 3, 9: 2, 6: 5, 18: 1, 4: 13, 5: 8, 3: 20, 2: 38}",-0.8581326473057517
554,barabasi_albert,100,5,2,10,3.1968,4.0,2.8035691537752374,"{12: 1, 13: 1, 15: 1, 17: 1, 9: 2, 7: 6, 4: 14, 5: 10, 10: 1, 6: 6, 2: 40, 3: 17}",-0.8581326473057517
555,barabasi_albert,100,5,2,10,3.2888,4.0,2.493992782667985,"{9: 3, 15: 1, 12: 1, 7: 4, 10: 1, 8: 4, 5: 8, 3: 21, 11: 1, 4: 19, 6: 3, 2: 34}",-0.8581326473057517
556,barabasi_albert,100,5,2,10,3.2668,4.0,2.6115129714401193,"{14: 1, 9: 1, 11: 3, 16: 1, 7: 5, 5: 14, 3: 19, 8: 1, 6: 6, 4: 12, 2: 37}",-0.8581326473057517
557,barabasi_albert,100,5,2,10,3.2476,4.0,2.6343879744638983,"{12: 1, 13: 2, 10: 3, 14: 1, 5: 7, 9: 1, 4: 20, 7: 2, 6: 5, 8: 2, 3: 22, 2: 34}",-0.8581326473057517
558,barabasi_albert,100,5,2,10,3.2972,4.0,2.615339366124404,"{11: 2, 9: 4, 14: 2, 6: 6, 10: 2, 2: 33, 4: 16, 7: 1, 3: 26, 8: 1, 5: 7}",-0.8581326473057517
559,barabasi_albert,100,5,2,10,3.278,4.0,2.4738633753705965,"{13: 2, 9: 3, 11: 2, 6: 7, 7: 2, 5: 8, 4: 17, 3: 23, 8: 2, 10: 1, 2: 33}",-0.8581326473057517
560,barabasi_albert,100,5,2,10,3.2494,4.0,2.7422618401604177,"{16: 1, 10: 1, 11: 2, 13: 2, 6: 8, 5: 7, 9: 3, 4: 13, 8: 2, 3: 26, 2: 35}",-0.8581326473057517
561,barabasi_albert,100,5,2,10,3.2212,4.0,2.6758176320519302,"{10: 1, 13: 3, 5: 14, 12: 2, 7: 4, 8: 2, 3: 17, 4: 15, 9: 2, 2: 39, 6: 1}",-0.8581326473057517
562,barabasi_albert,100,5,2,10,3.2144,4.0,2.8530685235374214,"{12: 1, 9: 1, 14: 1, 10: 2, 16: 1, 8: 4, 4: 9, 6: 3, 5: 11, 15: 1, 7: 3, 3: 26, 2: 37}",-0.8581326473057517
563,barabasi_albert,100,5,2,10,3.2924,4.0,2.569046515733026,"{11: 3, 15: 1, 9: 3, 10: 1, 5: 11, 7: 3, 8: 3, 6: 5, 3: 15, 4: 15, 2: 40}",-0.8581326473057517
564,barabasi_albert,100,5,2,10,3.2018,4.0,2.8600699292150185,"{10: 1, 14: 1, 11: 2, 19: 1, 6: 5, 12: 1, 8: 4, 7: 2, 3: 19, 5: 14, 4: 10, 2: 40}",-0.8581326473057517
565,barabasi_albert,100,5,2,10,3.2242,4.0,2.792848008753788,"{11: 3, 12: 1, 15: 1, 13: 1, 7: 4, 5: 6, 9: 4, 3: 21, 4: 11, 6: 6, 2: 41, 8: 1}",-0.8581326473057517
566,barabasi_albert,100,5,2,10,3.2204,4.0,2.5495097567963922,"{10: 4, 8: 4, 5: 9, 9: 2, 11: 1, 12: 1, 7: 8, 4: 11, 2: 44, 6: 2, 3: 14}",-0.8581326473057517
567,barabasi_albert,100,5,2,10,3.2462,4.0,2.6608269391300143,"{14: 1, 12: 1, 11: 1, 7: 7, 13: 2, 9: 3, 3: 14, 6: 3, 5: 9, 4: 19, 2: 40}",-0.8581326473057517
568,barabasi_albert,100,5,2,10,3.2378,4.0,2.6608269391300143,"{12: 2, 13: 2, 11: 2, 7: 4, 5: 8, 6: 6, 8: 3, 4: 9, 3: 28, 10: 1, 2: 35}",-0.8581326473057517
569,barabasi_albert,100,5,2,10,3.2404,4.0,2.6115129714401193,"{9: 4, 11: 2, 18: 1, 8: 3, 10: 1, 4: 15, 7: 2, 6: 5, 5: 9, 3: 25, 2: 33}",-0.8581326473057517
570,barabasi_albert,100,5,2,10,3.2358,4.0,2.874021572639983,"{12: 1, 9: 3, 13: 1, 15: 1, 10: 2, 5: 6, 16: 1, 4: 10, 6: 7, 3: 23, 7: 4, 2: 40, 8: 1}",-0.8581326473057517
571,barabasi_albert,100,5,2,10,3.2502,4.0,2.6267851073127395,"{8: 4, 7: 5, 13: 1, 9: 4, 18: 1, 2: 39, 6: 6, 4: 16, 5: 8, 3: 16}",-0.8581326473057517
572,barabasi_albert,100,5,2,10,3.2692,4.0,2.6267851073127395,"{8: 3, 9: 2, 14: 2, 10: 1, 12: 2, 5: 9, 6: 6, 4: 15, 7: 3, 3: 20, 2: 37}",-0.8581326473057517
573,barabasi_albert,100,5,2,10,3.2946,4.0,2.4819347291981715,"{15: 1, 12: 1, 6: 11, 13: 1, 8: 2, 9: 3, 4: 13, 7: 4, 3: 25, 5: 6, 2: 33}",-0.8581326473057517
574,barabasi_albert,100,5,2,10,3.2694,4.0,2.6381811916545836,"{12: 1, 13: 2, 15: 1, 9: 2, 11: 1, 5: 10, 4: 15, 6: 7, 8: 2, 2: 35, 3: 22, 7: 2}",-0.8581326473057517
575,barabasi_albert,100,5,2,10,3.2438,4.0,2.694438717061496,"{11: 1, 14: 2, 8: 7, 5: 9, 4: 10, 9: 2, 13: 1, 7: 2, 6: 6, 2: 41, 3: 19}",-0.8581326473057517
576,barabasi_albert,100,5,2,10,3.2528,4.0,2.9017236257093817,"{20: 1, 10: 3, 11: 1, 15: 1, 4: 14, 8: 2, 9: 2, 6: 4, 3: 21, 7: 3, 5: 10, 2: 38}",-0.8581326473057517
577,barabasi_albert,100,5,2,10,3.2714,4.0,2.477902338672773,"{13: 1, 9: 4, 10: 2, 12: 1, 6: 5, 7: 6, 3: 24, 5: 10, 4: 11, 2: 35, 11: 1}",-0.8581326473057517
578,barabasi_albert,100,5,2,10,3.29,4.0,2.5337718918639855,"{15: 1, 12: 2, 9: 2, 11: 1, 4: 15, 7: 4, 8: 4, 5: 10, 6: 5, 2: 36, 3: 20}",-0.8581326473057517
579,barabasi_albert,100,5,2,10,3.2562,4.0,2.5495097567963922,"{11: 2, 8: 5, 13: 2, 7: 5, 6: 6, 9: 2, 5: 10, 4: 10, 3: 17, 2: 41}",-0.8581326473057517
580,barabasi_albert,100,5,2,10,3.257,4.0,2.753179979587241,"{14: 2, 13: 1, 9: 1, 8: 2, 12: 2, 6: 7, 5: 11, 4: 8, 10: 1, 7: 4, 3: 21, 2: 40}",-0.8581326473057517
581,barabasi_albert,100,5,2,10,3.2216,4.0,2.6870057685088806,"{12: 1, 10: 3, 11: 4, 8: 5, 13: 1, 5: 9, 3: 31, 6: 2, 7: 1, 4: 9, 2: 34}",-0.8581326473057517
582,barabasi_albert,100,5,2,10,3.2538,4.0,2.705549851693737,"{11: 2, 14: 1, 16: 1, 13: 1, 6: 5, 7: 3, 5: 9, 8: 4, 9: 1, 3: 24, 4: 14, 2: 35}",-0.8581326473057517
583,barabasi_albert,100,5,2,10,3.2448,4.0,2.6870057685088806,"{14: 2, 12: 1, 13: 1, 10: 1, 6: 4, 9: 3, 8: 2, 7: 4, 3: 20, 5: 10, 4: 14, 2: 38}",-0.8581326473057517
584,barabasi_albert,100,5,2,10,3.2746,4.0,2.619160170741759,"{10: 1, 19: 1, 14: 1, 7: 5, 6: 8, 8: 2, 9: 2, 2: 32, 3: 27, 5: 11, 4: 10}",-0.8581326473057517
585,barabasi_albert,100,5,2,10,3.23,4.0,2.6343879744638983,"{14: 2, 5: 8, 16: 1, 7: 3, 9: 2, 8: 2, 4: 16, 10: 1, 6: 9, 3: 21, 2: 35}",-0.8581326473057517
586,barabasi_albert,100,5,2,10,3.259,4.0,2.727636339397171,"{11: 1, 9: 2, 13: 1, 18: 1, 12: 1, 7: 7, 6: 7, 8: 2, 2: 38, 5: 7, 4: 11, 3: 22}",-0.8581326473057517
587,barabasi_albert,100,5,2,10,3.2808,4.0,2.6343879744638983,"{8: 4, 13: 1, 14: 1, 15: 1, 11: 1, 9: 2, 12: 1, 3: 24, 5: 13, 6: 1, 2: 31, 4: 20}",-0.8581326473057517
588,barabasi_albert,100,5,2,10,3.308,4.0,2.2978250586152114,"{10: 4, 7: 7, 12: 1, 5: 12, 8: 2, 6: 6, 4: 14, 2: 37, 9: 1, 3: 16}",-0.8581326473057517
589,barabasi_albert,100,5,2,10,3.2718,4.0,2.545584412271571,"{13: 1, 10: 2, 12: 2, 9: 2, 11: 1, 7: 3, 6: 8, 3: 24, 5: 9, 2: 36, 8: 2, 4: 10}",-0.8581326473057517
590,barabasi_albert,100,5,2,10,3.246,4.0,2.932575659723036,"{15: 1, 18: 1, 10: 1, 12: 1, 16: 1, 8: 2, 4: 21, 6: 6, 9: 3, 3: 22, 5: 6, 2: 35}",-0.8581326473057517
591,barabasi_albert,100,5,2,10,3.2866,4.0,2.5806975801127883,"{11: 2, 14: 1, 12: 2, 6: 8, 7: 5, 8: 3, 2: 38, 4: 13, 3: 20, 10: 1, 5: 7}",-0.8581326473057517
592,barabasi_albert,100,5,2,10,3.2058,4.0,2.814249455894058,"{8: 2, 15: 1, 17: 1, 13: 1, 10: 1, 5: 11, 7: 4, 9: 3, 4: 16, 3: 18, 2: 39, 11: 1, 6: 2}",-0.8581326473057517
593,barabasi_albert,100,5,2,10,3.2838,4.0,2.6,"{12: 2, 9: 1, 13: 1, 14: 1, 8: 2, 5: 11, 6: 7, 11: 1, 10: 1, 4: 17, 3: 16, 2: 38, 7: 2}",-0.8581326473057517
594,barabasi_albert,100,5,2,10,3.1902,4.0,2.8284271247461903,"{9: 2, 12: 1, 16: 1, 15: 1, 10: 1, 14: 1, 6: 6, 8: 4, 7: 1, 4: 14, 2: 40, 5: 10, 3: 18}",-0.8581326473057517
595,barabasi_albert,100,5,2,10,3.1868,4.0,2.821347195933177,"{9: 3, 12: 1, 13: 1, 16: 1, 7: 2, 5: 8, 8: 5, 10: 2, 6: 4, 11: 1, 3: 21, 4: 9, 2: 42}",-0.8581326473057517
596,barabasi_albert,100,5,2,10,3.262,4.0,2.817800560721074,"{16: 1, 13: 2, 10: 2, 15: 1, 4: 13, 8: 3, 6: 7, 5: 7, 7: 2, 3: 25, 2: 36, 9: 1}",-0.8581326473057517
597,barabasi_albert,100,5,2,10,3.195,4.0,2.986636904613616,"{10: 2, 13: 1, 16: 1, 17: 1, 12: 1, 5: 10, 6: 3, 15: 1, 3: 23, 4: 17, 9: 1, 2: 36, 7: 3}",-0.8581326473057517
598,barabasi_albert,100,5,2,10,3.2306,4.0,2.891366458960192,"{12: 2, 17: 1, 15: 2, 9: 1, 4: 16, 2: 38, 8: 2, 6: 6, 3: 20, 7: 4, 5: 8}",-0.8581326473057517
599,barabasi_albert,100,5,2,10,3.343,4.0,2.2181073012818833,"{8: 2, 7: 6, 9: 5, 10: 3, 6: 6, 4: 13, 5: 6, 3: 31, 2: 28}",-0.8581326473057517
600,barabasi_albert,100,5,2,10,3.2848,4.0,2.5019992006393608,"{8: 5, 11: 2, 16: 1, 12: 1, 5: 11, 7: 5, 3: 24, 4: 11, 6: 6, 2: 34}",-0.8581326473057517
601,barabasi_albert,100,5,2,10,3.2982,4.0,2.6115129714401193,"{11: 3, 8: 4, 12: 1, 16: 1, 7: 5, 6: 4, 5: 9, 4: 15, 3: 20, 2: 37, 9: 1}",-0.8581326473057517
602,barabasi_albert,100,5,2,10,3.1828,4.0,2.8809720581775866,"{6: 8, 10: 2, 15: 1, 16: 1, 14: 1, 9: 3, 8: 1, 4: 19, 5: 8, 3: 13, 13: 1, 2: 42}",-0.8581326473057517
603,barabasi_albert,100,5,2,10,3.256,4.0,2.6758176320519302,"{8: 3, 9: 3, 14: 2, 16: 1, 4: 15, 7: 3, 3: 24, 5: 10, 10: 1, 6: 4, 2: 34}",-0.8581326473057517
604,barabasi_albert,100,5,2,10,3.2966,4.0,2.6076809620810595,"{9: 2, 11: 1, 8: 3, 14: 1, 10: 1, 12: 1, 3: 16, 6: 6, 13: 1, 4: 16, 2: 40, 7: 5, 5: 7}",-0.8581326473057517
605,barabasi_albert,100,5,2,10,3.335,4.0,2.3706539182259396,"{14: 1, 9: 2, 8: 7, 7: 3, 5: 7, 3: 22, 12: 1, 6: 10, 4: 12, 2: 35}",-0.8581326473057517
606,barabasi_albert,100,5,2,10,3.3008,4.0,2.4289915602982237,"{15: 1, 9: 3, 12: 1, 11: 2, 6: 10, 5: 10, 4: 17, 7: 3, 3: 19, 2: 34}",-0.8581326473057517
607,barabasi_albert,100,5,2,10,3.3062,4.0,2.6608269391300143,"{11: 3, 15: 1, 13: 1, 10: 1, 9: 2, 7: 2, 3: 16, 5: 11, 6: 8, 8: 2, 2: 41, 4: 12}",-0.8581326473057517
608,barabasi_albert,100,5,2,10,3.2686,4.0,2.5806975801127883,"{9: 2, 8: 2, 11: 1, 15: 2, 5: 15, 13: 1, 6: 6, 4: 13, 3: 23, 2: 33, 7: 2}",-0.8581326473057517
609,barabasi_albert,100,5,2,10,3.1996,4.0,2.9832867780352594,"{15: 2, 14: 1, 10: 1, 12: 1, 8: 5, 5: 10, 3: 18, 6: 5, 9: 2, 13: 1, 4: 8, 7: 1, 2: 45}",-0.8581326473057517
610,barabasi_albert,100,5,2,10,3.2694,4.0,2.705549851693737,"{8: 4, 11: 1, 18: 1, 13: 2, 7: 3, 10: 1, 3: 19, 5: 7, 6: 7, 2: 36, 4: 19}",-0.8581326473057517
611,barabasi_albert,100,5,2,10,3.1494,4.0,2.949576240750525,"{10: 1, 9: 3, 12: 1, 18: 1, 17: 1, 4: 8, 11: 2, 5: 16, 6: 6, 7: 1, 3: 19, 2: 41}",-0.8581326473057517
612,barabasi_albert,100,5,2,10,3.2176,4.0,2.7422618401604177,"{17: 1, 10: 2, 11: 2, 12: 1, 3: 28, 9: 4, 5: 6, 8: 1, 7: 3, 6: 7, 2: 36, 4: 9}",-0.8581326473057517
613,barabasi_albert,100,5,2,10,3.2824,4.0,2.615339366124404,"{11: 2, 10: 1, 16: 1, 7: 5, 12: 1, 8: 4, 3: 24, 5: 8, 6: 7, 4: 9, 9: 1, 2: 37}",-0.8581326473057517
614,barabasi_albert,100,5,2,10,3.2144,4.0,2.8635642126552705,"{13: 2, 7: 4, 17: 1, 5: 7, 6: 10, 9: 1, 8: 3, 14: 1, 11: 1, 3: 24, 4: 6, 2: 40}",-0.8581326473057517
615,barabasi_albert,100,5,2,10,3.1362,4.0,3.1016124838541645,"{11: 1, 15: 1, 16: 1, 20: 1, 10: 1, 12: 2, 7: 3, 5: 7, 3: 33, 9: 1, 4: 15, 6: 3, 2: 31}",-0.8581326473057517
616,barabasi_albert,100,5,2,10,3.3072,4.0,2.588435821108957,"{11: 4, 13: 2, 12: 1, 6: 6, 8: 1, 10: 1, 5: 14, 3: 22, 4: 15, 2: 34}",-0.8581326473057517
617,barabasi_albert,100,5,2,10,3.2312,4.0,2.6683328128252666,"{14: 2, 15: 1, 6: 8, 9: 2, 4: 15, 8: 3, 3: 18, 5: 6, 10: 1, 2: 39, 7: 5}",-0.8581326473057517
618,barabasi_albert,100,5,2,10,3.2756,4.0,2.596150997149434,"{14: 1, 11: 2, 9: 2, 13: 1, 7: 2, 10: 2, 8: 3, 5: 8, 6: 7, 4: 15, 3: 19, 2: 38}",-0.8581326473057517
619,barabasi_albert,100,5,2,10,3.3038,4.0,2.541653005427767,"{7: 5, 14: 1, 11: 4, 9: 3, 3: 21, 6: 5, 8: 2, 4: 13, 5: 9, 2: 37}",-0.8581326473057517
620,barabasi_albert,100,5,2,10,3.2478,4.0,2.584569596664017,"{11: 3, 9: 2, 12: 1, 13: 1, 8: 1, 7: 3, 6: 10, 2: 36, 4: 14, 10: 2, 3: 24, 5: 3}",-0.8581326473057517
621,barabasi_albert,100,5,2,10,3.2722,4.0,2.7313000567495327,"{11: 1, 13: 2, 17: 1, 6: 4, 5: 13, 7: 5, 12: 1, 9: 1, 4: 15, 2: 37, 10: 1, 3: 19}",-0.8581326473057517
622,barabasi_albert,100,5,2,10,3.3072,4.0,2.4248711305964283,"{11: 3, 9: 1, 10: 2, 12: 2, 7: 3, 5: 5, 3: 24, 6: 9, 4: 20, 2: 31}",-0.8581326473057517
623,barabasi_albert,100,5,2,10,3.2658,4.0,2.6570660511172846,"{11: 3, 14: 1, 12: 1, 9: 1, 7: 3, 6: 7, 5: 10, 8: 3, 13: 1, 3: 20, 2: 39, 4: 11}",-0.8581326473057517
624,barabasi_albert,100,5,2,10,3.2768,4.0,2.8106938645110393,"{19: 1, 6: 6, 11: 2, 9: 1, 10: 2, 14: 1, 5: 8, 7: 4, 4: 14, 8: 2, 3: 22, 2: 37}",-0.8581326473057517
625,barabasi_albert,100,5,2,10,3.1964,4.0,2.8879058156387303,"{9: 5, 13: 1, 17: 1, 16: 1, 5: 7, 10: 1, 3: 20, 7: 3, 4: 16, 11: 1, 6: 5, 2: 39}",-0.8581326473057517
626,barabasi_albert,100,5,2,10,3.243,4.0,2.6795522013948525,"{11: 1, 10: 5, 17: 1, 8: 2, 6: 7, 7: 7, 5: 10, 4: 6, 2: 42, 3: 19}",-0.8581326473057517
627,barabasi_albert,100,5,2,10,3.308,4.0,2.5179356624028344,"{8: 3, 13: 1, 10: 3, 11: 1, 7: 4, 9: 2, 12: 1, 3: 21, 4: 13, 6: 5, 5: 9, 2: 37}",-0.8581326473057517
628,barabasi_albert,100,5,2,10,3.1604,4.0,3.0495901363953815,"{10: 1, 21: 1, 17: 1, 11: 2, 7: 2, 4: 22, 9: 1, 12: 1, 6: 4, 2: 35, 3: 23, 5: 4, 8: 3}",-0.8581326473057517
629,barabasi_albert,100,5,2,10,3.2506,4.0,2.5573423705088842,"{13: 2, 9: 1, 11: 1, 16: 1, 6: 10, 8: 3, 7: 2, 5: 10, 4: 14, 2: 34, 3: 22}",-0.8581326473057517
630,barabasi_albert,100,5,2,10,3.2648,4.0,2.630589287593181,"{13: 1, 14: 1, 11: 3, 9: 2, 8: 3, 7: 2, 6: 4, 12: 1, 4: 20, 5: 7, 2: 35, 3: 21}",-0.8581326473057517
631,barabasi_albert,100,5,2,10,3.2314,4.0,2.6870057685088806,"{15: 1, 12: 2, 13: 2, 4: 14, 6: 6, 11: 1, 5: 13, 3: 25, 8: 2, 10: 1, 2: 33}",-0.8581326473057517
632,barabasi_albert,100,5,2,10,3.1608,4.0,2.9664793948382653,"{10: 1, 11: 1, 18: 1, 12: 1, 15: 1, 7: 2, 16: 1, 5: 5, 6: 8, 3: 27, 4: 14, 8: 3, 2: 35}",-0.8581326473057517
633,barabasi_albert,100,5,2,10,3.3358,4.0,2.4819347291981715,"{13: 1, 10: 1, 14: 1, 12: 1, 9: 3, 7: 5, 3: 18, 4: 20, 5: 9, 6: 4, 8: 2, 2: 35}",-0.8581326473057517
634,barabasi_albert,100,5,2,10,3.2074,4.0,2.9086079144497976,"{7: 3, 5: 16, 11: 2, 13: 1, 22: 1, 10: 1, 4: 10, 12: 1, 6: 5, 2: 35, 8: 1, 3: 24}",-0.8581326473057517
635,barabasi_albert,100,5,2,10,3.2926,4.0,2.630589287593181,"{17: 1, 12: 2, 11: 1, 9: 3, 6: 7, 4: 15, 7: 4, 5: 9, 3: 22, 10: 1, 2: 35}",-0.8581326473057517
636,barabasi_albert,100,5,2,10,3.2506,4.0,2.7820855486487113,"{15: 1, 10: 3, 11: 1, 12: 1, 16: 1, 2: 36, 4: 13, 7: 5, 3: 25, 5: 9, 8: 2, 6: 2, 9: 1}",-0.8581326473057517
637,barabasi_albert,100,5,2,10,3.2588,4.0,2.6608269391300143,"{8: 3, 18: 1, 12: 1, 13: 1, 6: 6, 11: 2, 3: 25, 5: 7, 4: 22, 10: 1, 2: 30, 7: 1}",-0.8581326473057517
638,barabasi_albert,100,5,2,10,3.2396,4.0,2.6720778431774774,"{13: 2, 12: 3, 7: 5, 4: 8, 2: 40, 9: 1, 5: 9, 6: 8, 8: 2, 10: 1, 3: 21}",-0.8581326473057517
639,barabasi_albert,100,5,2,10,3.2608,4.0,2.734958866235469,"{12: 1, 11: 1, 9: 4, 4: 17, 16: 2, 5: 12, 6: 4, 7: 2, 8: 2, 3: 17, 2: 38}",-0.8581326473057517
640,barabasi_albert,100,5,2,10,3.2312,4.0,2.723967694375247,"{7: 5, 17: 1, 8: 1, 18: 1, 4: 18, 9: 3, 2: 36, 10: 1, 6: 9, 5: 6, 3: 19}",-0.8581326473057517
641,barabasi_albert,100,5,2,10,3.078,4.0,3.358571124749333,"{5: 10, 11: 1, 24: 1, 10: 3, 17: 1, 13: 1, 4: 11, 7: 4, 6: 1, 3: 31, 2: 35, 14: 1}",-0.8581326473057517
642,barabasi_albert,100,5,2,10,3.2494,4.0,2.6,"{12: 1, 10: 2, 6: 5, 15: 1, 7: 6, 11: 1, 8: 1, 5: 10, 4: 12, 13: 1, 9: 1, 3: 24, 2: 35}",-0.8581326473057517
643,barabasi_albert,100,5,2,10,3.2644,4.0,2.6343879744638983,"{9: 3, 17: 1, 8: 3, 12: 1, 11: 2, 7: 5, 5: 11, 3: 16, 6: 3, 4: 16, 2: 39}",-0.8581326473057517
644,barabasi_albert,100,5,2,10,3.2756,4.0,2.723967694375247,"{11: 3, 13: 3, 9: 2, 8: 2, 5: 5, 6: 5, 4: 16, 12: 1, 7: 2, 3: 27, 2: 34}",-0.8581326473057517
645,barabasi_albert,100,5,2,10,3.2984,4.0,2.5258661880630178,"{9: 4, 12: 3, 13: 1, 7: 4, 6: 5, 5: 10, 4: 15, 8: 2, 3: 19, 2: 37}",-0.8581326473057517
646,barabasi_albert,100,5,2,10,3.271,4.0,2.723967694375247,"{15: 1, 9: 1, 18: 1, 12: 1, 7: 3, 6: 4, 8: 2, 4: 18, 11: 2, 5: 11, 3: 24, 2: 32}",-0.8581326473057517
647,barabasi_albert,100,5,2,10,3.2036,4.0,2.5806975801127883,"{11: 3, 9: 3, 10: 1, 7: 6, 13: 1, 12: 1, 4: 11, 5: 10, 3: 23, 6: 3, 2: 37, 8: 1}",-0.8581326473057517
648,barabasi_albert,100,5,2,10,3.2374,4.0,2.6907248094147422,"{14: 1, 6: 5, 11: 2, 15: 1, 12: 1, 9: 1, 4: 18, 8: 4, 10: 1, 7: 2, 5: 8, 3: 18, 2: 38}",-0.8581326473057517
649,barabasi_albert,100,5,2,10,3.2518,4.0,2.7856776554368237,"{17: 2, 8: 4, 10: 1, 11: 2, 6: 3, 3: 25, 5: 9, 4: 13, 7: 6, 2: 35}",-0.8581326473057517
650,barabasi_albert,100,5,2,10,3.2644,4.0,2.745906043549196,"{13: 1, 17: 1, 14: 1, 11: 2, 6: 6, 8: 3, 5: 7, 7: 3, 10: 1, 4: 19, 3: 20, 2: 36}",-0.8581326473057517
651,barabasi_albert,100,5,2,10,3.1854,4.0,2.7964262908219126,"{8: 2, 11: 2, 12: 2, 14: 1, 15: 1, 7: 5, 9: 2, 6: 4, 4: 9, 3: 22, 5: 10, 2: 40}",-0.8581326473057517
652,barabasi_albert,100,5,2,10,3.2686,4.0,2.6870057685088806,"{7: 6, 15: 2, 10: 2, 12: 1, 8: 3, 4: 15, 6: 5, 11: 1, 3: 23, 2: 36, 5: 6}",-0.8581326473057517
653,barabasi_albert,100,5,2,10,3.3048,4.0,2.3916521486202797,"{9: 3, 7: 6, 12: 1, 10: 2, 13: 1, 4: 14, 11: 1, 2: 30, 3: 28, 5: 9, 6: 5}",-0.8581326473057517
654,barabasi_albert,100,5,2,10,3.2132,4.0,2.6981475126464085,"{9: 3, 16: 1, 10: 2, 8: 4, 5: 10, 12: 2, 11: 1, 6: 4, 4: 14, 3: 22, 2: 37}",-0.8581326473057517
655,barabasi_albert,100,5,2,10,3.2954,4.0,2.4248711305964283,"{9: 2, 11: 1, 14: 1, 8: 3, 10: 1, 12: 1, 6: 8, 7: 5, 3: 22, 4: 16, 5: 6, 2: 34}",-0.8581326473057517
656,barabasi_albert,100,5,2,10,3.2748,4.0,2.716615541441225,"{15: 1, 12: 3, 13: 1, 11: 1, 9: 2, 4: 14, 5: 13, 7: 4, 6: 5, 3: 16, 2: 40}",-0.8581326473057517
657,barabasi_albert,100,5,2,10,3.241,4.0,2.6645825188948455,"{11: 1, 13: 1, 6: 4, 9: 2, 15: 1, 12: 1, 7: 3, 8: 3, 5: 10, 4: 14, 10: 2, 3: 20, 2: 38}",-0.8581326473057517
658,barabasi_albert,100,5,2,10,3.2744,4.0,2.6343879744638983,"{7: 3, 14: 1, 19: 1, 10: 2, 9: 1, 6: 10, 8: 2, 5: 12, 4: 12, 3: 21, 2: 35}",-0.8581326473057517
659,barabasi_albert,100,5,2,10,3.281,4.0,2.6229754097208002,"{13: 1, 12: 2, 11: 2, 10: 2, 5: 14, 8: 5, 3: 10, 4: 14, 6: 5, 7: 1, 2: 44}",-0.8581326473057517
660,barabasi_albert,100,5,2,10,3.2856,4.0,2.5337718918639855,"{7: 1, 10: 3, 14: 1, 13: 1, 8: 5, 6: 9, 9: 2, 3: 16, 5: 6, 4: 17, 2: 39}",-0.8581326473057517
661,barabasi_albert,100,5,2,10,3.2316,4.0,2.6608269391300143,"{8: 3, 10: 2, 13: 1, 15: 1, 14: 1, 5: 6, 7: 4, 6: 4, 4: 15, 9: 1, 3: 30, 11: 1, 2: 31}",-0.8581326473057517
662,barabasi_albert,100,5,2,10,3.3776,4.0,2.340939982143925,"{8: 2, 9: 3, 12: 3, 10: 1, 7: 4, 5: 11, 6: 5, 4: 15, 3: 26, 2: 30}",-0.8581326473057517
663,barabasi_albert,100,5,2,10,3.2326,4.0,2.778488797889961,"{11: 1, 15: 1, 12: 1, 9: 3, 10: 3, 16: 1, 8: 2, 4: 14, 5: 11, 2: 33, 3: 28, 6: 2}",-0.8581326473057517
664,barabasi_albert,100,5,2,10,3.1682,4.0,3.0166206257996713,"{11: 1, 13: 2, 15: 1, 19: 1, 9: 3, 5: 6, 6: 8, 7: 4, 4: 11, 3: 20, 8: 1, 2: 42}",-0.8581326473057517
665,barabasi_albert,100,5,2,10,3.3632,4.0,2.353720459187964,"{13: 1, 9: 4, 11: 1, 10: 3, 6: 4, 4: 21, 7: 4, 3: 26, 8: 1, 5: 6, 2: 29}",-0.8581326473057517
666,barabasi_albert,100,5,2,10,3.1928,4.0,2.9899832775452104,"{11: 1, 10: 1, 9: 1, 19: 1, 21: 1, 6: 10, 7: 3, 5: 6, 8: 2, 2: 36, 3: 21, 4: 17}",-0.8581326473057517
667,barabasi_albert,100,5,2,10,3.2126,4.0,2.760434748368452,"{7: 2, 15: 1, 11: 1, 12: 2, 9: 1, 3: 19, 13: 2, 4: 17, 6: 7, 5: 8, 10: 1, 8: 1, 2: 38}",-0.8581326473057517
668,barabasi_albert,100,5,2,10,3.1998,4.0,2.842534080710379,"{10: 3, 16: 1, 17: 1, 14: 1, 4: 12, 7: 8, 6: 4, 8: 1, 5: 9, 2: 38, 3: 22}",-0.8581326473057517
669,barabasi_albert,100,5,2,10,3.2786,4.0,2.8,"{19: 1, 11: 2, 12: 1, 10: 1, 6: 5, 3: 28, 5: 10, 7: 5, 8: 1, 9: 1, 13: 1, 4: 10, 2: 34}",-0.8581326473057517
670,barabasi_albert,100,5,2,10,3.3014,4.0,2.596150997149434,"{11: 1, 12: 2, 15: 1, 13: 1, 5: 13, 7: 4, 6: 7, 8: 3, 2: 38, 4: 12, 3: 18}",-0.8581326473057517
671,barabasi_albert,100,5,2,10,3.1456,4.0,3.0659419433511785,"{9: 1, 8: 2, 13: 1, 20: 1, 15: 1, 11: 1, 4: 11, 7: 5, 10: 1, 6: 9, 12: 1, 5: 3, 3: 20, 2: 43}",-0.8581326473057517
672,barabasi_albert,100,5,2,10,3.2914,4.0,2.4899799195977463,"{9: 3, 10: 2, 12: 1, 16: 1, 7: 5, 6: 6, 8: 2, 4: 18, 3: 21, 5: 7, 2: 34}",-0.8581326473057517
673,barabasi_albert,100,5,2,10,3.236,4.0,2.6038433132583076,"{11: 1, 15: 1, 9: 3, 12: 1, 13: 1, 10: 2, 7: 5, 4: 17, 6: 2, 5: 9, 3: 26, 2: 32}",-0.8581326473057517
674,barabasi_albert,100,5,2,10,3.2864,4.0,2.6076809620810595,"{8: 5, 12: 1, 16: 1, 9: 1, 10: 2, 13: 1, 7: 4, 4: 12, 3: 29, 5: 9, 2: 32, 6: 3}",-0.8581326473057517
675,barabasi_albert,100,5,2,10,3.247,4.0,2.6419689627245813,"{12: 2, 16: 1, 5: 12, 9: 2, 7: 3, 13: 1, 10: 1, 6: 6, 4: 11, 3: 24, 8: 2, 2: 35}",-0.8581326473057517
676,barabasi_albert,100,5,2,10,3.2662,4.0,2.619160170741759,"{10: 3, 9: 2, 15: 1, 12: 2, 8: 3, 6: 4, 5: 12, 7: 3, 3: 16, 4: 14, 2: 40}",-0.8581326473057517
677,barabasi_albert,100,5,2,10,3.2198,4.0,2.6532998322843198,"{13: 3, 7: 6, 10: 1, 5: 4, 9: 4, 8: 4, 6: 6, 2: 38, 4: 7, 3: 27}",-0.8581326473057517
678,barabasi_albert,100,5,2,10,3.2882,4.0,2.4166091947189146,"{11: 3, 4: 17, 12: 2, 9: 1, 8: 4, 5: 10, 7: 2, 6: 3, 3: 28, 10: 1, 2: 29}",-0.8581326473057517
679,barabasi_albert,100,5,2,10,3.2672,4.0,2.7712812921102037,"{16: 2, 9: 3, 11: 2, 5: 12, 7: 4, 10: 1, 3: 23, 6: 4, 4: 9, 8: 2, 2: 38}",-0.8581326473057517
680,barabasi_albert,100,5,2,10,3.2416,4.0,2.694438717061496,"{12: 2, 10: 1, 9: 4, 15: 1, 14: 1, 6: 6, 4: 14, 8: 2, 3: 23, 5: 9, 7: 1, 2: 36}",-0.8581326473057517
681,barabasi_albert,100,5,2,10,3.2404,4.0,2.6570660511172846,"{14: 2, 8: 2, 6: 6, 11: 3, 4: 18, 5: 6, 10: 1, 3: 20, 9: 3, 7: 2, 2: 37}",-0.8581326473057517
682,barabasi_albert,100,5,2,10,3.2742,4.0,2.5806975801127883,"{11: 1, 7: 7, 10: 3, 14: 1, 9: 2, 6: 6, 13: 1, 8: 1, 5: 5, 4: 14, 3: 22, 2: 37}",-0.8581326473057517
683,barabasi_albert,100,5,2,10,3.2274,4.0,2.6870057685088806,"{8: 4, 10: 3, 11: 1, 15: 2, 4: 16, 5: 6, 9: 1, 3: 20, 6: 5, 7: 4, 2: 38}",-0.8581326473057517
684,barabasi_albert,100,5,2,10,3.2548,4.0,2.588435821108957,"{12: 3, 10: 3, 14: 1, 7: 3, 4: 21, 8: 1, 6: 7, 2: 38, 5: 7, 3: 15, 9: 1}",-0.8581326473057517
685,barabasi_albert,100,5,2,10,3.1906,4.0,2.817800560721074,"{10: 1, 12: 1, 14: 2, 15: 1, 6: 7, 7: 3, 5: 14, 9: 3, 8: 2, 2: 46, 3: 13, 4: 7}",-0.8581326473057517
686,barabasi_albert,100,5,2,10,3.2032,4.0,2.7092434368288134,"{10: 1, 18: 1, 13: 1, 8: 5, 12: 1, 5: 8, 3: 17, 7: 7, 6: 2, 4: 17, 2: 39, 9: 1}",-0.8581326473057517
687,barabasi_albert,100,5,2,10,3.2476,4.0,2.6720778431774774,"{10: 3, 7: 6, 14: 1, 16: 1, 3: 13, 13: 1, 6: 5, 5: 14, 4: 14, 8: 1, 2: 41}",-0.8581326473057517
688,barabasi_albert,100,5,2,10,3.2272,4.0,2.6267851073127395,"{12: 1, 15: 1, 11: 2, 8: 4, 10: 3, 5: 9, 4: 13, 3: 24, 7: 6, 2: 36, 6: 1}",-0.8581326473057517
689,barabasi_albert,100,5,2,10,3.1788,4.0,2.835489375751565,"{12: 2, 14: 1, 9: 1, 16: 2, 6: 5, 8: 1, 4: 11, 7: 6, 3: 28, 5: 9, 2: 34}",-0.8581326473057517
690,barabasi_albert,100,5,2,10,3.2152,4.0,2.817800560721074,"{19: 1, 8: 2, 11: 3, 15: 1, 7: 5, 4: 13, 6: 5, 5: 8, 3: 28, 10: 1, 2: 33}",-0.8581326473057517
691,barabasi_albert,100,5,2,10,3.2094,4.0,2.8106938645110393,"{17: 1, 13: 3, 10: 1, 6: 4, 9: 2, 11: 1, 4: 15, 3: 29, 7: 5, 8: 1, 5: 5, 2: 33}",-0.8581326473057517
692,barabasi_albert,100,5,2,10,3.1254,4.0,3.0364452901377956,"{18: 1, 16: 1, 11: 2, 10: 1, 14: 1, 9: 4, 5: 12, 8: 1, 6: 3, 4: 11, 2: 43, 3: 18, 7: 2}",-0.8581326473057517
693,barabasi_albert,100,5,2,10,3.2448,4.0,2.7892651361962706,"{16: 1, 17: 1, 10: 1, 7: 4, 12: 1, 8: 3, 5: 8, 9: 3, 3: 22, 6: 6, 4: 12, 2: 38}",-0.8581326473057517
694,barabasi_albert,100,5,2,10,3.2692,4.0,2.630589287593181,"{10: 1, 15: 1, 12: 1, 9: 4, 14: 1, 4: 13, 6: 7, 11: 1, 5: 8, 2: 33, 3: 27, 7: 3}",-0.8581326473057517
695,barabasi_albert,100,5,2,10,3.3848,4.0,2.2978250586152114,"{11: 4, 10: 2, 6: 7, 7: 3, 9: 2, 4: 14, 5: 12, 3: 27, 2: 29}",-0.8581326473057517
696,barabasi_albert,100,5,2,10,3.2328,4.0,2.6832815729997477,"{8: 2, 12: 1, 11: 1, 18: 1, 7: 4, 10: 3, 4: 15, 9: 1, 6: 7, 3: 17, 5: 9, 2: 39}",-0.8581326473057517
697,barabasi_albert,100,5,2,10,3.3596,4.0,2.3832750575625967,"{9: 3, 13: 2, 11: 1, 10: 1, 8: 3, 5: 10, 7: 2, 6: 7, 4: 10, 2: 27, 3: 34}",-0.8581326473057517
698,barabasi_albert,100,5,2,10,3.2966,4.0,2.6229754097208002,"{9: 2, 12: 2, 10: 2, 13: 1, 14: 1, 6: 7, 4: 15, 5: 11, 3: 15, 8: 1, 2: 40, 7: 3}",-0.8581326473057517
699,barabasi_albert,100,5,2,10,3.2904,4.0,2.569046515733026,"{14: 1, 9: 2, 10: 4, 11: 2, 5: 6, 7: 3, 4: 15, 8: 3, 6: 5, 3: 23, 2: 36}",-0.8581326473057517
700,barabasi_albert,100,5,2,10,3.2716,4.0,2.824889378365107,"{16: 1, 10: 1, 18: 1, 13: 2, 5: 15, 7: 3, 3: 16, 9: 2, 6: 2, 4: 21, 2: 36}",-0.8581326473057517
701,barabasi_albert,100,5,2,10,3.1826,4.0,3.046309242345563,"{11: 1, 12: 1, 10: 1, 21: 1, 17: 1, 5: 8, 6: 5, 13: 1, 8: 2, 3: 22, 4: 20, 2: 35, 7: 2}",-0.8581326473057517
702,barabasi_albert,100,5,2,10,3.131,4.0,3.181194744117373,"{19: 1, 10: 3, 20: 1, 13: 1, 7: 3, 9: 1, 8: 5, 3: 21, 6: 4, 4: 13, 5: 5, 2: 42}",-0.8581326473057517
703,barabasi_albert,100,5,2,10,3.1244,4.0,3.1336879231984796,"{18: 1, 12: 2, 10: 2, 17: 1, 16: 1, 7: 3, 8: 1, 3: 23, 6: 5, 2: 39, 5: 6, 4: 15, 9: 1}",-0.8581326473057517
704,barabasi_albert,100,5,2,10,3.2082,4.0,2.839013913315678,"{14: 2, 15: 1, 8: 3, 11: 2, 9: 1, 5: 10, 3: 23, 7: 1, 10: 1, 12: 1, 2: 38, 4: 12, 6: 5}",-0.8581326473057517
705,barabasi_albert,100,5,2,10,3.2514,4.0,2.8530685235374214,"{8: 2, 14: 1, 16: 2, 12: 2, 4: 16, 7: 3, 5: 7, 6: 6, 3: 27, 2: 33, 11: 1}",-0.8581326473057517
706,barabasi_albert,100,5,2,10,3.2446,4.0,2.831960451701259,"{11: 2, 16: 1, 12: 1, 13: 1, 17: 1, 5: 19, 6: 6, 4: 10, 8: 2, 3: 19, 2: 38}",-0.8581326473057517
707,barabasi_albert,100,5,2,10,3.239,4.0,2.6608269391300143,"{10: 3, 14: 1, 12: 3, 9: 3, 6: 3, 7: 4, 3: 30, 5: 7, 4: 12, 2: 33, 8: 1}",-0.8581326473057517
708,barabasi_albert,100,5,2,10,3.3346,4.0,2.4657656011875906,"{9: 6, 17: 1, 10: 1, 8: 2, 6: 7, 5: 11, 7: 3, 3: 27, 4: 10, 2: 32}",-0.8581326473057517
709,barabasi_albert,100,5,2,10,3.2454,4.0,2.6608269391300143,"{16: 1, 13: 1, 10: 2, 5: 10, 12: 1, 6: 7, 8: 2, 11: 1, 7: 3, 4: 18, 9: 1, 3: 12, 2: 41}",-0.8581326473057517
710,barabasi_albert,100,5,2,10,3.252,4.0,2.6981475126464085,"{9: 2, 7: 6, 11: 1, 12: 1, 14: 1, 8: 4, 10: 2, 3: 21, 4: 11, 13: 1, 5: 9, 6: 1, 2: 40}",-0.8581326473057517
711,barabasi_albert,100,5,2,10,3.2102,4.0,2.821347195933177,"{7: 5, 14: 2, 15: 1, 12: 2, 9: 3, 8: 2, 6: 3, 3: 20, 5: 7, 4: 16, 2: 39}",-0.8581326473057517
712,barabasi_albert,100,5,2,10,3.2112,4.0,2.898275349237888,"{9: 3, 10: 2, 15: 1, 12: 1, 18: 1, 8: 2, 6: 6, 2: 41, 11: 1, 5: 7, 4: 15, 3: 18, 7: 2}",-0.8581326473057517
713,barabasi_albert,100,5,2,10,3.2632,4.0,2.6758176320519302,"{11: 1, 5: 12, 14: 1, 16: 1, 12: 1, 9: 2, 8: 2, 7: 3, 10: 1, 4: 12, 6: 7, 2: 39, 3: 18}",-0.8581326473057517
714,barabasi_albert,100,5,2,10,3.2282,4.0,2.745906043549196,"{9: 3, 18: 1, 8: 3, 10: 2, 16: 1, 5: 10, 6: 5, 4: 12, 3: 26, 7: 3, 2: 34}",-0.8581326473057517
715,barabasi_albert,100,5,2,10,3.2926,4.0,2.649528259898354,"{13: 1, 7: 7, 16: 1, 10: 1, 12: 2, 9: 1, 2: 38, 5: 9, 6: 7, 4: 12, 8: 1, 3: 20}",-0.8581326473057517
716,barabasi_albert,100,5,2,10,3.291,4.0,2.596150997149434,"{15: 2, 8: 3, 11: 1, 10: 3, 7: 6, 4: 17, 5: 11, 3: 22, 2: 34, 6: 1}",-0.8581326473057517
717,barabasi_albert,100,5,2,10,3.281,4.0,2.6870057685088806,"{15: 1, 8: 4, 9: 2, 13: 1, 16: 1, 12: 1, 5: 13, 7: 2, 3: 19, 2: 35, 4: 19, 6: 2}",-0.8581326473057517
718,barabasi_albert,100,5,2,10,3.138,4.0,3.059411708155671,"{12: 2, 13: 2, 18: 1, 15: 1, 11: 1, 5: 8, 3: 27, 10: 1, 6: 5, 4: 12, 8: 2, 2: 37, 7: 1}",-0.8581326473057517
719,barabasi_albert,100,5,2,10,3.1824,4.0,2.792848008753788,"{11: 3, 10: 1, 13: 1, 12: 1, 9: 6, 8: 3, 6: 7, 2: 46, 3: 19, 5: 5, 4: 6, 7: 2}",-0.8581326473057517
720,barabasi_albert,100,5,2,10,3.228,4.0,2.7092434368288134,"{13: 4, 10: 1, 6: 5, 5: 6, 4: 17, 7: 4, 9: 2, 3: 24, 11: 2, 2: 35}",-0.8581326473057517
721,barabasi_albert,100,5,2,10,3.234,4.0,2.6870057685088806,"{12: 1, 13: 2, 15: 1, 9: 3, 10: 2, 7: 3, 5: 6, 4: 13, 3: 27, 6: 8, 2: 34}",-0.8581326473057517
722,barabasi_albert,100,5,2,10,3.1174,4.0,3.146426544510455,"{12: 1, 8: 3, 22: 1, 11: 1, 16: 1, 9: 1, 6: 6, 7: 5, 10: 2, 4: 7, 5: 6, 3: 25, 2: 41}",-0.8581326473057517
723,barabasi_albert,100,5,2,10,3.1724,4.0,2.9359836511806394,"{17: 1, 12: 2, 16: 1, 13: 1, 6: 2, 8: 6, 5: 7, 9: 2, 3: 26, 4: 15, 7: 1, 2: 36}",-0.8581326473057517
724,barabasi_albert,100,5,2,10,3.2586,4.0,2.870540018881465,"{7: 6, 22: 1, 13: 1, 12: 1, 8: 1, 9: 2, 5: 7, 4: 18, 6: 5, 3: 23, 2: 34, 11: 1}",-0.8581326473057517
725,barabasi_albert,100,5,2,10,3.1302,4.0,2.95296461204668,"{13: 2, 12: 4, 9: 2, 8: 4, 6: 3, 7: 4, 11: 1, 3: 19, 5: 4, 4: 10, 10: 1, 2: 46}",-0.8581326473057517
726,barabasi_albert,100,5,2,10,3.311,4.0,2.4979991993593593,"{11: 2, 15: 1, 10: 1, 13: 1, 9: 2, 8: 2, 5: 13, 6: 10, 3: 29, 4: 8, 2: 31}",-0.8581326473057517
727,barabasi_albert,100,5,2,10,3.266,4.0,2.6267851073127395,"{10: 2, 14: 2, 12: 1, 6: 7, 11: 1, 5: 12, 9: 2, 8: 1, 7: 3, 3: 20, 4: 11, 2: 38}",-0.8581326473057517
728,barabasi_albert,100,5,2,10,3.1856,4.0,2.891366458960192,"{13: 1, 17: 1, 12: 2, 8: 2, 15: 1, 10: 1, 3: 25, 6: 8, 5: 3, 4: 14, 7: 4, 9: 1, 2: 37}",-0.8581326473057517
729,barabasi_albert,100,5,2,10,3.2488,4.0,2.745906043549196,"{12: 1, 17: 1, 13: 2, 9: 3, 8: 2, 10: 1, 5: 10, 6: 5, 2: 37, 4: 16, 7: 2, 3: 20}",-0.8581326473057517
730,barabasi_albert,100,5,2,10,3.3648,4.0,2.2847319317591723,"{13: 2, 9: 2, 8: 5, 3: 19, 7: 5, 5: 10, 4: 18, 6: 6, 2: 33}",-0.8581326473057517
731,barabasi_albert,100,5,2,10,3.2672,4.0,2.6343879744638983,"{9: 3, 15: 2, 12: 1, 8: 3, 3: 24, 10: 1, 4: 13, 5: 9, 7: 4, 6: 5, 2: 35}",-0.8581326473057517
732,barabasi_albert,100,5,2,10,3.2476,4.0,2.727636339397171,"{9: 2, 17: 1, 10: 2, 14: 1, 12: 1, 5: 8, 8: 2, 7: 3, 4: 20, 6: 3, 3: 21, 11: 1, 2: 35}",-0.8581326473057517
733,barabasi_albert,100,5,2,10,3.1492,4.0,3.0099833886584824,"{11: 2, 12: 1, 17: 1, 15: 1, 14: 1, 5: 11, 7: 2, 4: 10, 10: 1, 3: 22, 9: 3, 6: 3, 2: 41, 8: 1}",-0.8581326473057517
734,barabasi_albert,100,5,2,10,3.2038,4.0,2.821347195933177,"{11: 3, 14: 1, 7: 3, 18: 1, 8: 3, 4: 11, 10: 1, 5: 9, 9: 1, 3: 20, 6: 7, 2: 40}",-0.8581326473057517
735,barabasi_albert,100,5,2,10,3.1806,4.0,2.932575659723036,"{15: 1, 11: 1, 19: 1, 14: 1, 12: 1, 3: 28, 7: 5, 9: 2, 6: 8, 4: 11, 5: 6, 2: 35}",-0.8581326473057517
736,barabasi_albert,100,5,2,10,3.269,4.0,2.6570660511172846,"{13: 1, 8: 2, 14: 1, 11: 1, 10: 3, 6: 7, 12: 1, 9: 2, 4: 15, 5: 6, 2: 37, 3: 22, 7: 2}",-0.8581326473057517
737,barabasi_albert,100,5,2,10,3.268,4.0,2.7386127875258306,"{12: 2, 10: 1, 14: 2, 11: 2, 7: 4, 6: 6, 3: 27, 4: 14, 8: 2, 5: 4, 9: 1, 2: 35}",-0.8581326473057517
738,barabasi_albert,100,5,2,10,3.3368,4.0,2.3832750575625967,"{11: 3, 9: 4, 10: 2, 4: 22, 7: 3, 5: 9, 6: 2, 8: 3, 2: 35, 3: 17}",-0.8581326473057517
739,barabasi_albert,100,5,2,10,3.2182,4.0,2.727636339397171,"{11: 2, 14: 2, 10: 2, 6: 8, 4: 11, 7: 3, 9: 3, 8: 3, 5: 5, 2: 42, 3: 19}",-0.8581326473057517
740,barabasi_albert,100,5,2,10,3.2044,4.0,2.8635642126552705,"{13: 1, 8: 3, 15: 1, 12: 2, 14: 1, 11: 1, 7: 5, 5: 8, 4: 14, 6: 4, 10: 1, 2: 43, 3: 16}",-0.8581326473057517
741,barabasi_albert,100,5,2,10,3.1442,4.0,3.0099833886584824,"{11: 1, 13: 3, 16: 1, 9: 3, 8: 3, 10: 1, 5: 6, 4: 11, 3: 25, 6: 5, 2: 40, 14: 1}",-0.8581326473057517
742,barabasi_albert,100,5,2,10,3.3274,4.0,2.4413111231467406,"{11: 1, 9: 2, 10: 3, 7: 4, 13: 1, 12: 1, 6: 6, 5: 11, 3: 25, 4: 12, 2: 33, 8: 1}",-0.8581326473057517
743,barabasi_albert,100,5,2,10,3.221,4.0,2.8106938645110393,"{12: 3, 10: 1, 20: 1, 8: 2, 2: 36, 9: 2, 7: 2, 4: 9, 6: 6, 5: 14, 3: 24}",-0.8581326473057517
744,barabasi_albert,100,5,2,10,3.1988,4.0,2.7964262908219126,"{13: 3, 12: 2, 14: 1, 7: 5, 9: 2, 4: 15, 6: 7, 5: 7, 3: 17, 2: 41}",-0.8581326473057517
745,barabasi_albert,100,5,2,10,3.2206,4.0,2.814249455894058,"{16: 2, 8: 3, 12: 2, 10: 2, 9: 2, 7: 3, 4: 18, 5: 9, 3: 22, 6: 1, 2: 36}",-0.8581326473057517
746,barabasi_albert,100,5,2,10,3.2614,4.0,2.6832815729997477,"{10: 1, 11: 3, 12: 2, 16: 1, 5: 11, 7: 5, 6: 3, 2: 35, 4: 12, 8: 2, 3: 25}",-0.8581326473057517
747,barabasi_albert,100,5,2,10,3.1898,4.0,2.874021572639983,"{12: 3, 15: 1, 9: 2, 16: 1, 7: 1, 2: 41, 11: 1, 8: 1, 6: 3, 5: 16, 10: 1, 3: 17, 4: 12}",-0.8581326473057517
748,barabasi_albert,100,5,2,10,3.2912,4.0,2.7313000567495327,"{15: 1, 12: 1, 11: 1, 14: 1, 13: 1, 3: 28, 4: 11, 5: 10, 7: 4, 6: 3, 10: 1, 9: 1, 8: 3, 2: 34}",-0.8581326473057517
749,barabasi_albert,100,5,2,10,3.2666,4.0,2.649528259898354,"{13: 1, 9: 1, 11: 1, 12: 2, 15: 1, 7: 5, 6: 4, 8: 4, 4: 19, 3: 19, 5: 6, 2: 37}",-0.8581326473057517
750,barabasi_albert,100,5,2,10,3.2574,4.0,2.8284271247461903,"{13: 1, 19: 1, 10: 1, 16: 1, 8: 1, 9: 3, 7: 4, 4: 12, 5: 14, 6: 3, 3: 25, 2: 34}",-0.8581326473057517
751,barabasi_albert,100,5,2,10,3.3322,4.0,2.615339366124404,"{11: 1, 15: 1, 14: 1, 9: 3, 10: 1, 5: 6, 6: 5, 4: 13, 12: 1, 7: 5, 3: 32, 8: 1, 2: 30}",-0.8581326473057517
752,barabasi_albert,100,5,2,10,3.1776,4.0,2.973213749463701,"{11: 1, 12: 2, 20: 1, 16: 1, 10: 2, 4: 19, 7: 4, 8: 1, 6: 4, 5: 6, 3: 25, 2: 34}",-0.8581326473057517
753,barabasi_albert,100,5,2,10,3.1406,4.0,3.023243291566195,"{7: 5, 11: 1, 10: 2, 17: 2, 9: 2, 5: 10, 2: 41, 16: 1, 3: 18, 4: 15, 8: 1, 6: 2}",-0.8581326473057517
754,barabasi_albert,100,5,2,10,3.2202,4.0,2.835489375751565,"{10: 1, 13: 1, 17: 1, 16: 1, 9: 1, 8: 4, 7: 4, 12: 1, 5: 10, 4: 15, 6: 2, 2: 36, 3: 23}",-0.8581326473057517
755,barabasi_albert,100,5,2,10,3.3062,4.0,2.619160170741759,"{6: 4, 15: 2, 13: 1, 8: 2, 4: 15, 10: 2, 3: 21, 5: 12, 7: 5, 2: 35, 9: 1}",-0.8581326473057517
756,barabasi_albert,100,5,2,10,3.2534,4.0,2.6645825188948455,"{12: 3, 10: 4, 13: 1, 7: 7, 6: 4, 8: 2, 5: 6, 4: 11, 3: 24, 2: 38}",-0.8581326473057517
757,barabasi_albert,100,5,2,10,3.2154,4.0,2.694438717061496,"{11: 2, 10: 1, 13: 1, 14: 1, 5: 10, 7: 5, 4: 9, 6: 6, 9: 2, 8: 2, 12: 1, 3: 18, 2: 42}",-0.8581326473057517
758,barabasi_albert,100,5,2,10,3.222,4.0,2.817800560721074,"{16: 2, 10: 2, 12: 2, 5: 6, 9: 3, 8: 1, 4: 17, 6: 6, 3: 23, 2: 36, 7: 2}",-0.8581326473057517
759,barabasi_albert,100,5,2,10,3.3658,4.0,2.3622023622035435,"{8: 7, 10: 1, 13: 1, 11: 1, 12: 1, 5: 11, 6: 1, 7: 5, 4: 21, 2: 35, 3: 16}",-0.8581326473057517
760,barabasi_albert,100,5,2,10,3.29,4.0,2.5219040425836985,"{9: 4, 11: 2, 16: 1, 8: 3, 5: 8, 7: 4, 4: 16, 6: 3, 10: 1, 3: 26, 2: 32}",-0.8581326473057517
761,barabasi_albert,100,5,2,10,3.2638,4.0,2.588435821108957,"{9: 3, 16: 1, 15: 1, 10: 3, 6: 3, 8: 2, 5: 11, 7: 2, 4: 18, 2: 31, 3: 25}",-0.8581326473057517
762,barabasi_albert,100,5,2,10,3.3316,4.0,2.293468988235943,"{8: 4, 13: 1, 6: 8, 11: 2, 9: 1, 7: 6, 5: 13, 4: 8, 2: 34, 3: 23}",-0.8581326473057517
763,barabasi_albert,100,5,2,10,3.22,4.0,2.7422618401604177,"{8: 4, 12: 2, 13: 1, 18: 1, 5: 9, 9: 2, 6: 5, 7: 4, 4: 12, 3: 24, 2: 36}",-0.8581326473057517
764,barabasi_albert,100,5,2,10,3.2514,4.0,2.8635642126552705,"{19: 1, 9: 3, 16: 1, 12: 1, 10: 2, 7: 3, 3: 23, 6: 5, 4: 14, 5: 10, 8: 1, 2: 36}",-0.8581326473057517
765,barabasi_albert,100,5,2,10,3.137,4.0,2.9086079144497976,"{13: 1, 17: 1, 16: 1, 8: 4, 12: 1, 5: 7, 7: 4, 10: 2, 6: 3, 4: 11, 2: 36, 9: 1, 3: 28}",-0.8581326473057517
766,barabasi_albert,100,5,2,10,3.2802,4.0,2.569046515733026,"{8: 5, 15: 1, 11: 2, 10: 2, 5: 5, 7: 5, 9: 1, 4: 15, 2: 42, 6: 8, 3: 14}",-0.8581326473057517
767,barabasi_albert,100,5,2,10,3.1266,4.0,3.1336879231984796,"{16: 1, 13: 1, 17: 1, 12: 3, 7: 2, 10: 2, 3: 19, 8: 2, 5: 10, 11: 1, 6: 4, 4: 9, 2: 45}",-0.8581326473057517
768,barabasi_albert,100,5,2,10,3.2482,4.0,2.541653005427767,"{12: 1, 10: 3, 13: 2, 7: 4, 6: 6, 5: 10, 8: 3, 4: 12, 2: 37, 9: 1, 3: 21}",-0.8581326473057517
769,barabasi_albert,100,5,2,10,3.29,4.0,2.6532998322843198,"{10: 2, 14: 2, 7: 4, 17: 1, 6: 6, 5: 11, 9: 1, 4: 14, 8: 1, 3: 27, 2: 31}",-0.8581326473057517
770,barabasi_albert,100,5,2,10,3.217,4.0,2.8284271247461903,"{17: 1, 11: 1, 14: 1, 9: 2, 15: 1, 12: 1, 4: 11, 6: 6, 7: 6, 3: 30, 2: 33, 5: 7}",-0.8581326473057517
771,barabasi_albert,100,5,2,10,3.21,4.0,3.0298514815086235,"{19: 1, 14: 2, 10: 2, 11: 2, 3: 24, 4: 14, 6: 4, 9: 1, 5: 8, 7: 2, 12: 1, 2: 38, 8: 1}",-0.8581326473057517
772,barabasi_albert,100,5,2,10,3.2888,4.0,2.5019992006393608,"{10: 3, 9: 1, 8: 6, 11: 1, 14: 1, 7: 7, 6: 2, 5: 9, 3: 28, 2: 35, 4: 7}",-0.8581326473057517
773,barabasi_albert,100,5,2,10,3.2514,4.0,2.7386127875258306,"{14: 1, 10: 2, 7: 5, 13: 1, 17: 1, 4: 14, 6: 6, 9: 1, 5: 9, 8: 3, 2: 40, 3: 17}",-0.8581326473057517
774,barabasi_albert,100,5,2,10,3.2516,4.0,2.5612496949731396,"{10: 2, 11: 2, 12: 1, 13: 1, 9: 3, 8: 2, 5: 8, 7: 4, 6: 5, 3: 22, 4: 13, 2: 37}",-0.8581326473057517
775,barabasi_albert,100,5,2,10,3.188,4.0,2.814249455894058,"{10: 4, 16: 1, 11: 1, 14: 1, 13: 1, 6: 5, 4: 16, 3: 21, 8: 3, 5: 8, 9: 1, 2: 38}",-0.8581326473057517
776,barabasi_albert,100,5,2,10,3.2234,4.0,2.6076809620810595,"{10: 3, 12: 1, 5: 12, 18: 1, 6: 7, 11: 1, 7: 2, 8: 3, 3: 25, 2: 33, 4: 12}",-0.8581326473057517
777,barabasi_albert,100,5,2,10,3.1556,4.0,2.90516780926679,"{6: 4, 13: 2, 9: 3, 20: 1, 11: 1, 8: 3, 10: 1, 5: 9, 7: 2, 4: 16, 3: 19, 2: 39}",-0.8581326473057517
778,barabasi_albert,100,5,2,10,3.2422,4.0,2.649528259898354,"{11: 1, 13: 3, 10: 2, 9: 3, 4: 14, 6: 6, 8: 2, 5: 7, 3: 21, 7: 3, 2: 38}",-0.8581326473057517
779,barabasi_albert,100,5,2,10,3.2676,4.0,2.6608269391300143,"{9: 4, 8: 2, 17: 1, 12: 2, 10: 1, 6: 7, 4: 11, 2: 37, 7: 4, 3: 23, 5: 8}",-0.8581326473057517
780,barabasi_albert,100,5,2,10,3.334,4.0,2.4576411454889016,"{10: 2, 9: 5, 12: 1, 8: 4, 13: 1, 6: 4, 4: 16, 5: 7, 3: 25, 2: 33, 7: 2}",-0.8581326473057517
781,barabasi_albert,100,5,2,10,3.233,4.0,2.8035691537752374,"{7: 4, 16: 2, 13: 2, 8: 5, 9: 2, 4: 17, 5: 7, 3: 27, 6: 1, 2: 33}",-0.8581326473057517
782,barabasi_albert,100,5,2,10,3.2436,4.0,2.760434748368452,"{19: 1, 14: 1, 11: 2, 5: 8, 10: 1, 8: 2, 4: 17, 7: 3, 9: 2, 6: 6, 2: 35, 3: 22}",-0.8581326473057517
783,barabasi_albert,100,5,2,10,3.2226,4.0,2.8530685235374214,"{13: 1, 14: 1, 11: 1, 15: 2, 3: 26, 5: 13, 2: 35, 6: 5, 12: 1, 4: 11, 7: 2, 10: 1, 9: 1}",-0.8581326473057517
784,barabasi_albert,100,5,2,10,3.2618,4.0,2.584569596664017,"{11: 2, 13: 2, 14: 1, 9: 1, 7: 4, 5: 7, 8: 2, 6: 5, 10: 1, 4: 16, 3: 28, 2: 31}",-0.8581326473057517
785,barabasi_albert,100,5,2,10,3.1858,4.0,2.9664793948382653,"{18: 1, 10: 1, 16: 1, 9: 2, 15: 1, 7: 7, 8: 1, 12: 1, 6: 2, 5: 10, 4: 9, 3: 28, 2: 36}",-0.8581326473057517
786,barabasi_albert,100,5,2,10,3.227,4.0,2.824889378365107,"{16: 1, 13: 1, 11: 1, 17: 1, 6: 8, 5: 8, 4: 11, 7: 5, 8: 2, 3: 21, 10: 1, 9: 1, 2: 39}",-0.8581326473057517
787,barabasi_albert,100,5,2,10,3.2242,4.0,2.753179979587241,"{15: 1, 8: 2, 17: 1, 10: 5, 4: 10, 5: 10, 6: 6, 7: 5, 2: 39, 3: 21}",-0.8581326473057517
788,barabasi_albert,100,5,2,10,3.2426,4.0,2.649528259898354,"{5: 13, 15: 1, 13: 3, 8: 5, 4: 14, 7: 2, 11: 1, 6: 4, 3: 22, 2: 35}",-0.8581326473057517
789,barabasi_albert,100,5,2,10,3.2348,4.0,2.705549851693737,"{11: 4, 13: 1, 12: 1, 14: 1, 6: 6, 8: 3, 7: 1, 2: 36, 10: 1, 4: 16, 3: 23, 5: 7}",-0.8581326473057517
790,barabasi_albert,100,5,2,10,3.2912,4.0,2.588435821108957,"{10: 1, 12: 2, 16: 1, 9: 2, 6: 6, 7: 7, 8: 3, 4: 12, 5: 7, 2: 37, 3: 22}",-0.8581326473057517
791,barabasi_albert,100,5,2,10,3.322,4.0,2.4576411454889016,"{10: 2, 11: 1, 12: 1, 15: 1, 7: 6, 5: 9, 8: 1, 6: 8, 4: 16, 9: 1, 3: 18, 2: 36}",-0.8581326473057517
792,barabasi_albert,100,5,2,10,3.291,4.0,2.649528259898354,"{11: 1, 17: 1, 10: 2, 8: 3, 5: 10, 7: 2, 9: 2, 14: 1, 6: 6, 4: 15, 2: 35, 3: 22}",-0.8581326473057517
793,barabasi_albert,100,5,2,10,3.2118,4.0,2.9017236257093817,"{7: 5, 12: 1, 11: 2, 21: 1, 13: 1, 9: 2, 5: 10, 8: 1, 3: 25, 4: 11, 6: 5, 2: 36}",-0.8581326473057517
794,barabasi_albert,100,5,2,10,3.3228,4.0,2.5298221281347035,"{15: 1, 10: 2, 11: 2, 13: 1, 5: 10, 8: 1, 3: 23, 9: 1, 6: 10, 4: 13, 7: 2, 2: 34}",-0.8581326473057517
795,barabasi_albert,100,5,2,10,3.212,4.0,2.6981475126464085,"{11: 1, 6: 5, 10: 1, 14: 1, 15: 1, 7: 5, 8: 3, 9: 2, 13: 1, 4: 16, 3: 20, 5: 6, 2: 38}",-0.8581326473057517
796,barabasi_albert,100,5,2,10,3.2728,4.0,2.716615541441225,"{14: 1, 12: 1, 8: 3, 13: 1, 15: 1, 6: 6, 11: 1, 7: 6, 3: 27, 9: 1, 5: 5, 4: 12, 2: 35}",-0.8581326473057517
797,barabasi_albert,100,5,2,10,3.1882,4.0,2.8284271247461903,"{10: 3, 21: 1, 8: 4, 13: 1, 9: 2, 5: 8, 4: 14, 2: 34, 7: 2, 6: 5, 3: 26}",-0.8581326473057517
798,barabasi_albert,100,5,2,10,3.2938,4.0,2.6076809620810595,"{9: 1, 13: 1, 10: 4, 14: 1, 6: 5, 12: 1, 7: 3, 8: 3, 4: 12, 3: 27, 5: 8, 2: 34}",-0.8581326473057517
799,barabasi_albert,100,5,2,10,3.2712,4.0,2.5179356624028344,"{11: 1, 10: 2, 12: 2, 8: 5, 7: 5, 9: 2, 5: 8, 3: 22, 6: 6, 4: 8, 2: 39}",-0.8581326473057517
800,barabasi_albert,100,5,2,10,3.2346,4.0,2.6645825188948455,"{12: 1, 13: 2, 10: 2, 6: 4, 17: 1, 7: 2, 8: 2, 5: 16, 3: 17, 4: 17, 2: 36}",-0.8581326473057517
801,barabasi_albert,100,5,2,10,3.2432,4.0,2.6,"{12: 1, 14: 2, 9: 1, 10: 2, 6: 8, 8: 2, 11: 1, 3: 22, 4: 13, 7: 3, 2: 36, 5: 9}",-0.8581326473057517
802,barabasi_albert,100,5,2,10,3.1426,4.0,3.0789608636681307,"{20: 1, 11: 2, 16: 1, 12: 1, 14: 1, 10: 1, 4: 12, 3: 27, 2: 36, 6: 2, 7: 5, 8: 1, 5: 10}",-0.8581326473057517
803,barabasi_albert,100,5,2,10,3.2358,4.0,2.705549851693737,"{13: 2, 11: 1, 12: 1, 15: 1, 6: 4, 7: 6, 9: 2, 2: 39, 4: 14, 5: 9, 3: 19, 8: 2}",-0.8581326473057517
804,barabasi_albert,100,5,2,10,3.2524,4.0,2.569046515733026,"{10: 4, 7: 8, 14: 2, 5: 9, 6: 6, 9: 1, 8: 1, 3: 26, 2: 36, 4: 7}",-0.8581326473057517
805,barabasi_albert,100,5,2,10,3.1914,4.0,2.824889378365107,"{8: 5, 14: 1, 12: 1, 17: 1, 10: 2, 4: 16, 9: 1, 6: 8, 7: 1, 3: 11, 11: 1, 5: 7, 2: 45}",-0.8581326473057517
806,barabasi_albert,100,5,2,10,3.211,4.0,2.8844410203711917,"{11: 2, 16: 2, 14: 1, 8: 1, 12: 1, 9: 1, 5: 11, 7: 4, 6: 5, 4: 12, 3: 22, 2: 38}",-0.8581326473057517
807,barabasi_albert,100,5,2,10,3.1336,4.0,2.8879058156387303,"{11: 2, 10: 2, 7: 1, 14: 3, 8: 3, 9: 1, 2: 39, 13: 1, 5: 10, 4: 12, 6: 3, 3: 23}",-0.8581326473057517
808,barabasi_albert,100,5,2,10,3.191,4.0,2.7892651361962706,"{10: 3, 6: 6, 9: 1, 18: 1, 11: 3, 5: 6, 7: 3, 8: 4, 3: 21, 4: 12, 2: 40}",-0.8581326473057517
809,barabasi_albert,100,5,2,10,3.1716,4.0,2.9427877939124323,"{11: 2, 12: 2, 9: 1, 15: 1, 8: 2, 14: 1, 5: 9, 7: 2, 6: 4, 4: 14, 16: 1, 3: 23, 2: 38}",-0.8581326473057517
810,barabasi_albert,100,5,2,10,3.1972,4.0,2.817800560721074,"{11: 3, 15: 1, 14: 1, 9: 2, 8: 3, 12: 1, 6: 5, 10: 1, 4: 11, 2: 40, 3: 22, 5: 8, 7: 2}",-0.8581326473057517
811,barabasi_albert,100,5,2,10,3.2644,4.0,2.6981475126464085,"{13: 1, 14: 2, 5: 9, 7: 4, 6: 6, 10: 3, 8: 4, 3: 21, 4: 9, 2: 40, 9: 1}",-0.8581326473057517
812,barabasi_albert,100,5,2,10,3.2888,4.0,2.615339366124404,"{7: 5, 10: 4, 8: 3, 15: 1, 4: 16, 14: 1, 11: 1, 3: 24, 5: 9, 6: 2, 2: 34}",-0.8581326473057517
813,barabasi_albert,100,5,2,10,3.2476,4.0,2.6,"{11: 1, 8: 2, 12: 1, 14: 2, 7: 4, 4: 10, 9: 2, 5: 13, 6: 6, 3: 20, 10: 1, 2: 38}",-0.8581326473057517
814,barabasi_albert,100,5,2,10,3.1534,4.0,3.026549190084311,"{22: 1, 12: 3, 9: 1, 6: 9, 13: 1, 7: 4, 5: 7, 2: 41, 8: 2, 4: 12, 3: 19}",-0.8581326473057517
815,barabasi_albert,100,5,2,10,3.1284,4.0,3.0430248109405875,"{18: 2, 11: 1, 12: 1, 9: 2, 8: 4, 7: 2, 4: 7, 6: 7, 10: 2, 3: 28, 5: 5, 2: 39}",-0.8581326473057517
816,barabasi_albert,100,5,2,10,3.2002,4.0,2.8106938645110393,"{11: 3, 9: 1, 14: 1, 13: 1, 10: 1, 3: 24, 7: 7, 15: 1, 6: 3, 5: 9, 4: 9, 2: 39, 8: 1}",-0.8581326473057517
817,barabasi_albert,100,5,2,10,3.2998,4.0,2.553429066960741,"{10: 1, 7: 3, 15: 1, 13: 1, 11: 2, 12: 1, 5: 18, 9: 1, 6: 5, 3: 18, 4: 13, 2: 36}",-0.8581326473057517
818,barabasi_albert,100,5,2,10,3.2046,4.0,2.8530685235374214,"{10: 2, 15: 1, 14: 3, 4: 16, 8: 2, 7: 3, 6: 3, 2: 36, 9: 1, 5: 8, 3: 24, 11: 1}",-0.8581326473057517
819,barabasi_albert,100,5,2,10,3.2472,4.0,2.6267851073127395,"{12: 1, 10: 5, 13: 2, 9: 2, 7: 4, 6: 4, 5: 10, 4: 14, 3: 20, 2: 38}",-0.8581326473057517
820,barabasi_albert,100,5,2,10,3.2214,4.0,2.8879058156387303,"{21: 1, 9: 1, 7: 5, 12: 1, 6: 8, 5: 7, 16: 1, 8: 2, 10: 1, 4: 12, 3: 28, 2: 33}",-0.8581326473057517
821,barabasi_albert,100,5,2,10,3.2756,4.0,2.5059928172283334,"{11: 2, 7: 7, 10: 2, 9: 1, 12: 2, 8: 3, 3: 21, 4: 15, 6: 5, 5: 5, 2: 37}",-0.8581326473057517
822,barabasi_albert,100,5,2,10,3.2198,4.0,2.842534080710379,"{12: 1, 10: 1, 8: 5, 17: 1, 16: 1, 6: 7, 9: 2, 5: 10, 7: 4, 2: 43, 3: 19, 4: 6}",-0.8581326473057517
823,barabasi_albert,100,5,2,10,3.2264,4.0,2.7386127875258306,"{5: 6, 13: 2, 14: 2, 12: 1, 8: 1, 9: 1, 4: 22, 11: 2, 3: 26, 6: 5, 7: 1, 2: 31}",-0.8581326473057517
824,barabasi_albert,100,5,2,10,3.2616,4.0,2.694438717061496,"{10: 3, 11: 2, 15: 1, 12: 2, 3: 31, 9: 2, 7: 3, 5: 7, 6: 3, 4: 13, 8: 1, 2: 32}",-0.8581326473057517
825,barabasi_albert,100,5,2,10,3.226,4.0,2.756809750418044,"{13: 2, 14: 1, 12: 1, 8: 4, 11: 1, 5: 11, 6: 4, 10: 2, 7: 4, 4: 10, 2: 42, 3: 18}",-0.8581326473057517
826,barabasi_albert,100,5,2,10,3.2184,4.0,2.870540018881465,"{5: 11, 12: 1, 15: 1, 10: 1, 18: 1, 4: 13, 6: 10, 13: 2, 2: 37, 8: 1, 3: 21, 7: 1}",-0.8581326473057517
827,barabasi_albert,100,5,2,10,3.2712,4.0,2.6981475126464085,"{12: 1, 10: 1, 17: 1, 11: 3, 6: 9, 5: 4, 7: 6, 8: 1, 4: 16, 2: 40, 3: 17, 9: 1}",-0.8581326473057517
828,barabasi_albert,100,5,2,10,3.2046,4.0,2.894822965226026,"{9: 2, 11: 2, 21: 1, 8: 6, 5: 9, 10: 1, 2: 45, 6: 3, 7: 6, 4: 11, 3: 14}",-0.8581326473057517
829,barabasi_albert,100,5,2,10,3.267,4.0,2.649528259898354,"{11: 3, 12: 2, 13: 1, 4: 16, 6: 9, 2: 41, 9: 3, 8: 2, 3: 16, 7: 2, 5: 5}",-0.8581326473057517
830,barabasi_albert,100,5,2,10,3.2086,4.0,2.7676705006196096,"{8: 4, 10: 4, 20: 1, 11: 1, 7: 3, 6: 5, 4: 14, 5: 9, 3: 20, 9: 1, 2: 38}",-0.8581326473057517
831,barabasi_albert,100,5,2,10,3.1908,4.0,2.842534080710379,"{7: 4, 11: 4, 19: 1, 8: 3, 4: 15, 12: 1, 3: 18, 6: 4, 5: 9, 10: 1, 2: 40}",-0.8581326473057517
832,barabasi_albert,100,5,2,10,3.134,4.0,3.117691453623979,"{12: 1, 15: 1, 20: 1, 9: 2, 16: 1, 5: 10, 11: 1, 7: 4, 6: 3, 10: 1, 4: 10, 2: 38, 3: 26, 8: 1}",-0.8581326473057517
833,barabasi_albert,100,5,2,10,3.1402,4.0,3.0364452901377956,"{14: 1, 9: 1, 13: 2, 17: 1, 19: 1, 5: 12, 7: 2, 4: 13, 3: 27, 8: 2, 2: 34, 6: 4}",-0.8581326473057517
834,barabasi_albert,100,5,2,10,3.3234,4.0,2.4819347291981715,"{11: 2, 14: 1, 8: 6, 10: 3, 6: 2, 4: 22, 7: 5, 5: 4, 2: 34, 3: 21}",-0.8581326473057517
835,barabasi_albert,100,5,2,10,3.2856,4.0,2.592296279363144,"{13: 1, 7: 5, 15: 2, 9: 2, 8: 1, 6: 5, 5: 14, 10: 1, 4: 18, 2: 39, 3: 12}",-0.8581326473057517
836,barabasi_albert,100,5,2,10,3.299,4.0,2.6,"{7: 6, 8: 4, 15: 1, 12: 2, 9: 1, 10: 2, 6: 7, 5: 6, 2: 40, 4: 13, 3: 18}",-0.8581326473057517
837,barabasi_albert,100,5,2,10,3.1934,4.0,2.946183972531247,"{12: 2, 14: 1, 9: 2, 13: 2, 8: 5, 7: 3, 6: 6, 11: 1, 4: 12, 3: 13, 5: 3, 10: 1, 2: 49}",-0.8581326473057517
838,barabasi_albert,100,5,2,10,3.257,4.0,2.716615541441225,"{12: 3, 11: 1, 10: 1, 18: 1, 6: 5, 7: 6, 5: 17, 4: 9, 2: 39, 3: 18}",-0.8581326473057517
839,barabasi_albert,100,5,2,10,3.1548,4.0,3.0133038346638727,"{9: 3, 10: 1, 18: 1, 19: 1, 12: 1, 7: 2, 4: 13, 11: 1, 6: 7, 8: 1, 5: 12, 3: 13, 2: 44}",-0.8581326473057517
840,barabasi_albert,100,5,2,10,3.2844,4.0,2.6115129714401193,"{13: 2, 7: 4, 16: 1, 11: 1, 6: 10, 4: 21, 5: 4, 2: 35, 10: 2, 3: 19, 8: 1}",-0.8581326473057517
841,barabasi_albert,100,5,2,10,3.3064,4.0,2.4899799195977463,"{6: 8, 13: 1, 9: 1, 14: 1, 8: 3, 5: 10, 4: 15, 7: 3, 11: 2, 10: 1, 3: 19, 2: 36}",-0.8581326473057517
842,barabasi_albert,100,5,2,10,3.236,4.0,2.760434748368452,"{17: 1, 10: 2, 14: 1, 8: 4, 6: 6, 5: 7, 7: 2, 11: 1, 4: 15, 3: 22, 9: 1, 12: 1, 2: 37}",-0.8581326473057517
843,barabasi_albert,100,5,2,10,3.2342,4.0,2.6870057685088806,"{11: 2, 10: 3, 12: 2, 6: 3, 15: 1, 4: 12, 8: 2, 5: 9, 7: 5, 3: 25, 2: 36}",-0.8581326473057517
844,barabasi_albert,100,5,2,10,3.1264,4.0,2.9832867780352594,"{14: 2, 11: 2, 12: 2, 6: 4, 5: 8, 4: 14, 9: 3, 16: 1, 8: 1, 7: 2, 3: 19, 2: 42}",-0.8581326473057517
845,barabasi_albert,100,5,2,10,3.24,4.0,2.80713376952364,"{10: 3, 13: 2, 16: 1, 6: 5, 12: 1, 4: 14, 9: 2, 5: 6, 3: 23, 7: 3, 8: 2, 2: 38}",-0.8581326473057517
846,barabasi_albert,100,5,2,10,3.2812,4.0,2.723967694375247,"{14: 2, 16: 1, 10: 1, 9: 1, 7: 5, 11: 2, 3: 25, 5: 9, 6: 6, 4: 14, 2: 34}",-0.8581326473057517
847,barabasi_albert,100,5,2,10,3.178,4.0,2.932575659723036,"{8: 5, 10: 2, 17: 1, 19: 1, 9: 1, 6: 6, 11: 1, 4: 14, 5: 7, 7: 3, 3: 18, 2: 41}",-0.8581326473057517
848,barabasi_albert,100,5,2,10,3.3506,4.0,2.3579652245103193,"{12: 1, 8: 5, 10: 1, 13: 1, 11: 1, 4: 13, 7: 3, 6: 8, 3: 25, 5: 9, 9: 1, 2: 32}",-0.8581326473057517
849,barabasi_albert,100,5,2,10,3.206,4.0,2.8600699292150185,"{9: 3, 8: 3, 16: 1, 12: 1, 15: 1, 14: 1, 7: 3, 4: 15, 2: 39, 6: 5, 10: 1, 5: 6, 3: 21}",-0.8581326473057517
850,barabasi_albert,100,5,2,10,3.228,4.0,2.7313000567495327,"{11: 3, 14: 1, 15: 1, 10: 2, 8: 5, 4: 12, 6: 10, 5: 6, 2: 40, 3: 20}",-0.8581326473057517
851,barabasi_albert,100,5,2,10,3.2446,4.0,2.749545416973504,"{12: 1, 11: 2, 9: 5, 18: 1, 4: 13, 5: 10, 10: 1, 7: 2, 8: 1, 6: 5, 3: 21, 2: 38}",-0.8581326473057517
852,barabasi_albert,100,5,2,10,3.2228,4.0,2.8284271247461903,"{11: 2, 13: 1, 14: 1, 16: 1, 10: 1, 9: 1, 2: 41, 7: 4, 5: 7, 4: 22, 12: 1, 8: 1, 3: 13, 6: 4}",-0.8581326473057517
853,barabasi_albert,100,5,2,10,3.2088,4.0,2.753179979587241,"{15: 2, 9: 4, 14: 1, 12: 1, 5: 8, 3: 26, 8: 3, 7: 2, 4: 15, 6: 4, 2: 34}",-0.8581326473057517
854,barabasi_albert,100,5,2,10,3.247,4.0,2.6720778431774774,"{14: 1, 12: 1, 13: 2, 11: 1, 10: 1, 6: 9, 3: 22, 9: 1, 7: 3, 5: 9, 4: 10, 2: 38, 8: 2}",-0.8581326473057517
855,barabasi_albert,100,5,2,10,3.1666,4.0,2.7892651361962706,"{9: 2, 12: 1, 7: 5, 14: 1, 17: 1, 5: 5, 3: 25, 10: 2, 6: 4, 8: 5, 2: 38, 4: 11}",-0.8581326473057517
856,barabasi_albert,100,5,2,10,3.286,4.0,2.7820855486487113,"{10: 2, 17: 1, 11: 3, 12: 2, 5: 11, 6: 5, 9: 1, 7: 3, 4: 14, 2: 39, 3: 19}",-0.8581326473057517
857,barabasi_albert,100,5,2,10,3.2934,4.0,2.6038433132583076,"{8: 5, 11: 1, 10: 2, 15: 1, 16: 1, 7: 4, 4: 18, 5: 9, 6: 3, 3: 23, 2: 33}",-0.8581326473057517
858,barabasi_albert,100,5,2,10,3.3304,4.0,2.5729360660537215,"{14: 1, 9: 3, 5: 13, 13: 1, 10: 2, 7: 5, 12: 1, 4: 15, 3: 16, 8: 2, 6: 2, 2: 39}",-0.8581326473057517
859,barabasi_albert,100,5,2,10,3.3006,4.0,2.705549851693737,"{14: 1, 16: 1, 15: 1, 11: 1, 6: 9, 4: 13, 8: 5, 5: 11, 3: 17, 7: 2, 2: 39}",-0.8581326473057517
860,barabasi_albert,100,5,2,10,3.2318,4.0,2.8495613697550013,"{11: 2, 19: 1, 10: 3, 15: 1, 8: 2, 6: 7, 5: 11, 7: 2, 3: 23, 4: 11, 2: 37}",-0.8581326473057517
861,barabasi_albert,100,5,2,10,3.2384,4.0,2.727636339397171,"{13: 3, 9: 3, 17: 1, 4: 17, 8: 4, 5: 8, 7: 2, 3: 27, 6: 3, 2: 32}",-0.8581326473057517
862,barabasi_albert,100,5,2,10,3.2872,4.0,2.6608269391300143,"{9: 1, 15: 2, 10: 2, 12: 1, 5: 9, 11: 1, 4: 15, 6: 8, 7: 5, 3: 18, 2: 38}",-0.8581326473057517
863,barabasi_albert,100,5,2,10,3.18,4.0,2.7820855486487113,"{13: 2, 12: 2, 11: 3, 6: 5, 9: 3, 7: 2, 4: 9, 5: 9, 8: 2, 3: 23, 2: 40}",-0.8581326473057517
864,barabasi_albert,100,5,2,10,3.2144,4.0,2.760434748368452,"{14: 2, 12: 3, 6: 4, 7: 3, 8: 2, 10: 1, 5: 10, 13: 1, 2: 37, 4: 17, 3: 20}",-0.8581326473057517
865,barabasi_albert,100,5,2,10,3.2468,4.0,2.584569596664017,"{11: 4, 10: 1, 16: 1, 7: 3, 6: 5, 8: 3, 5: 10, 9: 1, 2: 35, 4: 15, 3: 22}",-0.8581326473057517
866,barabasi_albert,100,5,2,10,3.2542,4.0,2.6381811916545836,"{11: 1, 12: 1, 7: 5, 16: 1, 14: 1, 8: 4, 6: 2, 9: 2, 5: 8, 4: 22, 3: 16, 2: 37}",-0.8581326473057517
867,barabasi_albert,100,5,2,10,3.2022,4.0,2.6683328128252666,"{8: 2, 14: 1, 15: 1, 11: 1, 7: 4, 5: 6, 6: 2, 10: 2, 3: 27, 9: 5, 4: 15, 2: 34}",-0.8581326473057517
868,barabasi_albert,100,5,2,10,3.239,4.0,2.7202941017470885,"{11: 2, 12: 3, 15: 1, 8: 4, 5: 12, 6: 4, 4: 16, 2: 40, 10: 1, 9: 1, 3: 16}",-0.8581326473057517
869,barabasi_albert,100,5,2,10,3.2906,4.0,2.778488797889961,"{17: 1, 9: 2, 11: 3, 16: 1, 6: 6, 10: 1, 4: 22, 8: 2, 5: 8, 3: 18, 2: 36}",-0.8581326473057517
870,barabasi_albert,100,5,2,10,3.1568,4.0,2.9765752132274432,"{11: 2, 7: 4, 14: 1, 13: 2, 15: 1, 16: 1, 4: 17, 5: 8, 6: 4, 3: 20, 9: 1, 2: 39}",-0.8581326473057517
871,barabasi_albert,100,5,2,10,3.19,4.0,3.0724582991474434,"{17: 2, 12: 2, 15: 1, 10: 2, 5: 6, 8: 1, 4: 14, 3: 22, 6: 5, 2: 40, 7: 4, 9: 1}",-0.8581326473057517
872,barabasi_albert,100,5,2,10,3.2546,4.0,2.6457513110645907,"{13: 3, 10: 1, 8: 3, 12: 1, 9: 2, 4: 16, 6: 6, 5: 9, 11: 1, 7: 1, 3: 20, 2: 37}",-0.8581326473057517
873,barabasi_albert,100,5,2,10,3.1768,4.0,2.9154759474226504,"{8: 3, 11: 1, 18: 1, 12: 3, 5: 7, 7: 5, 10: 1, 6: 4, 3: 24, 13: 1, 4: 11, 2: 39}",-0.8581326473057517
874,barabasi_albert,100,5,2,10,3.291,4.0,2.4819347291981715,"{11: 1, 9: 2, 12: 1, 8: 7, 13: 1, 3: 24, 5: 6, 10: 1, 7: 2, 4: 11, 6: 8, 2: 36}",-0.8581326473057517
875,barabasi_albert,100,5,2,10,3.2438,4.0,2.6907248094147422,"{15: 1, 7: 10, 14: 1, 17: 1, 9: 1, 6: 3, 3: 18, 5: 9, 8: 2, 4: 17, 2: 37}",-0.8581326473057517
876,barabasi_albert,100,5,2,10,3.2212,4.0,2.8106938645110393,"{9: 2, 14: 1, 7: 5, 19: 1, 11: 2, 5: 7, 6: 6, 4: 14, 10: 1, 3: 21, 8: 2, 2: 38}",-0.8581326473057517
877,barabasi_albert,100,5,2,10,3.2026,4.0,2.7712812921102037,"{9: 3, 14: 1, 13: 1, 11: 2, 8: 1, 15: 1, 5: 12, 6: 5, 7: 3, 10: 1, 2: 41, 4: 11, 3: 18}",-0.8581326473057517
878,barabasi_albert,100,5,2,10,3.2726,4.0,2.619160170741759,"{12: 3, 10: 1, 9: 1, 11: 3, 7: 6, 4: 19, 6: 5, 5: 4, 8: 2, 3: 16, 2: 40}",-0.8581326473057517
879,barabasi_albert,100,5,2,10,3.28,4.0,2.569046515733026,"{13: 1, 16: 1, 10: 2, 9: 1, 5: 15, 7: 4, 6: 6, 12: 1, 4: 11, 8: 2, 3: 19, 2: 37}",-0.8581326473057517
880,barabasi_albert,100,5,2,10,3.0866,4.0,3.3645207682521443,"{12: 1, 16: 1, 19: 2, 13: 1, 7: 2, 4: 12, 11: 2, 6: 2, 9: 1, 2: 46, 8: 2, 3: 16, 5: 12}",-0.8581326473057517
881,barabasi_albert,100,5,2,10,3.2856,4.0,2.5258661880630178,"{10: 1, 8: 5, 9: 5, 15: 1, 11: 1, 7: 3, 6: 3, 5: 12, 4: 13, 2: 40, 3: 16}",-0.8581326473057517
882,barabasi_albert,100,5,2,10,3.1736,4.0,2.9086079144497976,"{12: 1, 7: 7, 17: 1, 10: 1, 18: 1, 9: 2, 3: 27, 4: 8, 8: 4, 6: 5, 5: 5, 2: 38}",-0.8581326473057517
883,barabasi_albert,100,5,2,10,3.3088,4.0,2.4372115213907883,"{10: 2, 12: 2, 11: 1, 8: 4, 6: 12, 4: 13, 5: 3, 9: 1, 7: 4, 2: 37, 3: 21}",-0.8581326473057517
884,barabasi_albert,100,5,2,10,3.2428,4.0,2.630589287593181,"{9: 4, 13: 1, 11: 2, 12: 1, 8: 2, 14: 1, 5: 9, 4: 15, 6: 7, 7: 1, 3: 19, 2: 38}",-0.8581326473057517
885,barabasi_albert,100,5,2,10,3.1882,4.0,2.9120439557122073,"{11: 2, 14: 2, 9: 2, 2: 37, 10: 3, 17: 1, 3: 24, 4: 16, 7: 4, 5: 7, 6: 2}",-0.8581326473057517
886,barabasi_albert,100,5,2,10,3.2838,4.0,2.5179356624028344,"{13: 2, 7: 5, 11: 1, 10: 2, 6: 4, 3: 23, 2: 34, 4: 15, 12: 1, 8: 2, 9: 1, 5: 10}",-0.8581326473057517
887,barabasi_albert,100,5,2,10,3.2594,4.0,2.723967694375247,"{15: 1, 13: 1, 12: 2, 14: 1, 6: 5, 3: 27, 4: 14, 8: 3, 11: 1, 7: 3, 5: 9, 2: 33}",-0.8581326473057517
888,barabasi_albert,100,5,2,10,3.2314,4.0,2.723967694375247,"{10: 2, 17: 1, 7: 3, 12: 2, 8: 4, 9: 3, 5: 5, 6: 7, 2: 37, 3: 26, 4: 10}",-0.8581326473057517
889,barabasi_albert,100,5,2,10,3.2418,4.0,2.6608269391300143,"{13: 3, 9: 3, 14: 1, 4: 18, 6: 7, 8: 2, 5: 8, 11: 1, 3: 20, 2: 36, 7: 1}",-0.8581326473057517
890,barabasi_albert,100,5,2,10,3.302,4.0,2.649528259898354,"{14: 1, 9: 2, 12: 2, 8: 3, 16: 1, 6: 4, 7: 4, 3: 22, 5: 14, 4: 11, 2: 36}",-0.8581326473057517
891,barabasi_albert,100,5,2,10,3.2856,4.0,2.445403852127497,"{10: 3, 7: 6, 12: 3, 6: 7, 5: 12, 8: 2, 4: 12, 3: 16, 2: 39}",-0.8581326473057517
892,barabasi_albert,100,5,2,10,3.2496,4.0,2.619160170741759,"{7: 8, 15: 2, 9: 3, 12: 1, 8: 2, 6: 6, 4: 12, 5: 7, 3: 22, 2: 37}",-0.8581326473057517
893,barabasi_albert,100,5,2,10,3.1934,4.0,2.835489375751565,"{9: 1, 14: 1, 10: 2, 11: 2, 8: 3, 12: 2, 3: 19, 6: 5, 7: 4, 13: 1, 4: 12, 5: 5, 2: 43}",-0.8581326473057517
894,barabasi_albert,100,5,2,10,3.217,4.0,2.7712812921102037,"{15: 2, 9: 4, 14: 1, 11: 2, 7: 3, 6: 5, 3: 28, 5: 13, 2: 35, 4: 7}",-0.8581326473057517
895,barabasi_albert,100,5,2,10,3.2026,4.0,2.9698484809834995,"{21: 1, 7: 5, 8: 4, 17: 1, 10: 1, 11: 1, 6: 10, 5: 6, 4: 13, 3: 16, 2: 42}",-0.8581326473057517
896,barabasi_albert,100,5,2,10,3.2098,4.0,2.6981475126464085,"{10: 2, 12: 1, 6: 7, 15: 2, 4: 21, 7: 3, 9: 1, 8: 3, 11: 1, 5: 4, 2: 38, 3: 17}",-0.8581326473057517
897,barabasi_albert,100,5,2,10,3.245,4.0,2.6267851073127395,"{13: 1, 11: 3, 9: 2, 15: 1, 8: 4, 7: 5, 6: 3, 4: 16, 5: 6, 3: 24, 2: 35}",-0.8581326473057517
898,barabasi_albert,100,5,2,10,3.1984,4.0,3.003331483536241,"{11: 2, 8: 5, 25: 1, 5: 12, 10: 1, 7: 3, 6: 4, 9: 1, 4: 12, 3: 23, 2: 36}",-0.8581326473057517
899,barabasi_albert,100,5,2,10,3.2448,4.0,2.5612496949731396,"{13: 2, 9: 1, 10: 3, 11: 2, 3: 24, 6: 6, 7: 5, 5: 10, 2: 36, 8: 1, 4: 10}",-0.8581326473057517
900,barabasi_albert,100,5,2,10,3.254,4.0,2.756809750418044,"{13: 1, 10: 2, 14: 1, 11: 1, 17: 1, 6: 6, 7: 4, 4: 14, 8: 3, 3: 20, 2: 38, 5: 9}",-0.8581326473057517
901,barabasi_albert,100,5,2,10,3.2198,4.0,2.9189039038652846,"{10: 3, 12: 1, 16: 1, 6: 6, 13: 1, 8: 2, 18: 1, 5: 9, 2: 40, 4: 18, 7: 2, 3: 16}",-0.8581326473057517
902,barabasi_albert,100,5,2,10,3.238,4.0,2.7092434368288134,"{11: 2, 12: 2, 13: 1, 8: 1, 4: 16, 9: 3, 10: 1, 14: 1, 5: 10, 3: 24, 6: 2, 7: 2, 2: 35}",-0.8581326473057517
903,barabasi_albert,100,5,2,10,3.1982,4.0,2.7748873851023217,"{11: 1, 10: 1, 7: 5, 12: 1, 15: 1, 9: 2, 13: 2, 4: 12, 5: 6, 6: 6, 8: 2, 3: 21, 2: 40}",-0.8581326473057517
904,barabasi_albert,100,5,2,10,3.1428,4.0,2.979932885150268,"{6: 5, 21: 1, 13: 2, 14: 1, 10: 1, 7: 6, 9: 1, 2: 38, 5: 11, 4: 10, 8: 1, 3: 23}",-0.8581326473057517
905,barabasi_albert,100,5,2,10,3.2036,4.0,2.824889378365107,"{12: 2, 15: 2, 7: 3, 5: 10, 8: 2, 4: 11, 10: 2, 11: 1, 6: 3, 9: 2, 2: 38, 3: 24}",-0.8581326473057517
906,barabasi_albert,100,5,2,10,3.2286,4.0,2.7092434368288134,"{4: 11, 11: 2, 14: 2, 12: 1, 6: 9, 10: 2, 7: 1, 3: 24, 5: 8, 9: 3, 2: 37}",-0.8581326473057517
907,barabasi_albert,100,5,2,10,3.223,4.0,2.6457513110645907,"{15: 2, 10: 1, 12: 1, 7: 2, 11: 1, 6: 7, 3: 29, 8: 3, 5: 8, 9: 2, 2: 32, 4: 12}",-0.8581326473057517
908,barabasi_albert,100,5,2,10,3.2484,4.0,2.630589287593181,"{13: 1, 9: 4, 8: 3, 14: 1, 11: 1, 12: 1, 5: 6, 10: 1, 7: 2, 4: 13, 6: 6, 2: 35, 3: 26}",-0.8581326473057517
909,barabasi_albert,100,5,2,10,3.2462,4.0,2.7964262908219126,"{10: 2, 13: 1, 9: 2, 15: 1, 12: 1, 11: 1, 14: 1, 4: 18, 8: 1, 7: 5, 3: 22, 6: 2, 2: 37, 5: 6}",-0.8581326473057517
910,barabasi_albert,100,5,2,10,3.2064,4.0,2.831960451701259,"{8: 3, 15: 1, 18: 1, 13: 2, 5: 9, 4: 16, 10: 1, 3: 23, 7: 2, 6: 6, 9: 1, 2: 35}",-0.8581326473057517
911,barabasi_albert,100,5,2,10,3.1912,4.0,2.831960451701259,"{18: 1, 14: 1, 13: 1, 7: 3, 12: 1, 4: 14, 8: 5, 6: 4, 5: 12, 3: 17, 11: 1, 2: 40}",-0.8581326473057517
912,barabasi_albert,100,5,2,10,3.321,4.0,2.596150997149434,"{14: 1, 11: 2, 10: 2, 5: 11, 13: 1, 12: 1, 3: 28, 7: 2, 6: 6, 9: 2, 4: 12, 2: 32}",-0.8581326473057517
913,barabasi_albert,100,5,2,10,3.2186,4.0,2.842534080710379,"{11: 1, 10: 4, 18: 1, 6: 2, 8: 3, 7: 6, 5: 7, 4: 11, 3: 25, 9: 1, 14: 1, 2: 38}",-0.8581326473057517
914,barabasi_albert,100,5,2,10,3.3006,4.0,2.5768197453450252,"{10: 1, 7: 6, 15: 1, 14: 1, 11: 1, 8: 5, 3: 23, 4: 14, 6: 7, 5: 4, 9: 1, 2: 36}",-0.8581326473057517
915,barabasi_albert,100,5,2,10,3.281,4.0,2.545584412271571,"{9: 5, 11: 2, 10: 1, 13: 1, 12: 1, 7: 3, 5: 9, 6: 6, 4: 11, 3: 24, 8: 1, 2: 36}",-0.8581326473057517
916,barabasi_albert,100,5,2,10,3.25,4.0,2.7129319932501073,"{10: 1, 11: 1, 12: 1, 8: 4, 14: 1, 15: 1, 9: 2, 7: 5, 5: 6, 6: 6, 4: 9, 3: 25, 2: 38}",-0.8581326473057517
917,barabasi_albert,100,5,2,10,3.244,4.0,2.7386127875258306,"{14: 2, 9: 2, 11: 2, 15: 1, 8: 2, 3: 20, 5: 7, 7: 6, 4: 16, 6: 4, 2: 38}",-0.8581326473057517
918,barabasi_albert,100,5,2,10,3.2148,4.0,2.6076809620810595,"{11: 1, 9: 2, 13: 1, 14: 1, 12: 1, 7: 1, 10: 2, 6: 8, 4: 13, 8: 3, 5: 8, 3: 23, 2: 36}",-0.8581326473057517
919,barabasi_albert,100,5,2,10,3.2706,4.0,2.5337718918639855,"{11: 1, 9: 3, 7: 8, 17: 1, 8: 2, 10: 1, 5: 8, 6: 7, 3: 17, 4: 13, 2: 39}",-0.8581326473057517
920,barabasi_albert,100,5,2,10,3.3146,4.0,2.477902338672773,"{11: 2, 10: 2, 13: 2, 9: 2, 6: 5, 5: 10, 7: 5, 2: 34, 4: 17, 3: 21}",-0.8581326473057517
921,barabasi_albert,100,5,2,10,3.167,4.0,2.9189039038652846,"{14: 2, 11: 1, 13: 1, 10: 2, 15: 1, 7: 3, 5: 5, 9: 1, 6: 6, 8: 4, 3: 28, 4: 7, 2: 39}",-0.8581326473057517
922,barabasi_albert,100,5,2,10,3.1428,4.0,2.9427877939124323,"{9: 4, 15: 1, 17: 1, 16: 1, 11: 2, 7: 2, 5: 11, 4: 17, 6: 3, 8: 1, 3: 17, 2: 40}",-0.8581326473057517
923,barabasi_albert,100,5,2,10,3.2142,4.0,2.756809750418044,"{11: 2, 17: 1, 7: 8, 8: 2, 13: 1, 14: 1, 6: 5, 5: 10, 4: 12, 3: 18, 2: 40}",-0.8581326473057517
924,barabasi_albert,100,5,2,10,3.1624,4.0,2.9086079144497976,"{10: 2, 21: 1, 8: 5, 13: 2, 9: 2, 3: 19, 5: 14, 2: 38, 4: 15, 6: 2}",-0.8581326473057517
925,barabasi_albert,100,5,2,10,3.2128,4.0,2.778488797889961,"{10: 1, 9: 6, 13: 2, 12: 2, 11: 1, 8: 2, 5: 8, 7: 2, 4: 10, 3: 25, 6: 2, 2: 39}",-0.8581326473057517
926,barabasi_albert,100,5,2,10,3.409,4.0,2.2978250586152114,"{9: 2, 10: 2, 11: 2, 12: 1, 6: 5, 7: 5, 4: 15, 2: 32, 3: 22, 5: 13, 8: 1}",-0.8581326473057517
927,barabasi_albert,100,5,2,10,3.233,4.0,2.7712812921102037,"{13: 1, 16: 2, 9: 3, 10: 1, 7: 3, 5: 8, 4: 12, 6: 5, 3: 25, 8: 4, 2: 36}",-0.8581326473057517
928,barabasi_albert,100,5,2,10,3.2468,4.0,2.7129319932501073,"{19: 1, 12: 1, 13: 1, 11: 1, 6: 5, 9: 2, 8: 3, 7: 3, 4: 16, 5: 11, 3: 21, 2: 35}",-0.8581326473057517
929,barabasi_albert,100,5,2,10,3.2896,4.0,2.565151067676132,"{9: 3, 11: 2, 13: 1, 12: 2, 5: 7, 4: 12, 7: 4, 8: 2, 10: 1, 6: 3, 3: 33, 2: 30}",-0.8581326473057517
930,barabasi_albert,100,5,2,10,3.2966,4.0,2.5768197453450252,"{7: 3, 16: 1, 6: 14, 9: 1, 15: 1, 10: 1, 5: 9, 11: 1, 8: 2, 4: 7, 3: 25, 2: 35}",-0.8581326473057517
931,barabasi_albert,100,5,2,10,3.3162,4.0,2.5059928172283334,"{12: 1, 10: 2, 13: 1, 9: 4, 8: 3, 7: 3, 5: 6, 11: 1, 3: 25, 4: 15, 6: 5, 2: 34}",-0.8581326473057517
932,barabasi_albert,100,5,2,10,3.2556,4.0,2.649528259898354,"{13: 2, 16: 1, 11: 1, 8: 2, 9: 2, 12: 1, 4: 19, 7: 3, 5: 10, 6: 3, 3: 24, 2: 32}",-0.8581326473057517
933,barabasi_albert,100,5,2,10,3.2268,4.0,2.6832815729997477,"{9: 2, 8: 5, 14: 3, 6: 4, 5: 13, 11: 1, 7: 4, 4: 6, 2: 38, 3: 24}",-0.8581326473057517
934,barabasi_albert,100,5,2,10,3.2896,4.0,2.584569596664017,"{5: 8, 9: 1, 11: 1, 10: 1, 17: 1, 14: 1, 8: 1, 6: 11, 4: 13, 7: 6, 3: 19, 2: 37}",-0.8581326473057517
935,barabasi_albert,100,5,2,10,3.2592,4.0,2.5099800796022267,"{7: 8, 14: 1, 6: 4, 10: 1, 12: 1, 4: 18, 8: 2, 9: 2, 5: 9, 13: 1, 3: 14, 2: 39}",-0.8581326473057517
936,barabasi_albert,100,5,2,10,3.2008,4.0,2.8635642126552705,"{16: 1, 10: 1, 11: 1, 12: 2, 5: 11, 9: 1, 8: 3, 6: 7, 17: 1, 3: 25, 2: 37, 4: 9, 7: 1}",-0.8581326473057517
937,barabasi_albert,100,5,2,10,3.2728,4.0,2.4979991993593593,"{9: 3, 12: 2, 13: 1, 6: 10, 5: 8, 4: 9, 7: 3, 8: 3, 11: 1, 2: 36, 3: 24}",-0.8581326473057517
938,barabasi_albert,100,5,2,10,3.1604,4.0,2.925747767665559,"{8: 2, 12: 2, 21: 1, 9: 3, 11: 1, 4: 10, 6: 5, 5: 10, 2: 40, 7: 4, 3: 21, 10: 1}",-0.8581326473057517
939,barabasi_albert,100,5,2,10,3.3112,4.0,2.5768197453450252,"{12: 1, 15: 1, 10: 2, 13: 2, 6: 7, 7: 3, 4: 14, 5: 14, 3: 20, 2: 35, 8: 1}",-0.8581326473057517
940,barabasi_albert,100,5,2,10,3.1992,4.0,2.778488797889961,"{13: 2, 10: 3, 8: 5, 11: 1, 6: 4, 15: 1, 4: 17, 7: 5, 2: 43, 3: 15, 5: 4}",-0.8581326473057517
941,barabasi_albert,100,5,2,10,3.2696,4.0,2.4979991993593593,"{10: 2, 15: 1, 12: 1, 8: 3, 11: 1, 9: 2, 4: 13, 5: 11, 6: 4, 7: 4, 3: 25, 2: 33}",-0.8581326473057517
942,barabasi_albert,100,5,2,10,3.1998,4.0,2.716615541441225,"{12: 3, 10: 3, 7: 3, 9: 2, 13: 1, 6: 7, 4: 12, 3: 21, 11: 1, 5: 6, 8: 1, 2: 40}",-0.8581326473057517
943,barabasi_albert,100,5,2,10,3.2572,4.0,2.5768197453450252,"{13: 2, 10: 3, 7: 7, 11: 1, 4: 12, 6: 3, 8: 2, 5: 10, 9: 2, 2: 40, 3: 18}",-0.8581326473057517
944,barabasi_albert,100,5,2,10,3.248,4.0,2.7129319932501073,"{14: 1, 11: 1, 15: 1, 10: 1, 5: 6, 16: 1, 7: 4, 8: 1, 6: 7, 9: 2, 3: 34, 4: 12, 2: 29}",-0.8581326473057517
945,barabasi_albert,100,5,2,10,3.2546,4.0,2.5729360660537215,"{10: 3, 8: 4, 7: 2, 14: 1, 6: 7, 9: 4, 5: 5, 12: 1, 3: 19, 4: 15, 2: 39}",-0.8581326473057517
946,barabasi_albert,100,5,2,10,3.3022,4.0,2.5612496949731396,"{16: 1, 9: 3, 8: 6, 13: 1, 6: 6, 5: 12, 3: 22, 10: 1, 7: 2, 4: 9, 2: 37}",-0.8581326473057517
947,barabasi_albert,100,5,2,10,3.2948,4.0,2.6115129714401193,"{16: 1, 11: 2, 12: 1, 9: 3, 8: 3, 4: 16, 5: 7, 6: 8, 7: 4, 3: 14, 2: 41}",-0.8581326473057517
948,barabasi_albert,100,5,2,10,3.1682,4.0,2.839013913315678,"{10: 2, 9: 4, 11: 2, 8: 4, 14: 1, 7: 3, 15: 1, 4: 9, 5: 4, 6: 6, 2: 44, 3: 20}",-0.8581326473057517
949,barabasi_albert,100,5,2,10,3.267,4.0,2.8284271247461903,"{9: 3, 13: 2, 14: 1, 12: 1, 6: 7, 15: 1, 10: 1, 7: 4, 2: 37, 4: 13, 3: 25, 5: 5}",-0.8581326473057517
950,barabasi_albert,100,5,2,10,3.1674,4.0,3.023243291566195,"{14: 2, 15: 1, 12: 1, 16: 1, 11: 1, 3: 25, 5: 7, 10: 2, 6: 6, 2: 39, 7: 3, 9: 1, 4: 11}",-0.8581326473057517
951,barabasi_albert,100,5,2,10,3.2412,4.0,2.8106938645110393,"{10: 2, 14: 1, 19: 1, 12: 1, 5: 9, 4: 14, 6: 5, 9: 1, 8: 4, 3: 19, 7: 4, 2: 39}",-0.8581326473057517
952,barabasi_albert,100,5,2,10,3.306,4.0,2.6758176320519302,"{11: 3, 14: 2, 16: 1, 6: 8, 5: 16, 3: 17, 8: 1, 4: 16, 2: 36}",-0.8581326473057517
953,barabasi_albert,100,5,2,10,3.2756,4.0,2.8106938645110393,"{15: 1, 12: 1, 13: 2, 10: 2, 9: 3, 4: 8, 5: 9, 8: 4, 3: 24, 2: 40, 6: 3, 7: 3}",-0.8581326473057517
954,barabasi_albert,100,5,2,10,3.3058,4.0,2.5019992006393608,"{9: 2, 13: 1, 7: 5, 12: 3, 6: 7, 5: 8, 4: 14, 11: 1, 8: 1, 3: 25, 2: 33}",-0.8581326473057517
955,barabasi_albert,100,5,2,10,3.198,4.0,2.835489375751565,"{14: 1, 9: 2, 16: 1, 11: 2, 8: 4, 13: 1, 12: 1, 4: 17, 6: 6, 5: 6, 3: 21, 2: 38}",-0.8581326473057517
956,barabasi_albert,100,5,2,10,3.3432,4.0,2.5729360660537215,"{11: 1, 14: 3, 5: 9, 8: 4, 6: 5, 7: 4, 3: 19, 9: 1, 4: 19, 2: 35}",-0.8581326473057517
957,barabasi_albert,100,5,2,10,3.2076,4.0,2.9359836511806394,"{15: 1, 13: 3, 14: 2, 7: 4, 11: 1, 8: 1, 3: 23, 6: 5, 4: 17, 5: 6, 2: 37}",-0.8581326473057517
958,barabasi_albert,100,5,2,10,3.2176,4.0,2.592296279363144,"{9: 3, 15: 1, 10: 1, 12: 1, 7: 3, 8: 1, 11: 1, 5: 12, 14: 1, 4: 15, 6: 4, 3: 24, 2: 33}",-0.8581326473057517
959,barabasi_albert,100,5,2,10,3.245,4.0,2.716615541441225,"{13: 3, 11: 2, 15: 1, 6: 7, 10: 1, 4: 20, 7: 4, 3: 16, 5: 8, 2: 38}",-0.8581326473057517
960,barabasi_albert,100,5,2,10,3.2874,4.0,2.6645825188948455,"{16: 1, 10: 3, 15: 1, 11: 1, 6: 5, 3: 24, 8: 4, 4: 20, 5: 5, 7: 2, 9: 1, 2: 33}",-0.8581326473057517
961,barabasi_albert,100,5,2,10,3.2806,4.0,2.615339366124404,"{13: 1, 16: 1, 9: 2, 12: 1, 10: 3, 7: 4, 2: 35, 5: 9, 4: 19, 6: 4, 3: 20, 8: 1}",-0.8581326473057517
962,barabasi_albert,100,5,2,10,3.2666,4.0,2.6419689627245813,"{7: 4, 12: 1, 9: 2, 15: 1, 6: 8, 8: 4, 14: 1, 2: 38, 4: 10, 5: 8, 11: 1, 3: 22}",-0.8581326473057517
963,barabasi_albert,100,5,2,10,3.2834,4.0,2.513961017995307,"{14: 1, 8: 3, 11: 1, 12: 1, 13: 1, 9: 1, 6: 6, 7: 6, 5: 13, 4: 13, 2: 40, 3: 14}",-0.8581326473057517
964,barabasi_albert,100,5,2,10,3.203,4.0,2.701851217221259,"{12: 3, 9: 3, 11: 1, 10: 2, 5: 10, 7: 4, 8: 1, 13: 1, 3: 19, 6: 4, 2: 41, 4: 11}",-0.8581326473057517
965,barabasi_albert,100,5,2,10,3.3658,4.0,2.3065125189341593,"{16: 1, 10: 2, 12: 1, 8: 2, 6: 12, 5: 12, 9: 1, 4: 15, 3: 27, 2: 27}",-0.8581326473057517
966,barabasi_albert,100,5,2,10,3.2354,4.0,2.694438717061496,"{12: 3, 11: 1, 15: 1, 10: 2, 7: 6, 5: 5, 2: 34, 6: 3, 9: 1, 4: 14, 8: 2, 3: 28}",-0.8581326473057517
967,barabasi_albert,100,5,2,10,3.2782,4.0,2.694438717061496,"{10: 2, 13: 2, 18: 1, 8: 3, 6: 4, 5: 14, 9: 2, 4: 14, 3: 23, 7: 1, 2: 34}",-0.8581326473057517
968,barabasi_albert,100,5,2,10,3.1996,4.0,2.778488797889961,"{14: 1, 13: 1, 8: 1, 16: 1, 9: 4, 12: 1, 7: 5, 5: 8, 3: 29, 4: 14, 11: 1, 6: 1, 2: 33}",-0.8581326473057517
969,barabasi_albert,100,5,2,10,3.2932,4.0,2.6907248094147422,"{12: 1, 15: 1, 14: 1, 10: 2, 8: 4, 11: 1, 5: 11, 9: 1, 6: 4, 4: 13, 7: 3, 3: 19, 2: 39}",-0.8581326473057517
970,barabasi_albert,100,5,2,10,3.288,4.0,2.5179356624028344,"{14: 1, 9: 3, 13: 1, 12: 1, 10: 1, 8: 2, 5: 8, 6: 6, 7: 6, 4: 10, 3: 28, 2: 33}",-0.8581326473057517
971,barabasi_albert,100,5,2,10,3.2352,4.0,2.749545416973504,"{13: 1, 12: 1, 10: 1, 16: 1, 11: 1, 9: 4, 8: 4, 5: 5, 4: 12, 3: 24, 6: 7, 7: 1, 2: 38}",-0.8581326473057517
972,barabasi_albert,100,5,2,10,3.2416,4.0,2.874021572639983,"{5: 8, 9: 1, 18: 1, 17: 1, 11: 1, 6: 5, 12: 1, 10: 2, 8: 2, 7: 3, 3: 24, 4: 16, 2: 35}",-0.8581326473057517
973,barabasi_albert,100,5,2,10,3.1632,4.0,2.7748873851023217,"{8: 6, 10: 1, 20: 1, 12: 1, 6: 6, 9: 1, 11: 1, 7: 4, 5: 7, 2: 40, 4: 15, 3: 17}",-0.8581326473057517
974,barabasi_albert,100,5,2,10,3.2406,4.0,2.7313000567495327,"{12: 4, 10: 2, 13: 1, 5: 7, 4: 12, 9: 4, 7: 2, 6: 5, 2: 38, 8: 1, 3: 24}",-0.8581326473057517
975,barabasi_albert,100,5,2,10,3.2838,4.0,2.3958297101421877,"{9: 2, 12: 2, 13: 1, 7: 5, 10: 1, 8: 2, 6: 10, 4: 14, 2: 33, 3: 24, 5: 6}",-0.8581326473057517
976,barabasi_albert,100,5,2,10,3.2714,4.0,2.694438717061496,"{12: 3, 9: 3, 10: 1, 16: 1, 5: 12, 11: 1, 7: 2, 8: 1, 3: 20, 4: 15, 6: 4, 2: 37}",-0.8581326473057517
977,barabasi_albert,100,5,2,10,3.304,4.0,2.4979991993593593,"{9: 4, 10: 1, 8: 5, 14: 1, 11: 2, 4: 10, 5: 11, 7: 2, 6: 4, 3: 25, 2: 35}",-0.8581326473057517
978,barabasi_albert,100,5,2,10,3.2484,4.0,2.6645825188948455,"{10: 1, 16: 1, 15: 1, 12: 1, 11: 1, 6: 5, 7: 3, 9: 2, 5: 8, 4: 21, 8: 2, 3: 19, 2: 35}",-0.8581326473057517
979,barabasi_albert,100,5,2,10,3.2198,4.0,2.8106938645110393,"{10: 5, 13: 1, 14: 1, 9: 2, 12: 1, 11: 1, 5: 5, 4: 10, 6: 6, 7: 2, 3: 23, 8: 2, 2: 41}",-0.8581326473057517
980,barabasi_albert,100,5,2,10,3.269,4.0,2.6115129714401193,"{10: 3, 12: 1, 13: 2, 9: 4, 8: 3, 2: 36, 3: 24, 5: 11, 6: 3, 4: 12, 7: 1}",-0.8581326473057517
981,barabasi_albert,100,5,2,10,3.3048,4.0,2.5019992006393608,"{9: 2, 13: 1, 7: 6, 15: 1, 10: 2, 6: 6, 5: 14, 11: 1, 4: 8, 3: 25, 2: 34}",-0.8581326473057517
982,barabasi_albert,100,5,2,10,3.2026,4.0,2.85657137141714,"{9: 2, 18: 1, 14: 1, 10: 2, 12: 1, 5: 11, 8: 3, 7: 4, 11: 1, 3: 26, 6: 3, 4: 7, 2: 38}",-0.8581326473057517
983,barabasi_albert,100,5,2,10,3.2088,4.0,2.85657137141714,"{8: 6, 19: 1, 17: 1, 7: 5, 12: 1, 6: 7, 4: 16, 2: 42, 5: 8, 3: 13}",-0.8581326473057517
984,barabasi_albert,100,5,2,10,3.26,4.0,2.6076809620810595,"{11: 2, 12: 1, 8: 2, 14: 1, 9: 4, 5: 8, 7: 2, 6: 10, 10: 1, 2: 42, 3: 16, 4: 11}",-0.8581326473057517
985,barabasi_albert,100,5,2,10,3.1872,4.0,2.9597297173897483,"{14: 2, 10: 2, 16: 1, 9: 2, 17: 1, 4: 13, 5: 9, 8: 2, 7: 3, 3: 29, 2: 34, 6: 2}",-0.8581326473057517
986,barabasi_albert,100,5,2,10,3.2686,4.0,2.6076809620810595,"{14: 1, 10: 1, 12: 3, 5: 14, 7: 4, 8: 3, 11: 2, 3: 28, 4: 12, 2: 32}",-0.8581326473057517
987,barabasi_albert,100,5,2,10,3.235,4.0,2.6608269391300143,"{14: 1, 16: 1, 12: 1, 9: 5, 8: 5, 4: 16, 5: 8, 3: 25, 2: 34, 6: 2, 7: 2}",-0.8581326473057517
988,barabasi_albert,100,5,2,10,3.2522,4.0,2.649528259898354,"{12: 1, 14: 1, 8: 2, 13: 2, 10: 1, 7: 3, 9: 2, 4: 19, 11: 1, 3: 21, 6: 3, 5: 9, 2: 35}",-0.8581326473057517
989,barabasi_albert,100,5,2,10,3.2492,4.0,2.6038433132583076,"{12: 2, 13: 1, 9: 2, 11: 2, 10: 1, 6: 3, 8: 4, 3: 26, 7: 4, 4: 13, 5: 7, 2: 35}",-0.8581326473057517
990,barabasi_albert,100,5,2,10,3.2628,4.0,2.588435821108957,"{11: 2, 12: 2, 16: 1, 7: 4, 9: 2, 5: 10, 6: 7, 2: 34, 8: 1, 3: 24, 4: 13}",-0.8581326473057517
991,barabasi_albert,100,5,2,10,3.2706,4.0,2.6608269391300143,"{13: 1, 15: 1, 12: 1, 6: 3, 14: 1, 10: 1, 9: 2, 7: 7, 5: 13, 4: 13, 3: 20, 2: 37}",-0.8581326473057517
992,barabasi_albert,100,5,2,10,3.268,4.0,2.6229754097208002,"{15: 2, 11: 2, 8: 3, 4: 12, 9: 2, 10: 1, 6: 4, 5: 15, 3: 21, 7: 2, 2: 36}",-0.8581326473057517
993,barabasi_albert,100,5,2,10,3.162,4.0,3.069201850644561,"{18: 2, 12: 2, 8: 3, 7: 4, 11: 1, 9: 1, 5: 9, 6: 6, 10: 1, 3: 19, 2: 44, 4: 8}",-0.8581326473057517
994,barabasi_albert,100,5,2,10,3.2816,4.0,2.6532998322843198,"{11: 2, 15: 1, 13: 1, 9: 1, 8: 1, 5: 5, 7: 4, 10: 4, 6: 5, 3: 30, 4: 14, 2: 32}",-0.8581326473057517
995,barabasi_albert,100,5,2,10,3.2276,4.0,2.842534080710379,"{8: 3, 9: 5, 14: 1, 15: 1, 10: 3, 13: 1, 2: 45, 4: 14, 6: 6, 5: 7, 3: 14}",-0.8581326473057517
996,barabasi_albert,100,5,2,10,3.2066,4.0,2.7712812921102037,"{13: 1, 14: 1, 8: 1, 10: 1, 16: 1, 9: 4, 11: 1, 6: 4, 7: 4, 3: 22, 5: 12, 4: 9, 2: 39}",-0.8581326473057517
997,barabasi_albert,100,5,2,10,3.239,4.0,2.6645825188948455,"{9: 4, 11: 1, 16: 1, 10: 2, 6: 7, 12: 1, 8: 1, 4: 14, 3: 19, 7: 6, 5: 4, 2: 40}",-0.8581326473057517
998,barabasi_albert,100,5,2,10,3.2736,4.0,2.4819347291981715,"{11: 2, 12: 1, 9: 2, 10: 4, 4: 9, 5: 11, 8: 3, 6: 5, 7: 2, 2: 34, 3: 27}",-0.8581326473057517
999,barabasi_albert,100,5,2,10,3.2732,4.0,2.6608269391300143,"{8: 6, 21: 1, 6: 7, 10: 1, 9: 2, 7: 4, 3: 23, 4: 11, 5: 10, 2: 35}",-0.8581326473057517
1000,barabasi_albert,100,5,2,10,3.1446,4.0,3.0099833886584824,"{9: 5, 11: 1, 8: 1, 16: 1, 3: 26, 18: 1, 13: 1, 7: 2, 6: 6, 2: 39, 4: 9, 5: 7, 12: 1}",-0.8581326473057517
