graph_id,model,n_nodes,m0,m,w,average_degree_of_separation,mean_degree_of_connection,standard_deviation_of_degrees_of_connection,degree_distribution,pearson_correlation_mean_separation_vs_degree_stdev
1,barabasi_albert,100,5,2,0,2.8372,4.0,4.567274898667694,"{17: 1, 16: 2, 35: 1, 18: 2, 3: 27, 6: 5, 9: 1, 7: 2, 4: 11, 2: 46, 5: 2}",-0.9475081543709567
2,barabasi_albert,100,5,2,0,2.9968,4.0,3.82099463490856,"{16: 1, 20: 1, 17: 1, 13: 1, 26: 1, 9: 2, 5: 6, 6: 6, 4: 9, 2: 45, 7: 3, 3: 23, 8: 1}",-0.9475081543709567
3,barabasi_albert,100,5,2,0,2.9264,4.0,4.039801975344831,"{7: 3, 25: 1, 23: 1, 18: 1, 16: 1, 6: 4, 14: 1, 8: 1, 9: 2, 3: 17, 5: 7, 4: 8, 2: 52, 11: 1}",-0.9475081543709567
4,barabasi_albert,100,5,2,0,2.9326,4.0,4.022437072223753,"{7: 5, 20: 1, 28: 1, 12: 1, 17: 1, 14: 1, 8: 2, 2: 48, 3: 22, 5: 6, 6: 3, 16: 1, 4: 8}",-0.9475081543709567
5,barabasi_albert,100,5,2,0,2.926,4.0,4.152107898405339,"{11: 1, 25: 1, 28: 1, 17: 1, 14: 1, 4: 7, 8: 4, 5: 7, 6: 4, 3: 24, 13: 1, 2: 47, 7: 1}",-0.9475081543709567
6,barabasi_albert,100,5,2,0,2.8242,4.0,4.560701700396552,"{31: 1, 7: 3, 28: 1, 10: 1, 21: 1, 2: 51, 4: 13, 13: 2, 6: 2, 5: 8, 9: 1, 3: 16}",-0.9475081543709567
7,barabasi_albert,100,5,2,0,2.957,4.0,4.0,"{19: 1, 17: 2, 7: 3, 29: 1, 8: 3, 4: 14, 9: 2, 2: 47, 12: 1, 3: 20, 6: 3, 5: 3}",-0.9475081543709567
8,barabasi_albert,100,5,2,0,2.8992,4.0,4.127953488110059,"{22: 1, 30: 1, 17: 1, 7: 2, 18: 1, 2: 43, 8: 2, 3: 25, 9: 3, 4: 13, 5: 5, 6: 3}",-0.9475081543709567
9,barabasi_albert,100,5,2,0,2.9876,4.0,3.878143885933063,"{12: 2, 17: 1, 11: 1, 23: 1, 20: 1, 5: 10, 19: 1, 2: 50, 7: 2, 4: 9, 9: 2, 6: 1, 3: 18, 8: 1}",-0.9475081543709567
10,barabasi_albert,100,5,2,0,2.8876,4.0,4.223742416388575,"{15: 1, 21: 1, 23: 1, 14: 1, 26: 1, 13: 1, 12: 1, 6: 3, 5: 5, 8: 2, 3: 30, 9: 1, 4: 7, 2: 45}",-0.9475081543709567
11,barabasi_albert,100,5,2,0,2.8034,4.0,4.560701700396552,"{14: 2, 21: 1, 26: 1, 27: 1, 20: 1, 7: 3, 3: 19, 5: 4, 10: 1, 2: 53, 4: 11, 6: 2, 8: 1}",-0.9475081543709567
12,barabasi_albert,100,5,2,0,2.961,4.0,4.009987531152684,"{20: 1, 16: 1, 15: 1, 10: 3, 23: 1, 21: 1, 2: 55, 8: 4, 3: 14, 5: 5, 7: 2, 4: 10, 6: 2}",-0.9475081543709567
13,barabasi_albert,100,5,2,0,2.9522,4.0,3.862641583165593,"{22: 1, 13: 2, 25: 1, 9: 1, 11: 2, 16: 1, 6: 1, 7: 3, 3: 21, 2: 47, 5: 6, 10: 1, 8: 1, 4: 12}",-0.9475081543709567
14,barabasi_albert,100,5,2,0,2.8182,4.0,4.39317652729776,"{29: 1, 25: 1, 20: 1, 12: 1, 13: 1, 15: 1, 8: 2, 2: 52, 9: 3, 6: 1, 4: 13, 3: 17, 5: 6}",-0.9475081543709567
15,barabasi_albert,100,5,2,0,2.9158,4.0,4.039801975344831,"{22: 1, 23: 1, 5: 7, 24: 1, 12: 1, 10: 2, 8: 1, 3: 23, 6: 4, 7: 4, 15: 1, 2: 48, 4: 6}",-0.9475081543709567
16,barabasi_albert,100,5,2,0,2.9718,4.0,4.009987531152684,"{24: 1, 15: 1, 14: 2, 27: 1, 8: 1, 3: 19, 7: 4, 4: 12, 5: 5, 9: 1, 11: 1, 6: 4, 2: 48}",-0.9475081543709567
17,barabasi_albert,100,5,2,0,2.8978,4.0,4.188078318274385,"{7: 6, 30: 1, 16: 2, 22: 1, 11: 1, 12: 1, 10: 1, 8: 1, 5: 4, 6: 4, 2: 52, 4: 7, 3: 19}",-0.9475081543709567
18,barabasi_albert,100,5,2,0,2.981,4.0,3.7389838191679834,"{21: 1, 15: 1, 19: 1, 10: 4, 18: 1, 13: 1, 4: 12, 11: 2, 7: 1, 6: 3, 3: 18, 5: 5, 2: 50}",-0.9475081543709567
19,barabasi_albert,100,5,2,0,2.9118,4.0,4.076763422127902,"{25: 1, 16: 1, 12: 1, 11: 1, 22: 1, 4: 7, 17: 1, 5: 7, 10: 4, 8: 3, 3: 10, 2: 60, 7: 2, 6: 1}",-0.9475081543709567
20,barabasi_albert,100,5,2,0,2.8688,4.0,4.386342439892261,"{32: 1, 20: 1, 9: 1, 23: 1, 14: 1, 5: 11, 6: 6, 11: 2, 2: 54, 4: 8, 3: 13, 10: 1}",-0.9475081543709567
21,barabasi_albert,100,5,2,0,2.8452,4.0,4.43846820423443,"{28: 1, 6: 6, 12: 1, 25: 1, 17: 1, 11: 2, 3: 17, 8: 1, 22: 1, 4: 11, 5: 4, 2: 53, 9: 1}",-0.9475081543709567
22,barabasi_albert,100,5,2,0,2.9638,4.0,4.019950248448356,"{18: 1, 23: 1, 16: 1, 26: 1, 12: 1, 7: 3, 11: 1, 13: 1, 5: 9, 3: 25, 4: 12, 2: 43, 6: 1}",-0.9475081543709567
23,barabasi_albert,100,5,2,0,2.9464,4.0,3.867815921162743,"{20: 1, 17: 1, 10: 3, 21: 1, 23: 1, 4: 14, 2: 49, 5: 4, 6: 3, 3: 17, 8: 2, 9: 1, 7: 3}",-0.9475081543709567
24,barabasi_albert,100,5,2,0,2.9024,4.0,4.1036569057366385,"{16: 1, 20: 1, 22: 1, 12: 1, 28: 1, 5: 1, 8: 3, 6: 6, 9: 1, 7: 2, 3: 24, 4: 13, 2: 45}",-0.9475081543709567
25,barabasi_albert,100,5,2,0,2.9508,4.0,3.9572717874818757,"{13: 3, 9: 3, 28: 1, 24: 1, 5: 11, 4: 9, 8: 1, 7: 3, 2: 48, 6: 2, 3: 18}",-0.9475081543709567
26,barabasi_albert,100,5,2,0,2.8584,4.0,4.402272140611028,"{15: 1, 19: 2, 24: 2, 18: 1, 5: 4, 2: 52, 12: 1, 10: 1, 4: 9, 6: 3, 7: 1, 8: 1, 3: 22}",-0.9475081543709567
27,barabasi_albert,100,5,2,0,3.004,4.0,3.690528417449187,"{10: 1, 24: 1, 17: 1, 16: 1, 15: 1, 6: 4, 5: 6, 9: 2, 7: 3, 11: 1, 4: 8, 2: 49, 12: 2, 3: 20}",-0.9475081543709567
28,barabasi_albert,100,5,2,0,2.9366,4.0,3.8858718455450894,"{20: 2, 12: 2, 21: 1, 15: 1, 13: 1, 7: 3, 9: 2, 6: 4, 4: 5, 2: 54, 8: 3, 3: 19, 5: 3}",-0.9475081543709567
29,barabasi_albert,100,5,2,0,2.9242,4.0,4.125530268947253,"{19: 3, 17: 1, 23: 1, 4: 11, 13: 1, 7: 3, 2: 51, 3: 20, 15: 1, 8: 2, 6: 2, 5: 4}",-0.9475081543709567
30,barabasi_albert,100,5,2,0,2.9484,4.0,4.132795663954365,"{27: 1, 17: 1, 20: 1, 8: 2, 25: 1, 4: 13, 9: 1, 5: 7, 6: 5, 2: 42, 3: 25, 10: 1}",-0.9475081543709567
31,barabasi_albert,100,5,2,0,2.9042,4.0,4.259107887809371,"{28: 1, 23: 1, 9: 1, 21: 1, 5: 5, 4: 12, 2: 51, 17: 1, 6: 5, 12: 1, 10: 1, 8: 3, 3: 17}",-0.9475081543709567
32,barabasi_albert,100,5,2,0,2.8392,4.0,4.211887937730538,"{14: 1, 19: 3, 20: 1, 21: 1, 4: 11, 2: 50, 16: 1, 11: 1, 5: 3, 3: 23, 7: 3, 6: 2}",-0.9475081543709567
33,barabasi_albert,100,5,2,0,3.0036,4.0,3.6851051545376556,"{23: 1, 15: 1, 19: 1, 13: 1, 17: 1, 5: 7, 10: 3, 3: 27, 6: 2, 4: 11, 9: 1, 11: 1, 2: 42, 7: 1}",-0.9475081543709567
34,barabasi_albert,100,5,2,0,2.8968,4.0,3.9774363602702683,"{12: 1, 24: 1, 26: 1, 15: 1, 9: 2, 8: 2, 14: 1, 11: 2, 3: 17, 2: 49, 7: 1, 4: 14, 5: 7, 6: 1}",-0.9475081543709567
35,barabasi_albert,100,5,2,0,3.0066,4.0,3.6687872655688283,"{19: 1, 16: 2, 10: 1, 12: 2, 7: 3, 21: 1, 2: 50, 3: 23, 4: 4, 9: 3, 5: 3, 6: 5, 8: 2}",-0.9475081543709567
36,barabasi_albert,100,5,2,0,2.9492,4.0,3.8704004960727256,"{12: 1, 14: 1, 16: 2, 10: 2, 21: 1, 3: 24, 13: 1, 7: 2, 20: 1, 2: 50, 11: 1, 5: 3, 9: 2, 4: 8, 6: 1}",-0.9475081543709567
37,barabasi_albert,100,5,2,0,2.9846,4.0,3.844476557348217,"{10: 2, 21: 1, 22: 2, 15: 1, 7: 5, 3: 19, 9: 1, 4: 11, 2: 48, 11: 1, 5: 6, 6: 3}",-0.9475081543709567
38,barabasi_albert,100,5,2,0,2.9368,4.0,3.9293765408777,"{24: 1, 22: 1, 15: 1, 9: 2, 21: 1, 7: 2, 3: 17, 5: 4, 11: 1, 2: 49, 6: 6, 10: 1, 4: 13, 8: 1}",-0.9475081543709567
39,barabasi_albert,100,5,2,0,2.9438,4.0,4.044749683231337,"{8: 5, 28: 1, 21: 1, 18: 1, 14: 1, 13: 2, 5: 8, 7: 1, 2: 45, 3: 28, 6: 2, 4: 5}",-0.9475081543709567
40,barabasi_albert,100,5,2,0,2.9242,4.0,4.125530268947253,"{12: 2, 10: 3, 30: 1, 18: 2, 9: 1, 4: 13, 13: 1, 6: 2, 5: 4, 11: 1, 7: 1, 3: 18, 2: 51}",-0.9475081543709567
41,barabasi_albert,100,5,2,0,2.927,4.0,4.042276586281547,"{19: 2, 15: 2, 18: 1, 24: 1, 2: 52, 6: 3, 8: 2, 5: 7, 3: 19, 7: 2, 4: 7, 9: 2}",-0.9475081543709567
42,barabasi_albert,100,5,2,0,2.8782,4.0,4.277849927241488,"{22: 1, 14: 1, 19: 1, 28: 1, 15: 1, 7: 5, 10: 1, 4: 6, 8: 4, 5: 3, 2: 58, 13: 1, 6: 2, 3: 15}",-0.9475081543709567
43,barabasi_albert,100,5,2,0,3.0042,4.0,3.6606010435446255,"{15: 1, 18: 2, 14: 1, 20: 1, 6: 3, 10: 2, 4: 11, 5: 7, 3: 17, 9: 2, 13: 1, 2: 50, 8: 2}",-0.9475081543709567
44,barabasi_albert,100,5,2,0,2.9852,4.0,3.730951621235526,"{15: 2, 16: 2, 26: 1, 12: 1, 7: 2, 6: 8, 5: 5, 4: 11, 3: 19, 10: 1, 2: 47, 8: 1}",-0.9475081543709567
45,barabasi_albert,100,5,2,0,2.8,4.0,4.547526800360829,"{26: 1, 11: 2, 5: 5, 31: 1, 17: 1, 21: 1, 4: 11, 6: 8, 2: 54, 3: 14, 8: 2}",-0.9475081543709567
46,barabasi_albert,100,5,2,0,2.9484,4.0,3.7841775856849003,"{10: 2, 13: 1, 15: 1, 24: 1, 18: 2, 5: 6, 12: 1, 3: 22, 7: 1, 6: 1, 2: 47, 9: 1, 8: 3, 4: 11}",-0.9475081543709567
47,barabasi_albert,100,5,2,0,2.752,4.0,4.864154602806124,"{18: 2, 16: 1, 21: 1, 37: 1, 5: 5, 12: 1, 4: 10, 10: 1, 11: 2, 3: 20, 2: 54, 7: 1, 6: 1}",-0.9475081543709567
48,barabasi_albert,100,5,2,0,2.9078,4.0,4.164132562731402,"{24: 2, 21: 1, 5: 10, 15: 1, 8: 2, 9: 2, 7: 1, 14: 1, 2: 53, 13: 1, 6: 3, 3: 18, 4: 5}",-0.9475081543709567
49,barabasi_albert,100,5,2,0,2.8966,4.0,4.317406628984581,"{25: 1, 21: 1, 27: 1, 12: 2, 17: 1, 8: 2, 5: 6, 4: 9, 7: 1, 3: 25, 6: 3, 10: 1, 2: 47}",-0.9475081543709567
50,barabasi_albert,100,5,2,0,3.0486,4.0,3.6221540552549665,"{13: 1, 10: 5, 12: 2, 14: 1, 27: 1, 4: 13, 6: 2, 9: 2, 5: 6, 2: 49, 7: 2, 3: 16}",-0.9475081543709567
51,barabasi_albert,100,5,2,0,2.8736,4.0,4.202380277890139,"{22: 1, 15: 2, 20: 1, 25: 1, 17: 1, 3: 20, 2: 51, 6: 5, 5: 7, 4: 8, 9: 1, 11: 1, 7: 1}",-0.9475081543709567
52,barabasi_albert,100,5,2,0,2.9654,4.0,3.8496753109840314,"{17: 1, 12: 1, 19: 1, 20: 1, 14: 1, 9: 2, 4: 10, 15: 1, 2: 55, 7: 2, 18: 1, 8: 2, 3: 13, 6: 3, 5: 6}",-0.9475081543709567
53,barabasi_albert,100,5,2,0,2.8624,4.0,4.534313619501853,"{24: 1, 12: 2, 33: 1, 17: 1, 16: 1, 4: 7, 5: 5, 7: 4, 2: 54, 3: 19, 11: 1, 8: 1, 9: 1, 6: 2}",-0.9475081543709567
54,barabasi_albert,100,5,2,0,2.88,4.0,4.219004621945797,"{13: 1, 23: 1, 26: 1, 14: 1, 22: 1, 9: 2, 2: 50, 4: 13, 3: 18, 15: 1, 5: 6, 7: 3, 6: 2}",-0.9475081543709567
55,barabasi_albert,100,5,2,0,2.9886,4.0,3.8392707640904935,"{20: 1, 22: 1, 16: 2, 12: 1, 10: 1, 2: 48, 11: 1, 4: 7, 15: 1, 13: 1, 8: 1, 5: 8, 6: 4, 3: 23}",-0.9475081543709567
56,barabasi_albert,100,5,2,0,2.869,4.0,4.18568990729127,"{25: 2, 13: 1, 19: 1, 14: 2, 4: 11, 6: 5, 3: 19, 11: 1, 8: 2, 10: 1, 2: 51, 5: 4}",-0.9475081543709567
57,barabasi_albert,100,5,2,0,2.9012,4.0,4.171330722922842,"{18: 1, 22: 2, 21: 1, 19: 1, 4: 8, 8: 1, 6: 3, 5: 5, 3: 21, 2: 51, 9: 1, 7: 3, 10: 2}",-0.9475081543709567
58,barabasi_albert,100,5,2,0,2.9246,4.0,4.057092555020159,"{15: 1, 21: 1, 14: 2, 28: 1, 9: 2, 13: 1, 8: 4, 10: 1, 4: 11, 2: 49, 6: 2, 3: 22, 5: 3}",-0.9475081543709567
59,barabasi_albert,100,5,2,0,2.8414,4.0,4.649731175025068,"{31: 1, 25: 2, 19: 1, 8: 2, 5: 5, 4: 11, 2: 45, 6: 3, 3: 27, 7: 1, 9: 1, 10: 1}",-0.9475081543709567
60,barabasi_albert,100,5,2,0,2.982,4.0,3.954743986657038,"{15: 2, 22: 1, 10: 2, 26: 1, 6: 6, 7: 3, 13: 1, 2: 52, 5: 5, 12: 1, 3: 17, 4: 8, 8: 1}",-0.9475081543709567
61,barabasi_albert,100,5,2,0,2.8366,4.0,4.54972526643093,"{31: 1, 19: 1, 16: 1, 21: 1, 7: 1, 11: 1, 6: 1, 4: 10, 2: 56, 17: 1, 3: 17, 9: 1, 12: 1, 5: 5, 13: 1, 10: 1}",-0.9475081543709567
62,barabasi_albert,100,5,2,0,2.9846,4.0,3.9370039370059056,"{19: 1, 20: 1, 27: 1, 12: 1, 16: 1, 5: 7, 11: 1, 8: 3, 4: 14, 6: 4, 3: 19, 7: 1, 2: 46}",-0.9475081543709567
63,barabasi_albert,100,5,2,0,2.8086,4.0,4.728636167014756,"{16: 1, 12: 1, 37: 1, 9: 2, 27: 1, 4: 11, 2: 52, 5: 5, 3: 17, 6: 5, 8: 1, 7: 1, 10: 1, 11: 1}",-0.9475081543709567
64,barabasi_albert,100,5,2,0,2.792,4.0,4.57602447545902,"{19: 1, 36: 1, 17: 1, 21: 1, 13: 1, 9: 2, 6: 2, 5: 10, 3: 21, 7: 1, 8: 1, 4: 10, 2: 48}",-0.9475081543709567
65,barabasi_albert,100,5,2,0,2.909,4.0,4.2895221179054435,"{22: 1, 20: 1, 14: 1, 27: 1, 18: 1, 2: 53, 9: 1, 11: 1, 8: 3, 3: 19, 4: 8, 6: 3, 5: 6, 12: 1}",-0.9475081543709567
66,barabasi_albert,100,5,2,0,2.9324,4.0,4.183300132670378,"{30: 1, 5: 5, 20: 1, 16: 1, 18: 1, 12: 1, 13: 1, 6: 3, 8: 2, 2: 48, 10: 1, 4: 11, 3: 22, 7: 1, 9: 1}",-0.9475081543709567
67,barabasi_albert,100,5,2,0,2.8922,4.0,4.084115571332427,"{20: 1, 26: 1, 18: 2, 10: 2, 15: 1, 12: 1, 2: 49, 6: 4, 5: 4, 4: 10, 3: 22, 8: 2, 7: 1}",-0.9475081543709567
68,barabasi_albert,100,5,2,0,2.8896,4.0,4.3335897360040905,"{9: 2, 17: 1, 29: 1, 13: 1, 26: 1, 10: 2, 3: 15, 16: 1, 5: 10, 6: 4, 4: 9, 2: 53}",-0.9475081543709567
69,barabasi_albert,100,5,2,0,3.0398,4.0,3.588871688985272,"{20: 1, 7: 5, 19: 1, 12: 3, 21: 1, 2: 46, 5: 5, 8: 1, 6: 5, 4: 11, 10: 1, 3: 20}",-0.9475081543709567
70,barabasi_albert,100,5,2,0,2.9578,4.0,3.698648401781386,"{21: 1, 12: 2, 16: 1, 13: 2, 17: 2, 3: 21, 5: 5, 8: 1, 7: 4, 9: 1, 2: 49, 4: 9, 6: 2}",-0.9475081543709567
71,barabasi_albert,100,5,2,0,2.9678,4.0,3.8652296180175374,"{22: 1, 18: 1, 19: 1, 15: 1, 10: 2, 17: 1, 7: 1, 5: 6, 2: 48, 11: 1, 13: 1, 4: 10, 8: 1, 3: 22, 6: 3}",-0.9475081543709567
72,barabasi_albert,100,5,2,0,2.9816,4.0,3.9293765408777,"{21: 2, 20: 1, 14: 2, 4: 8, 16: 1, 2: 46, 10: 2, 5: 2, 6: 3, 8: 1, 3: 28, 9: 1, 7: 3}",-0.9475081543709567
73,barabasi_albert,100,5,2,0,2.905,4.0,4.1400483088968905,"{21: 1, 13: 2, 22: 1, 26: 1, 5: 9, 15: 1, 3: 12, 2: 52, 6: 4, 4: 15, 9: 1, 12: 1}",-0.9475081543709567
74,barabasi_albert,100,5,2,0,2.9922,4.0,3.924283374069717,"{10: 2, 26: 1, 24: 1, 18: 1, 9: 1, 3: 16, 5: 4, 6: 7, 7: 2, 2: 50, 4: 11, 11: 1, 8: 3}",-0.9475081543709567
75,barabasi_albert,100,5,2,0,2.9606,4.0,4.007492981902775,"{13: 2, 24: 1, 21: 2, 11: 3, 2: 51, 3: 19, 5: 8, 10: 2, 4: 8, 6: 4}",-0.9475081543709567
76,barabasi_albert,100,5,2,0,2.8136,4.0,4.514421336118285,"{32: 1, 17: 3, 23: 1, 6: 1, 4: 14, 5: 9, 8: 1, 2: 52, 3: 15, 14: 1, 7: 1, 9: 1}",-0.9475081543709567
77,barabasi_albert,100,5,2,0,2.9202,4.0,3.9268307832143723,"{19: 1, 20: 2, 16: 1, 13: 1, 17: 1, 8: 5, 4: 9, 5: 3, 9: 3, 3: 16, 2: 55, 6: 2, 7: 1}",-0.9475081543709567
78,barabasi_albert,100,5,2,0,2.8864,4.0,4.1303752856126765,"{14: 1, 12: 1, 25: 1, 19: 1, 17: 1, 24: 1, 8: 3, 2: 50, 5: 6, 6: 4, 7: 2, 4: 10, 3: 19}",-0.9475081543709567
79,barabasi_albert,100,5,2,0,2.7746,4.0,4.730750469005948,"{27: 1, 12: 1, 28: 1, 18: 1, 25: 1, 9: 1, 5: 8, 16: 1, 4: 7, 6: 3, 3: 23, 2: 51, 8: 1}",-0.9475081543709567
80,barabasi_albert,100,5,2,0,2.7588,4.0,4.69041575982343,"{15: 1, 25: 1, 21: 1, 31: 1, 11: 1, 4: 11, 17: 1, 16: 1, 2: 49, 3: 25, 5: 4, 6: 2, 8: 1, 7: 1}",-0.9475081543709567
81,barabasi_albert,100,5,2,0,2.9404,4.0,4.057092555020159,"{13: 1, 14: 1, 10: 2, 16: 2, 31: 1, 4: 7, 3: 23, 5: 5, 8: 2, 9: 2, 7: 1, 6: 3, 2: 49, 11: 1}",-0.9475081543709567
82,barabasi_albert,100,5,2,0,2.9864,4.0,3.7549966711037173,"{13: 1, 6: 3, 24: 1, 8: 2, 26: 1, 7: 3, 5: 7, 9: 5, 3: 18, 2: 47, 4: 11, 10: 1}",-0.9475081543709567
83,barabasi_albert,100,5,2,0,2.9612,4.0,3.9089640571384128,"{11: 2, 8: 3, 29: 1, 17: 2, 4: 11, 13: 1, 10: 1, 5: 3, 7: 2, 6: 3, 3: 25, 2: 45, 12: 1}",-0.9475081543709567
84,barabasi_albert,100,5,2,0,2.9532,4.0,3.749666651850535,"{12: 4, 25: 1, 14: 1, 21: 1, 8: 2, 9: 2, 4: 12, 7: 1, 6: 6, 2: 45, 3: 24, 5: 1}",-0.9475081543709567
85,barabasi_albert,100,5,2,0,3.093,4.0,3.352610922848042,"{19: 2, 13: 1, 11: 3, 15: 1, 8: 3, 6: 7, 9: 1, 4: 7, 7: 1, 5: 8, 3: 19, 2: 47}",-0.9475081543709567
86,barabasi_albert,100,5,2,0,3.0102,4.0,3.823610858861032,"{18: 1, 28: 1, 14: 2, 13: 1, 6: 6, 2: 53, 7: 1, 11: 2, 5: 13, 8: 1, 4: 6, 9: 1, 3: 12}",-0.9475081543709567
87,barabasi_albert,100,5,2,0,2.9416,4.0,3.878143885933063,"{21: 1, 17: 3, 9: 1, 22: 1, 7: 2, 8: 2, 6: 2, 5: 6, 3: 22, 4: 11, 10: 1, 2: 47, 11: 1}",-0.9475081543709567
88,barabasi_albert,100,5,2,0,2.9108,4.0,4.096339829652808,"{27: 1, 11: 1, 14: 1, 16: 2, 23: 1, 4: 11, 10: 1, 5: 4, 6: 3, 7: 4, 2: 51, 3: 18, 8: 1, 9: 1}",-0.9475081543709567
89,barabasi_albert,100,5,2,0,2.8474,4.0,4.266145801540309,"{19: 1, 12: 3, 31: 1, 20: 1, 10: 2, 6: 4, 3: 18, 8: 2, 2: 54, 5: 6, 4: 6, 11: 1, 7: 1}",-0.9475081543709567
90,barabasi_albert,100,5,2,0,2.9606,4.0,3.919183588453085,"{25: 1, 23: 1, 12: 2, 13: 3, 14: 1, 6: 4, 5: 6, 4: 11, 9: 1, 3: 23, 2: 46, 7: 1}",-0.9475081543709567
91,barabasi_albert,100,5,2,0,2.8048,4.0,4.538722287164087,"{24: 2, 13: 1, 16: 1, 29: 1, 8: 2, 12: 1, 4: 6, 2: 54, 3: 20, 6: 5, 5: 4, 7: 2, 10: 1}",-0.9475081543709567
92,barabasi_albert,100,5,2,0,3.031,4.0,3.3674916480965473,"{13: 2, 15: 2, 14: 2, 10: 3, 5: 5, 2: 51, 4: 8, 8: 1, 12: 1, 6: 4, 11: 1, 9: 2, 3: 18}",-0.9475081543709567
93,barabasi_albert,100,5,2,0,2.902,4.0,4.27551166528639,"{13: 1, 5: 6, 32: 1, 24: 1, 17: 1, 9: 2, 12: 1, 4: 11, 3: 18, 6: 7, 8: 2, 2: 49}",-0.9475081543709567
94,barabasi_albert,100,5,2,0,2.8204,4.0,4.4136152981427825,"{17: 1, 24: 1, 29: 1, 12: 1, 20: 1, 7: 4, 8: 1, 13: 1, 3: 17, 5: 6, 6: 2, 4: 7, 2: 55, 9: 2}",-0.9475081543709567
95,barabasi_albert,100,5,2,0,2.9786,4.0,3.8314488121336034,"{19: 2, 15: 1, 7: 3, 23: 1, 6: 6, 12: 1, 5: 4, 11: 1, 4: 11, 10: 1, 3: 14, 9: 1, 13: 1, 2: 53}",-0.9475081543709567
96,barabasi_albert,100,5,2,0,3.0598,4.0,3.438022687534217,"{20: 1, 14: 3, 16: 1, 5: 9, 11: 1, 9: 3, 3: 14, 2: 50, 6: 1, 7: 2, 4: 12, 13: 1, 8: 2}",-0.9475081543709567
97,barabasi_albert,100,5,2,0,3.072,4.0,3.63318042491699,"{19: 1, 24: 1, 15: 1, 16: 1, 11: 2, 8: 2, 9: 2, 5: 5, 4: 9, 6: 6, 3: 23, 2: 45, 7: 2}",-0.9475081543709567
98,barabasi_albert,100,5,2,0,2.943,4.0,3.8366652186501757,"{17: 2, 11: 1, 19: 1, 23: 1, 10: 1, 6: 5, 5: 4, 16: 1, 4: 11, 8: 2, 9: 2, 3: 21, 2: 48}",-0.9475081543709567
99,barabasi_albert,100,5,2,0,2.899,4.0,4.24735211631906,"{17: 2, 23: 1, 9: 2, 29: 1, 2: 53, 5: 9, 3: 18, 12: 1, 4: 6, 6: 2, 8: 1, 11: 1, 10: 1, 7: 2}",-0.9475081543709567
100,barabasi_albert,100,5,2,0,3.0108,4.0,3.5468295701936396,"{19: 2, 6: 7, 18: 2, 5: 6, 9: 2, 4: 10, 3: 21, 2: 45, 7: 2, 13: 1, 8: 2}",-0.9475081543709567
101,barabasi_albert,100,5,2,0,2.9262,4.0,4.066939881532551,"{21: 1, 25: 1, 17: 1, 12: 1, 24: 1, 2: 47, 4: 13, 5: 9, 7: 4, 8: 2, 6: 2, 3: 18}",-0.9475081543709567
102,barabasi_albert,100,5,2,0,2.864,4.0,4.235563716909474,"{22: 1, 18: 3, 14: 1, 20: 1, 11: 1, 3: 22, 7: 1, 17: 1, 8: 1, 2: 52, 4: 11, 9: 2, 5: 3}",-0.9475081543709567
103,barabasi_albert,100,5,2,0,2.8986,4.0,4.365775990588615,"{31: 1, 23: 1, 13: 2, 8: 1, 21: 1, 5: 8, 12: 1, 6: 4, 4: 10, 10: 1, 2: 49, 7: 1, 3: 20}",-0.9475081543709567
104,barabasi_albert,100,5,2,0,2.9188,4.0,4.059556626036888,"{23: 1, 29: 1, 13: 2, 8: 2, 14: 1, 10: 1, 7: 6, 4: 9, 6: 5, 9: 1, 2: 54, 3: 14, 5: 3}",-0.9475081543709567
105,barabasi_albert,100,5,2,0,3.0798,4.0,3.3823069050575527,"{8: 5, 14: 2, 21: 1, 19: 1, 10: 2, 5: 5, 6: 6, 4: 15, 11: 1, 2: 46, 3: 16}",-0.9475081543709567
106,barabasi_albert,100,5,2,0,2.8092,4.0,4.57602447545902,"{18: 1, 21: 1, 34: 1, 17: 1, 15: 1, 14: 1, 7: 2, 8: 3, 2: 54, 5: 7, 6: 3, 4: 7, 3: 18}",-0.9475081543709567
107,barabasi_albert,100,5,2,0,2.964,4.0,3.9597979746446663,"{7: 7, 20: 1, 15: 1, 29: 1, 17: 1, 9: 1, 6: 3, 8: 2, 3: 23, 11: 1, 4: 7, 2: 47, 5: 5}",-0.9475081543709567
108,barabasi_albert,100,5,2,0,2.9182,4.0,4.012480529547776,"{14: 1, 22: 1, 11: 1, 26: 1, 16: 1, 10: 1, 17: 1, 6: 5, 8: 2, 3: 20, 4: 8, 7: 3, 2: 50, 5: 5}",-0.9475081543709567
109,barabasi_albert,100,5,2,0,2.9362,4.0,3.7841775856849003,"{17: 1, 27: 1, 13: 2, 15: 1, 14: 1, 6: 6, 3: 14, 5: 7, 9: 1, 4: 11, 8: 2, 10: 1, 2: 51, 7: 1}",-0.9475081543709567
110,barabasi_albert,100,5,2,0,3.017,4.0,3.8392707640904935,"{23: 1, 13: 1, 10: 1, 25: 1, 19: 1, 5: 8, 8: 4, 4: 12, 6: 3, 3: 19, 7: 2, 9: 1, 2: 46}",-0.9475081543709567
111,barabasi_albert,100,5,2,0,2.888,4.0,4.034848200366403,"{14: 3, 23: 2, 4: 10, 3: 19, 18: 1, 12: 1, 7: 1, 8: 3, 5: 4, 9: 2, 2: 52, 6: 2}",-0.9475081543709567
112,barabasi_albert,100,5,2,0,3.0116,4.0,3.671511950137164,"{12: 1, 26: 1, 14: 2, 13: 1, 9: 1, 15: 1, 8: 3, 3: 23, 7: 3, 4: 10, 5: 6, 11: 1, 2: 46, 10: 1}",-0.9475081543709567
113,barabasi_albert,100,5,2,0,2.9032,4.0,4.164132562731402,"{8: 2, 22: 1, 21: 1, 24: 1, 17: 1, 9: 2, 5: 7, 16: 1, 4: 9, 6: 2, 3: 21, 13: 1, 2: 50, 7: 1}",-0.9475081543709567
114,barabasi_albert,100,5,2,0,3.117,4.0,3.3136083051561784,"{15: 2, 14: 1, 9: 4, 20: 1, 8: 3, 10: 1, 7: 3, 3: 23, 4: 6, 2: 46, 5: 6, 12: 1, 6: 3}",-0.9475081543709567
115,barabasi_albert,100,5,2,0,2.8206,4.0,4.467661580737736,"{22: 1, 19: 1, 13: 1, 24: 1, 27: 1, 8: 2, 14: 1, 4: 6, 6: 4, 10: 1, 7: 2, 3: 23, 2: 52, 5: 4}",-0.9475081543709567
116,barabasi_albert,100,5,2,0,2.9594,4.0,3.8314488121336034,"{18: 1, 21: 1, 12: 1, 26: 1, 4: 11, 9: 3, 5: 5, 2: 45, 13: 1, 3: 23, 7: 3, 8: 2, 6: 3}",-0.9475081543709567
117,barabasi_albert,100,5,2,0,2.897,4.0,4.022437072223753,"{23: 1, 17: 1, 9: 4, 28: 1, 15: 1, 6: 2, 4: 10, 8: 4, 7: 1, 2: 45, 5: 5, 3: 25}",-0.9475081543709567
118,barabasi_albert,100,5,2,0,2.908,4.0,4.312771730569565,"{21: 1, 31: 1, 13: 1, 14: 1, 22: 1, 7: 4, 4: 11, 10: 1, 3: 20, 6: 3, 8: 2, 2: 49, 5: 5}",-0.9475081543709567
119,barabasi_albert,100,5,2,0,2.881,4.0,4.294182110716778,"{11: 1, 23: 1, 17: 1, 20: 1, 8: 2, 28: 1, 3: 19, 13: 1, 4: 7, 6: 4, 5: 5, 9: 2, 2: 53, 7: 2}",-0.9475081543709567
120,barabasi_albert,100,5,2,0,2.893,4.0,4.55411901469428,"{24: 1, 29: 1, 18: 1, 28: 1, 7: 4, 3: 25, 6: 5, 5: 4, 4: 13, 2: 44, 8: 1}",-0.9475081543709567
121,barabasi_albert,100,5,2,0,2.9586,4.0,4.152107898405339,"{9: 1, 31: 1, 14: 2, 7: 2, 22: 1, 13: 1, 6: 4, 10: 3, 3: 20, 5: 7, 2: 49, 4: 9}",-0.9475081543709567
122,barabasi_albert,100,5,2,0,2.8776,4.0,4.242640687119285,"{19: 1, 9: 1, 15: 1, 16: 1, 27: 1, 12: 1, 3: 20, 2: 52, 5: 5, 23: 1, 7: 2, 6: 3, 8: 2, 4: 8, 10: 1}",-0.9475081543709567
123,barabasi_albert,100,5,2,0,2.7844,4.0,4.5934736311423405,"{8: 4, 23: 1, 20: 1, 27: 1, 26: 1, 7: 2, 15: 1, 5: 7, 6: 1, 3: 13, 4: 10, 2: 57, 9: 1}",-0.9475081543709567
124,barabasi_albert,100,5,2,0,2.857,4.0,4.317406628984581,"{13: 2, 33: 1, 16: 1, 24: 1, 6: 7, 7: 2, 4: 10, 3: 22, 8: 2, 2: 47, 9: 1, 5: 4}",-0.9475081543709567
125,barabasi_albert,100,5,2,0,2.927,4.0,4.123105625617661,"{18: 2, 13: 1, 23: 1, 22: 1, 2: 54, 15: 1, 5: 4, 7: 3, 6: 4, 14: 1, 3: 17, 4: 9, 9: 1, 8: 1}",-0.9475081543709567
126,barabasi_albert,100,5,2,0,3.0356,4.0,3.54400902933387,"{10: 3, 21: 1, 11: 1, 16: 1, 13: 1, 6: 4, 7: 3, 2: 49, 19: 1, 12: 1, 5: 6, 8: 2, 4: 8, 3: 19}",-0.9475081543709567
127,barabasi_albert,100,5,2,0,2.9328,4.0,4.022437072223753,"{17: 2, 19: 1, 9: 1, 12: 2, 25: 1, 15: 1, 11: 1, 5: 6, 3: 22, 7: 3, 8: 2, 4: 7, 2: 51}",-0.9475081543709567
128,barabasi_albert,100,5,2,0,2.95,4.0,3.8183766184073566,"{21: 1, 14: 1, 23: 1, 12: 2, 18: 1, 8: 1, 11: 1, 3: 24, 4: 12, 5: 9, 9: 1, 2: 44, 13: 1, 6: 1}",-0.9475081543709567
129,barabasi_albert,100,5,2,0,2.9572,4.0,3.9522145690739006,"{10: 1, 29: 1, 14: 1, 17: 1, 13: 1, 16: 1, 8: 3, 4: 13, 5: 4, 6: 4, 11: 1, 12: 1, 3: 17, 2: 50, 7: 1}",-0.9475081543709567
130,barabasi_albert,100,5,2,0,2.9032,4.0,3.97994974842648,"{12: 1, 6: 7, 22: 2, 25: 1, 3: 16, 8: 3, 5: 8, 14: 1, 4: 7, 2: 51, 7: 3}",-0.9475081543709567
131,barabasi_albert,100,5,2,0,2.999,4.0,3.6249137920783716,"{9: 2, 24: 1, 12: 2, 22: 1, 11: 2, 2: 52, 6: 9, 4: 8, 3: 13, 5: 5, 8: 1, 7: 4}",-0.9475081543709567
132,barabasi_albert,100,5,2,0,2.9994,4.0,3.7336309405188937,"{20: 1, 22: 2, 13: 1, 14: 1, 8: 1, 7: 6, 4: 11, 5: 9, 6: 5, 2: 49, 3: 14}",-0.9475081543709567
133,barabasi_albert,100,5,2,0,2.873,4.0,4.354308211415448,"{28: 1, 16: 1, 24: 1, 18: 2, 9: 1, 8: 2, 6: 3, 7: 2, 3: 19, 12: 1, 2: 52, 5: 6, 4: 9}",-0.9475081543709567
134,barabasi_albert,100,5,2,0,2.9708,4.0,3.8652296180175374,"{15: 1, 14: 1, 20: 1, 23: 1, 19: 1, 9: 3, 4: 9, 12: 1, 2: 46, 3: 25, 5: 6, 11: 1, 8: 1, 6: 3}",-0.9475081543709567
135,barabasi_albert,100,5,2,0,2.9296,4.0,3.994996871087636,"{22: 1, 24: 1, 19: 1, 14: 1, 11: 2, 4: 11, 9: 3, 5: 7, 8: 1, 13: 1, 2: 52, 3: 17, 10: 1, 7: 1}",-0.9475081543709567
136,barabasi_albert,100,5,2,0,2.9126,4.0,4.358898943540674,"{15: 1, 13: 1, 19: 1, 16: 1, 35: 1, 8: 3, 5: 6, 3: 24, 2: 49, 4: 4, 9: 1, 6: 6, 10: 1, 7: 1}",-0.9475081543709567
137,barabasi_albert,100,5,2,0,2.8742,4.0,4.356604182158393,"{8: 2, 25: 1, 13: 2, 27: 1, 18: 1, 2: 54, 10: 2, 12: 1, 4: 8, 3: 20, 6: 5, 16: 1, 5: 2}",-0.9475081543709567
138,barabasi_albert,100,5,2,0,2.8414,4.0,4.525483399593904,"{35: 1, 18: 1, 12: 1, 24: 1, 6: 5, 13: 1, 3: 21, 2: 49, 9: 2, 7: 2, 5: 5, 10: 1, 4: 10}",-0.9475081543709567
139,barabasi_albert,100,5,2,0,2.9212,4.0,4.076763422127902,"{19: 1, 7: 2, 14: 1, 12: 1, 27: 1, 11: 1, 6: 3, 18: 2, 4: 13, 2: 50, 5: 5, 9: 2, 3: 18}",-0.9475081543709567
140,barabasi_albert,100,5,2,0,3.0006,4.0,3.8392707640904935,"{10: 2, 19: 1, 26: 1, 9: 2, 21: 1, 4: 10, 2: 44, 12: 1, 5: 7, 6: 4, 11: 1, 3: 24, 7: 2}",-0.9475081543709567
141,barabasi_albert,100,5,2,0,2.999,4.0,3.8340579025361627,"{27: 1, 14: 4, 18: 1, 5: 12, 3: 25, 4: 8, 2: 44, 11: 2, 7: 2, 8: 1}",-0.9475081543709567
142,barabasi_albert,100,5,2,0,3.0574,4.0,3.5327043465311387,"{11: 2, 15: 2, 8: 1, 24: 1, 16: 1, 9: 4, 7: 2, 3: 24, 6: 5, 2: 45, 4: 7, 5: 6}",-0.9475081543709567
143,barabasi_albert,100,5,2,0,2.9166,4.0,4.120679555607303,"{22: 1, 27: 1, 26: 1, 8: 2, 10: 1, 6: 7, 7: 5, 2: 49, 5: 8, 3: 16, 4: 9}",-0.9475081543709567
144,barabasi_albert,100,5,2,0,2.8052,4.0,4.64327470649756,"{29: 1, 15: 1, 27: 1, 19: 1, 21: 1, 6: 1, 4: 13, 5: 5, 2: 51, 3: 20, 7: 2, 8: 1, 12: 1, 10: 1}",-0.9475081543709567
145,barabasi_albert,100,5,2,0,2.855,4.0,4.560701700396552,"{35: 1, 14: 2, 22: 1, 13: 1, 2: 52, 6: 3, 12: 1, 8: 2, 16: 1, 5: 8, 3: 21, 4: 6, 9: 1}",-0.9475081543709567
146,barabasi_albert,100,5,2,0,2.8744,4.0,4.298837052040936,"{26: 1, 19: 1, 11: 1, 12: 1, 30: 1, 6: 5, 7: 3, 5: 4, 3: 21, 4: 11, 9: 2, 10: 1, 2: 48}",-0.9475081543709567
147,barabasi_albert,100,5,2,0,2.9554,4.0,3.8961519477556315,"{16: 2, 19: 1, 11: 1, 15: 2, 3: 17, 24: 1, 2: 52, 7: 3, 6: 3, 4: 7, 5: 9, 9: 1, 8: 1}",-0.9475081543709567
148,barabasi_albert,100,5,2,0,2.9122,4.0,4.019950248448356,"{21: 1, 7: 4, 14: 1, 25: 1, 22: 1, 2: 55, 13: 1, 9: 2, 8: 2, 6: 6, 5: 6, 3: 13, 4: 7}",-0.9475081543709567
149,barabasi_albert,100,5,2,0,2.892,4.0,4.180908992073374,"{23: 1, 25: 1, 20: 1, 8: 1, 14: 1, 5: 6, 9: 2, 12: 2, 4: 6, 3: 32, 6: 1, 17: 1, 7: 1, 2: 44}",-0.9475081543709567
150,barabasi_albert,100,5,2,0,2.8764,4.0,4.347413023856832,"{15: 2, 31: 1, 20: 1, 21: 1, 12: 1, 3: 22, 6: 4, 7: 3, 2: 49, 8: 3, 4: 12, 5: 1}",-0.9475081543709567
151,barabasi_albert,100,5,2,0,3.0772,4.0,3.3136083051561784,"{13: 1, 19: 1, 9: 2, 14: 1, 11: 2, 3: 14, 15: 2, 5: 10, 8: 3, 4: 9, 6: 3, 7: 2, 2: 50}",-0.9475081543709567
152,barabasi_albert,100,5,2,0,2.8068,4.0,4.789572005931219,"{40: 1, 15: 1, 14: 2, 17: 2, 5: 8, 9: 1, 10: 1, 6: 3, 3: 17, 2: 54, 7: 1, 8: 1, 4: 8}",-0.9475081543709567
153,barabasi_albert,100,5,2,0,2.8688,4.0,4.147288270665544,"{16: 3, 29: 1, 9: 2, 21: 1, 5: 6, 4: 15, 6: 1, 11: 1, 7: 2, 3: 19, 10: 1, 2: 48}",-0.9475081543709567
154,barabasi_albert,100,5,2,0,2.9402,4.0,3.906404996924922,"{6: 1, 15: 2, 16: 1, 22: 1, 9: 1, 7: 4, 24: 1, 13: 1, 3: 23, 5: 7, 2: 47, 8: 1, 10: 1, 4: 9}",-0.9475081543709567
155,barabasi_albert,100,5,2,0,3.0074,4.0,3.5693136595149495,"{20: 1, 14: 1, 17: 3, 12: 2, 6: 7, 7: 2, 4: 15, 5: 7, 8: 1, 3: 10, 2: 51}",-0.9475081543709567
156,barabasi_albert,100,5,2,0,2.9744,4.0,3.8961519477556315,"{15: 2, 21: 1, 10: 1, 27: 1, 7: 5, 13: 1, 6: 5, 9: 1, 2: 53, 3: 14, 4: 6, 5: 9, 8: 1}",-0.9475081543709567
157,barabasi_albert,100,5,2,0,2.9562,4.0,3.7336309405188937,"{20: 1, 18: 1, 22: 1, 17: 1, 10: 2, 3: 22, 13: 1, 6: 2, 11: 1, 8: 1, 2: 44, 4: 14, 5: 7, 7: 2}",-0.9475081543709567
158,barabasi_albert,100,5,2,0,2.9406,4.0,3.8340579025361627,"{18: 2, 14: 1, 19: 1, 16: 1, 17: 1, 5: 5, 12: 1, 4: 8, 10: 2, 8: 2, 2: 51, 6: 2, 3: 21, 7: 1, 9: 1}",-0.9475081543709567
159,barabasi_albert,100,5,2,0,2.8906,4.0,4.1085277168348275,"{13: 1, 21: 1, 8: 1, 26: 1, 12: 1, 3: 24, 6: 7, 25: 1, 9: 1, 2: 45, 4: 9, 11: 1, 5: 7}",-0.9475081543709567
160,barabasi_albert,100,5,2,0,3.0402,4.0,3.646916505762094,"{7: 4, 20: 1, 15: 1, 19: 1, 22: 1, 10: 1, 6: 6, 4: 14, 9: 2, 11: 1, 2: 47, 5: 4, 3: 17}",-0.9475081543709567
161,barabasi_albert,100,5,2,0,3.0498,4.0,3.54400902933387,"{10: 3, 13: 1, 12: 3, 9: 2, 7: 3, 8: 2, 20: 1, 2: 48, 5: 7, 3: 22, 21: 1, 4: 7}",-0.9475081543709567
162,barabasi_albert,100,5,2,0,2.8116,4.0,4.696807426326951,"{23: 1, 20: 1, 16: 1, 9: 1, 35: 1, 10: 2, 4: 10, 3: 18, 15: 1, 6: 3, 2: 53, 5: 6, 7: 2}",-0.9475081543709567
163,barabasi_albert,100,5,2,0,2.8924,4.0,4.268489194082608,"{30: 1, 13: 1, 24: 1, 14: 1, 15: 1, 6: 3, 11: 1, 8: 2, 12: 1, 5: 8, 4: 8, 3: 17, 9: 2, 2: 53}",-0.9475081543709567
164,barabasi_albert,100,5,2,0,2.8668,4.0,4.374928570845472,"{19: 2, 20: 1, 28: 1, 22: 1, 5: 4, 9: 2, 6: 3, 7: 3, 3: 19, 4: 15, 2: 49}",-0.9475081543709567
165,barabasi_albert,100,5,2,0,3.0134,4.0,3.81051177665153,"{16: 3, 21: 1, 14: 2, 3: 19, 5: 11, 18: 1, 10: 1, 8: 2, 9: 1, 4: 6, 2: 51, 6: 2}",-0.9475081543709567
166,barabasi_albert,100,5,2,0,3.0308,4.0,3.6578682316343767,"{14: 1, 28: 1, 12: 2, 17: 1, 2: 45, 6: 6, 7: 2, 11: 1, 4: 12, 10: 1, 5: 7, 3: 19, 8: 2}",-0.9475081543709567
167,barabasi_albert,100,5,2,0,3.0192,4.0,3.6304269721342695,"{17: 1, 12: 1, 20: 1, 15: 2, 11: 2, 16: 1, 6: 2, 4: 8, 5: 6, 2: 50, 8: 2, 3: 20, 7: 2, 9: 1, 10: 1}",-0.9475081543709567
168,barabasi_albert,100,5,2,0,2.895,4.0,4.197618372363071,"{23: 1, 15: 1, 11: 1, 18: 1, 28: 1, 7: 2, 4: 11, 9: 2, 8: 2, 5: 4, 12: 1, 6: 4, 2: 57, 10: 1, 3: 11}",-0.9475081543709567
169,barabasi_albert,100,5,2,0,2.9712,4.0,3.872983346207417,"{23: 2, 11: 1, 15: 1, 18: 1, 2: 46, 7: 1, 6: 2, 4: 13, 3: 21, 13: 1, 9: 2, 8: 1, 10: 1, 5: 7}",-0.9475081543709567
170,barabasi_albert,100,5,2,0,2.8958,4.0,4.178516483155236,"{13: 1, 20: 1, 26: 1, 23: 1, 17: 1, 10: 2, 4: 10, 11: 1, 7: 3, 3: 15, 5: 8, 6: 3, 2: 53}",-0.9475081543709567
171,barabasi_albert,100,5,2,0,2.928,4.0,3.8858718455450894,"{20: 1, 6: 2, 11: 1, 12: 1, 24: 1, 17: 1, 3: 16, 13: 1, 15: 1, 2: 53, 4: 10, 9: 2, 10: 1, 7: 3, 8: 1, 5: 5}",-0.9475081543709567
172,barabasi_albert,100,5,2,0,2.8036,4.0,4.703190406521939,"{16: 1, 7: 3, 26: 1, 32: 1, 24: 1, 2: 49, 8: 1, 12: 1, 3: 25, 4: 8, 6: 5, 11: 1, 5: 3}",-0.9475081543709567
173,barabasi_albert,100,5,2,0,2.956,4.0,4.009987531152684,"{23: 2, 7: 3, 18: 2, 16: 1, 9: 1, 3: 21, 10: 2, 5: 5, 4: 13, 2: 47, 6: 3}",-0.9475081543709567
174,barabasi_albert,100,5,2,0,2.9192,4.0,4.161730409336962,"{29: 1, 7: 2, 13: 2, 27: 1, 6: 4, 5: 3, 8: 2, 2: 43, 3: 29, 4: 9, 11: 1, 10: 2, 9: 1}",-0.9475081543709567
175,barabasi_albert,100,5,2,0,2.8712,4.0,4.347413023856832,"{24: 1, 19: 1, 31: 1, 15: 1, 10: 1, 11: 1, 3: 14, 7: 5, 8: 2, 2: 54, 6: 5, 4: 11, 5: 3}",-0.9475081543709567
176,barabasi_albert,100,5,2,0,2.8788,4.0,4.049691346263317,"{21: 2, 20: 1, 14: 1, 19: 1, 15: 1, 12: 1, 4: 10, 8: 3, 5: 5, 6: 5, 3: 19, 2: 51}",-0.9475081543709567
177,barabasi_albert,100,5,2,0,2.8968,4.0,4.03732584763727,"{29: 1, 10: 3, 20: 1, 4: 12, 15: 1, 8: 2, 14: 1, 5: 4, 3: 16, 6: 3, 7: 2, 13: 1, 11: 1, 2: 52}",-0.9475081543709567
178,barabasi_albert,100,5,2,0,2.9062,4.0,4.1085277168348275,"{14: 1, 18: 2, 23: 1, 25: 1, 9: 1, 11: 1, 6: 2, 5: 7, 10: 1, 3: 23, 4: 7, 8: 2, 2: 49, 7: 2}",-0.9475081543709567
179,barabasi_albert,100,5,2,0,3.0128,4.0,3.5777087639996634,"{25: 1, 10: 2, 9: 2, 16: 1, 17: 1, 12: 2, 3: 19, 4: 14, 5: 4, 7: 5, 2: 46, 8: 1, 6: 2}",-0.9475081543709567
180,barabasi_albert,100,5,2,0,3.0078,4.0,3.5242020373412193,"{16: 1, 17: 3, 18: 1, 9: 1, 10: 2, 6: 5, 2: 49, 8: 3, 5: 8, 3: 17, 4: 9, 7: 1}",-0.9475081543709567
181,barabasi_albert,100,5,2,0,2.8854,4.0,4.28485705712571,"{14: 1, 32: 1, 8: 1, 22: 1, 16: 2, 5: 8, 10: 2, 7: 3, 2: 46, 3: 25, 4: 8, 6: 2}",-0.9475081543709567
182,barabasi_albert,100,5,2,0,2.8934,4.0,4.219004621945797,"{28: 1, 17: 1, 22: 1, 11: 1, 18: 1, 6: 6, 8: 1, 9: 1, 7: 3, 5: 4, 16: 1, 2: 52, 4: 9, 3: 18}",-0.9475081543709567
183,barabasi_albert,100,5,2,0,2.9392,4.0,4.076763422127902,"{21: 1, 29: 1, 10: 1, 17: 1, 14: 1, 7: 2, 11: 3, 3: 22, 6: 6, 9: 1, 4: 4, 5: 7, 2: 50}",-0.9475081543709567
184,barabasi_albert,100,5,2,0,3.0788,4.0,3.461213659975356,"{15: 2, 20: 2, 9: 3, 7: 5, 3: 25, 4: 6, 6: 4, 5: 7, 12: 1, 10: 1, 2: 44}",-0.9475081543709567
185,barabasi_albert,100,5,2,0,2.873,4.0,4.211887937730538,"{20: 1, 26: 1, 10: 1, 25: 1, 8: 2, 14: 1, 11: 1, 12: 1, 9: 2, 6: 3, 7: 3, 2: 48, 3: 29, 5: 2, 4: 4}",-0.9475081543709567
186,barabasi_albert,100,5,2,0,2.8146,4.0,4.487761134463375,"{24: 1, 10: 1, 20: 1, 19: 1, 29: 1, 13: 1, 3: 25, 2: 52, 6: 2, 5: 3, 11: 1, 8: 4, 4: 5, 9: 1, 7: 1}",-0.9475081543709567
187,barabasi_albert,100,5,2,0,2.8836,4.0,4.324349662087931,"{20: 3, 29: 1, 10: 1, 6: 5, 2: 51, 8: 1, 3: 19, 12: 1, 5: 3, 4: 12, 7: 1, 13: 1, 9: 1}",-0.9475081543709567
188,barabasi_albert,100,5,2,0,2.9438,4.0,3.939543120718442,"{23: 1, 15: 1, 14: 1, 27: 1, 11: 2, 3: 25, 4: 5, 7: 4, 6: 6, 2: 47, 9: 2, 8: 1, 5: 4}",-0.9475081543709567
189,barabasi_albert,100,5,2,0,2.8602,4.0,4.214261501141095,"{12: 1, 19: 1, 25: 2, 8: 1, 3: 21, 13: 2, 10: 1, 4: 9, 2: 51, 5: 7, 14: 1, 9: 2, 7: 1}",-0.9475081543709567
190,barabasi_albert,100,5,2,0,2.8274,4.0,4.521061822182927,"{21: 1, 33: 1, 25: 1, 13: 1, 11: 1, 7: 4, 5: 7, 2: 50, 8: 1, 4: 11, 10: 1, 3: 19, 9: 1, 6: 1}",-0.9475081543709567
191,barabasi_albert,100,5,2,0,3.0146,4.0,3.6633318168028404,"{15: 1, 21: 1, 14: 1, 13: 3, 20: 1, 2: 49, 7: 2, 5: 8, 4: 10, 3: 18, 8: 2, 11: 1, 6: 3}",-0.9475081543709567
192,barabasi_albert,100,5,2,0,2.8702,4.0,4.1303752856126765,"{14: 1, 17: 1, 21: 1, 28: 1, 15: 2, 4: 11, 8: 2, 11: 1, 5: 5, 3: 22, 6: 3, 7: 2, 2: 48}",-0.9475081543709567
193,barabasi_albert,100,5,2,0,2.8568,4.0,4.310452412450461,"{19: 2, 14: 2, 25: 1, 22: 1, 4: 4, 15: 1, 9: 2, 3: 28, 6: 4, 5: 3, 8: 1, 7: 1, 2: 50}",-0.9475081543709567
194,barabasi_albert,100,5,2,0,2.885,4.0,4.2731721238443,"{29: 1, 19: 1, 17: 2, 18: 1, 9: 2, 10: 2, 5: 5, 2: 53, 12: 1, 6: 1, 4: 12, 7: 2, 3: 17}",-0.9475081543709567
195,barabasi_albert,100,5,2,0,2.8958,4.0,4.166533331199932,"{19: 1, 10: 1, 11: 2, 24: 1, 28: 1, 7: 2, 5: 9, 6: 2, 12: 1, 3: 17, 9: 1, 8: 3, 4: 6, 2: 53}",-0.9475081543709567
196,barabasi_albert,100,5,2,0,2.7522,4.0,5.037856687123999,"{28: 1, 6: 5, 17: 1, 14: 2, 39: 1, 7: 2, 11: 1, 2: 53, 3: 23, 9: 1, 4: 4, 5: 5, 8: 1}",-0.9475081543709567
197,barabasi_albert,100,5,2,0,2.9412,4.0,3.7868192457522976,"{20: 1, 15: 1, 14: 2, 18: 1, 5: 6, 6: 3, 8: 3, 3: 13, 4: 16, 21: 1, 2: 51, 12: 1, 9: 1}",-0.9475081543709567
198,barabasi_albert,100,5,2,0,2.8786,4.0,4.39317652729776,"{14: 2, 26: 1, 27: 1, 18: 2, 10: 2, 3: 21, 5: 8, 4: 10, 2: 50, 8: 1, 6: 2}",-0.9475081543709567
199,barabasi_albert,100,5,2,0,2.897,4.0,4.317406628984581,"{25: 1, 15: 1, 20: 1, 8: 3, 29: 1, 10: 1, 13: 1, 6: 5, 5: 5, 4: 14, 2: 52, 3: 14, 7: 1}",-0.9475081543709567
200,barabasi_albert,100,5,2,0,2.8252,4.0,4.61519230368573,"{24: 1, 23: 1, 32: 1, 14: 1, 10: 2, 7: 1, 4: 13, 2: 50, 5: 4, 9: 2, 15: 1, 3: 21, 6: 2}",-0.9475081543709567
201,barabasi_albert,100,5,2,0,2.8264,4.0,4.420407221060069,"{13: 2, 24: 2, 30: 1, 10: 1, 3: 28, 7: 2, 6: 4, 8: 2, 2: 45, 5: 6, 4: 7}",-0.9475081543709567
202,barabasi_albert,100,5,2,0,2.8648,4.0,4.365775990588615,"{24: 1, 10: 3, 13: 1, 35: 1, 14: 1, 4: 15, 3: 16, 5: 6, 7: 2, 6: 6, 2: 48}",-0.9475081543709567
203,barabasi_albert,100,5,2,0,2.8968,4.0,4.207136793592526,"{10: 2, 24: 1, 23: 1, 13: 1, 19: 1, 18: 1, 4: 7, 9: 3, 2: 58, 12: 1, 7: 2, 5: 3, 3: 15, 8: 1, 6: 3}",-0.9475081543709567
204,barabasi_albert,100,5,2,0,3.0,4.0,3.591656999213594,"{17: 1, 15: 1, 20: 2, 7: 5, 13: 1, 10: 2, 6: 8, 3: 15, 2: 52, 8: 2, 4: 8, 5: 3}",-0.9475081543709567
205,barabasi_albert,100,5,2,0,3.0504,4.0,3.627671429443411,"{25: 1, 13: 2, 9: 2, 20: 1, 11: 1, 8: 2, 5: 9, 7: 2, 10: 2, 6: 4, 3: 19, 2: 48, 4: 7}",-0.9475081543709567
206,barabasi_albert,100,5,2,0,2.991,4.0,3.794733192202055,"{13: 1, 7: 2, 26: 1, 20: 1, 19: 1, 5: 9, 4: 14, 8: 1, 10: 1, 11: 2, 3: 17, 6: 4, 2: 46}",-0.9475081543709567
207,barabasi_albert,100,5,2,0,2.8636,4.0,4.303486958270002,"{21: 1, 24: 1, 25: 1, 14: 1, 20: 1, 7: 3, 12: 1, 6: 4, 4: 11, 2: 51, 8: 2, 3: 19, 5: 4}",-0.9475081543709567
208,barabasi_albert,100,5,2,0,3.1308,4.0,3.127299154222378,"{11: 1, 10: 4, 16: 1, 18: 1, 7: 3, 12: 1, 8: 3, 9: 3, 5: 9, 4: 8, 2: 50, 3: 14, 6: 2}",-0.9475081543709567
209,barabasi_albert,100,5,2,0,2.9658,4.0,3.924283374069717,"{23: 1, 7: 3, 17: 1, 12: 2, 18: 1, 15: 2, 4: 14, 8: 1, 9: 1, 2: 51, 3: 18, 16: 1, 6: 2, 5: 2}",-0.9475081543709567
210,barabasi_albert,100,5,2,0,2.9704,4.0,3.6027767069303644,"{14: 3, 21: 1, 18: 1, 15: 1, 8: 2, 3: 20, 7: 4, 10: 2, 4: 8, 6: 1, 9: 1, 5: 7, 2: 49}",-0.9475081543709567
211,barabasi_albert,100,5,2,0,2.8868,4.0,4.33589667773576,"{15: 1, 9: 1, 30: 1, 27: 1, 10: 1, 3: 19, 13: 2, 7: 5, 5: 3, 8: 3, 2: 52, 4: 9, 6: 2}",-0.9475081543709567
212,barabasi_albert,100,5,2,0,2.9984,4.0,3.872983346207417,"{11: 2, 24: 1, 13: 1, 12: 1, 28: 1, 5: 5, 7: 3, 8: 2, 9: 1, 3: 20, 4: 20, 2: 42, 6: 1}",-0.9475081543709567
213,barabasi_albert,100,5,2,0,2.9754,4.0,3.9522145690739006,"{12: 1, 17: 1, 22: 1, 14: 1, 26: 1, 13: 1, 2: 47, 6: 5, 10: 1, 5: 7, 11: 1, 3: 22, 4: 9, 7: 2}",-0.9475081543709567
214,barabasi_albert,100,5,2,0,2.873,4.0,4.317406628984581,"{10: 1, 29: 1, 21: 1, 25: 1, 16: 1, 3: 24, 2: 47, 4: 7, 6: 7, 7: 2, 5: 6, 11: 1, 8: 1}",-0.9475081543709567
215,barabasi_albert,100,5,2,0,2.883,4.0,4.349712634186309,"{22: 1, 25: 1, 9: 3, 8: 2, 29: 1, 4: 11, 14: 1, 3: 19, 6: 3, 5: 6, 2: 50, 11: 1, 7: 1}",-0.9475081543709567
216,barabasi_albert,100,5,2,0,3.0768,4.0,3.4698703145794942,"{20: 1, 17: 1, 14: 1, 19: 1, 15: 1, 6: 6, 11: 1, 5: 7, 8: 2, 2: 43, 7: 3, 3: 22, 4: 11}",-0.9475081543709567
217,barabasi_albert,100,5,2,0,2.8468,4.0,4.538722287164087,"{29: 1, 16: 1, 26: 1, 23: 1, 15: 1, 3: 20, 11: 1, 6: 4, 8: 1, 7: 2, 5: 6, 2: 50, 4: 11}",-0.9475081543709567
218,barabasi_albert,100,5,2,0,2.9588,4.0,3.867815921162743,"{25: 1, 9: 2, 13: 2, 18: 1, 7: 6, 8: 1, 19: 1, 5: 2, 15: 1, 3: 21, 4: 10, 6: 3, 2: 49}",-0.9475081543709567
219,barabasi_albert,100,5,2,0,2.9642,4.0,3.8314488121336034,"{14: 1, 16: 2, 17: 1, 22: 1, 15: 2, 5: 8, 13: 1, 7: 1, 8: 2, 4: 10, 3: 23, 2: 47, 6: 1}",-0.9475081543709567
220,barabasi_albert,100,5,2,0,2.8414,4.0,4.418144406874904,"{14: 1, 32: 1, 15: 1, 22: 1, 18: 1, 5: 4, 3: 19, 4: 14, 13: 1, 7: 1, 11: 2, 2: 50, 6: 4}",-0.9475081543709567
221,barabasi_albert,100,5,2,0,2.8326,4.0,4.671188285650665,"{31: 1, 13: 2, 15: 1, 30: 1, 19: 1, 7: 2, 2: 49, 6: 4, 4: 15, 3: 20, 5: 3, 8: 1}",-0.9475081543709567
222,barabasi_albert,100,5,2,0,2.8838,4.0,4.512205669071391,"{13: 2, 16: 1, 39: 1, 7: 5, 14: 1, 10: 2, 11: 1, 5: 6, 4: 7, 3: 21, 2: 50, 6: 3}",-0.9475081543709567
223,barabasi_albert,100,5,2,0,2.9384,4.0,3.7013511046643495,"{27: 1, 12: 2, 10: 2, 15: 2, 14: 1, 6: 5, 5: 7, 2: 49, 3: 17, 7: 2, 4: 10, 9: 1, 8: 1}",-0.9475081543709567
224,barabasi_albert,100,5,2,0,2.9778,4.0,3.8026306683663087,"{15: 1, 23: 1, 21: 1, 16: 1, 6: 4, 11: 1, 9: 3, 3: 21, 7: 2, 2: 50, 5: 3, 4: 8, 8: 2, 13: 1, 10: 1}",-0.9475081543709567
225,barabasi_albert,100,5,2,0,2.914,4.0,4.06201920231798,"{23: 1, 10: 1, 16: 1, 28: 1, 19: 1, 4: 12, 6: 6, 3: 21, 8: 3, 7: 3, 2: 46, 5: 4}",-0.9475081543709567
226,barabasi_albert,100,5,2,0,2.9394,4.0,4.029888335921977,"{23: 1, 26: 1, 13: 1, 14: 1, 18: 1, 3: 22, 7: 2, 5: 8, 9: 2, 4: 8, 12: 1, 2: 48, 6: 3, 10: 1}",-0.9475081543709567
227,barabasi_albert,100,5,2,0,2.9224,4.0,3.9673668849754744,"{17: 1, 23: 1, 21: 2, 8: 2, 10: 2, 6: 3, 9: 2, 12: 1, 4: 12, 5: 9, 2: 54, 3: 11}",-0.9475081543709567
228,barabasi_albert,100,5,2,0,3.0708,4.0,3.560898762952971,"{14: 1, 17: 1, 20: 1, 18: 1, 15: 1, 5: 5, 11: 1, 12: 1, 6: 3, 4: 12, 7: 5, 9: 1, 3: 18, 8: 1, 2: 48}",-0.9475081543709567
229,barabasi_albert,100,5,2,0,2.8042,4.0,4.50111097397076,"{18: 1, 32: 1, 14: 1, 26: 1, 8: 3, 9: 2, 3: 21, 2: 53, 6: 5, 5: 3, 4: 5, 13: 1, 7: 3}",-0.9475081543709567
230,barabasi_albert,100,5,2,0,2.827,4.0,4.424929377967517,"{33: 1, 15: 3, 16: 2, 13: 1, 2: 53, 8: 3, 4: 10, 3: 21, 12: 1, 9: 1, 6: 1, 5: 2, 7: 1}",-0.9475081543709567
231,barabasi_albert,100,5,2,0,2.865,4.0,4.386342439892261,"{12: 2, 24: 1, 20: 1, 30: 1, 9: 2, 8: 2, 2: 52, 3: 20, 7: 2, 5: 6, 11: 1, 4: 9, 13: 1}",-0.9475081543709567
232,barabasi_albert,100,5,2,0,2.9638,4.0,3.9698866482558417,"{10: 2, 19: 3, 26: 1, 2: 49, 4: 9, 7: 1, 6: 6, 9: 3, 3: 20, 5: 5, 8: 1}",-0.9475081543709567
233,barabasi_albert,100,5,2,0,2.9722,4.0,3.919183588453085,"{14: 1, 11: 1, 16: 1, 19: 2, 26: 1, 4: 11, 8: 3, 6: 6, 7: 2, 2: 49, 3: 18, 5: 5}",-0.9475081543709567
234,barabasi_albert,100,5,2,0,2.9234,4.0,4.042276586281547,"{16: 1, 26: 1, 18: 1, 14: 1, 10: 3, 6: 2, 22: 1, 5: 6, 2: 49, 4: 14, 3: 18, 8: 1, 7: 1, 9: 1}",-0.9475081543709567
235,barabasi_albert,100,5,2,0,2.8816,4.0,4.197618372363071,"{22: 2, 13: 1, 8: 3, 26: 1, 11: 1, 12: 1, 6: 7, 14: 1, 5: 3, 3: 20, 4: 6, 2: 53, 9: 1}",-0.9475081543709567
236,barabasi_albert,100,5,2,0,2.917,4.0,4.261455150532504,"{10: 4, 12: 1, 21: 1, 5: 2, 30: 1, 7: 3, 6: 2, 22: 1, 11: 1, 4: 13, 8: 1, 3: 21, 2: 49}",-0.9475081543709567
237,barabasi_albert,100,5,2,0,2.847,4.0,4.326661530556787,"{14: 1, 16: 2, 27: 1, 11: 1, 23: 1, 20: 1, 10: 1, 6: 4, 4: 12, 2: 51, 5: 5, 3: 19, 7: 1}",-0.9475081543709567
238,barabasi_albert,100,5,2,0,3.0072,4.0,3.749666651850535,"{13: 2, 19: 1, 20: 1, 22: 1, 7: 4, 3: 30, 12: 2, 5: 4, 11: 1, 6: 5, 4: 6, 2: 43}",-0.9475081543709567
239,barabasi_albert,100,5,2,0,2.959,4.0,3.9673668849754744,"{13: 2, 28: 1, 7: 4, 21: 1, 12: 3, 3: 20, 4: 7, 2: 51, 8: 2, 5: 5, 9: 2, 6: 2}",-0.9475081543709567
240,barabasi_albert,100,5,2,0,2.9358,4.0,3.8987177379235853,"{22: 1, 14: 1, 18: 1, 19: 1, 20: 1, 8: 3, 2: 46, 3: 29, 7: 3, 9: 2, 6: 4, 4: 6, 5: 1, 12: 1}",-0.9475081543709567
241,barabasi_albert,100,5,2,0,2.9762,4.0,3.8392707640904935,"{18: 1, 10: 1, 11: 1, 14: 1, 25: 1, 9: 4, 20: 1, 8: 3, 7: 2, 6: 2, 3: 19, 4: 11, 2: 50, 5: 3}",-0.9475081543709567
242,barabasi_albert,100,5,2,0,2.933,4.0,4.034848200366403,"{12: 2, 22: 1, 25: 1, 15: 1, 14: 1, 3: 19, 17: 1, 5: 3, 10: 1, 4: 9, 7: 2, 6: 5, 8: 1, 2: 52, 9: 1}",-0.9475081543709567
243,barabasi_albert,100,5,2,0,2.9302,4.0,3.8574603043971822,"{13: 1, 18: 1, 15: 2, 25: 1, 6: 3, 17: 1, 7: 6, 5: 9, 4: 7, 2: 55, 8: 1, 3: 12, 10: 1}",-0.9475081543709567
244,barabasi_albert,100,5,2,0,2.8128,4.0,4.4362146025637665,"{25: 2, 23: 1, 15: 2, 4: 9, 16: 1, 3: 16, 7: 1, 5: 5, 11: 1, 6: 6, 2: 55, 8: 1}",-0.9475081543709567
245,barabasi_albert,100,5,2,0,2.9212,4.0,4.042276586281547,"{9: 2, 17: 2, 24: 1, 16: 1, 22: 1, 4: 10, 5: 5, 6: 4, 14: 1, 3: 24, 2: 47, 7: 1, 10: 1}",-0.9475081543709567
246,barabasi_albert,100,5,2,0,2.9066,4.0,4.312771730569565,"{19: 2, 15: 1, 7: 2, 35: 1, 5: 8, 4: 12, 3: 17, 6: 5, 2: 48, 8: 3, 9: 1}",-0.9475081543709567
247,barabasi_albert,100,5,2,0,2.9558,4.0,3.7067505985701277,"{19: 2, 15: 1, 20: 1, 12: 2, 6: 7, 9: 1, 14: 1, 4: 8, 2: 50, 7: 3, 8: 1, 5: 4, 3: 19}",-0.9475081543709567
248,barabasi_albert,100,5,2,0,3.007,4.0,3.9344631145812006,"{19: 1, 16: 1, 30: 1, 14: 1, 4: 11, 12: 1, 5: 7, 8: 2, 7: 3, 2: 47, 9: 2, 3: 19, 6: 4}",-0.9475081543709567
249,barabasi_albert,100,5,2,0,2.836,4.0,4.474371464239419,"{10: 1, 12: 2, 30: 1, 28: 1, 15: 1, 11: 1, 6: 6, 2: 55, 3: 18, 14: 1, 9: 1, 4: 6, 7: 1, 8: 1, 5: 4}",-0.9475081543709567
250,barabasi_albert,100,5,2,0,2.946,4.0,3.8548670534792766,"{17: 1, 20: 1, 22: 1, 10: 2, 16: 2, 7: 1, 11: 1, 8: 1, 5: 7, 2: 54, 4: 9, 9: 2, 6: 4, 3: 14}",-0.9475081543709567
251,barabasi_albert,100,5,2,0,3.0626,4.0,3.4263683398023628,"{16: 1, 23: 1, 10: 3, 18: 1, 8: 2, 6: 4, 7: 3, 4: 11, 9: 3, 3: 15, 5: 8, 2: 48}",-0.9475081543709567
252,barabasi_albert,100,5,2,0,2.8728,4.0,4.43846820423443,"{19: 1, 25: 1, 20: 1, 28: 1, 14: 1, 3: 22, 12: 1, 8: 1, 2: 49, 5: 3, 9: 2, 4: 13, 6: 3, 7: 1}",-0.9475081543709567
253,barabasi_albert,100,5,2,0,2.9148,4.0,4.120679555607303,"{18: 1, 19: 1, 15: 1, 24: 1, 23: 1, 3: 22, 11: 2, 6: 4, 4: 16, 2: 47, 10: 1, 9: 1, 7: 1, 5: 1}",-0.9475081543709567
254,barabasi_albert,100,5,2,0,2.9332,4.0,4.069397989875161,"{11: 5, 9: 1, 18: 1, 29: 1, 5: 5, 20: 1, 8: 1, 2: 50, 3: 22, 7: 2, 10: 1, 6: 3, 4: 7}",-0.9475081543709567
255,barabasi_albert,100,5,2,0,2.9204,4.0,4.022437072223753,"{14: 1, 16: 2, 20: 1, 28: 1, 11: 1, 6: 6, 8: 1, 9: 2, 4: 9, 5: 5, 3: 15, 2: 53, 7: 3}",-0.9475081543709567
256,barabasi_albert,100,5,2,0,2.8136,4.0,4.705316142407437,"{21: 1, 17: 1, 33: 1, 6: 3, 18: 1, 9: 2, 5: 5, 3: 21, 24: 1, 7: 3, 2: 51, 4: 10}",-0.9475081543709567
257,barabasi_albert,100,5,2,0,2.8192,4.0,4.658325879540846,"{8: 5, 25: 1, 23: 1, 22: 1, 30: 1, 7: 4, 2: 55, 3: 16, 6: 3, 4: 9, 5: 4}",-0.9475081543709567
258,barabasi_albert,100,5,2,0,2.9712,4.0,3.9268307832143723,"{25: 1, 23: 1, 21: 1, 7: 7, 15: 1, 10: 1, 6: 3, 3: 22, 8: 1, 2: 44, 4: 13, 5: 5}",-0.9475081543709567
259,barabasi_albert,100,5,2,0,2.937,4.0,3.8704004960727256,"{15: 2, 27: 1, 17: 2, 5: 7, 7: 4, 4: 8, 3: 20, 8: 3, 9: 1, 6: 2, 2: 49, 11: 1}",-0.9475081543709567
260,barabasi_albert,100,5,2,0,2.9404,4.0,4.03732584763727,"{10: 1, 25: 2, 18: 1, 14: 1, 5: 10, 8: 1, 3: 19, 15: 1, 9: 2, 6: 3, 2: 47, 4: 12}",-0.9475081543709567
261,barabasi_albert,100,5,2,0,2.9776,4.0,3.916631205513228,"{16: 2, 17: 1, 15: 1, 22: 1, 19: 1, 12: 1, 8: 1, 13: 1, 5: 7, 3: 17, 7: 2, 2: 50, 4: 14, 6: 1}",-0.9475081543709567
262,barabasi_albert,100,5,2,0,2.9546,4.0,3.893584466786357,"{16: 1, 15: 1, 25: 1, 11: 3, 23: 1, 3: 15, 6: 6, 4: 14, 8: 1, 5: 4, 2: 50, 9: 1, 7: 2}",-0.9475081543709567
263,barabasi_albert,100,5,2,0,2.8976,4.0,4.180908992073374,"{25: 1, 21: 1, 13: 1, 14: 1, 16: 1, 3: 20, 22: 1, 10: 1, 4: 10, 7: 2, 2: 52, 6: 3, 8: 3, 9: 1, 5: 2}",-0.9475081543709567
264,barabasi_albert,100,5,2,0,3.0252,4.0,3.6742346141747673,"{20: 1, 9: 1, 17: 1, 15: 1, 23: 1, 10: 1, 4: 9, 6: 5, 5: 10, 7: 3, 12: 1, 2: 49, 11: 1, 3: 16}",-0.9475081543709567
265,barabasi_albert,100,5,2,0,3.0104,4.0,3.594440151122286,"{13: 2, 12: 1, 23: 1, 11: 3, 18: 1, 6: 4, 10: 2, 9: 2, 2: 49, 4: 7, 5: 8, 3: 20}",-0.9475081543709567
266,barabasi_albert,100,5,2,0,2.8234,4.0,4.527692569068709,"{19: 1, 15: 2, 23: 1, 30: 1, 3: 12, 5: 7, 17: 1, 4: 9, 8: 3, 2: 59, 7: 1, 6: 1, 9: 1, 10: 1}",-0.9475081543709567
267,barabasi_albert,100,5,2,0,2.9396,4.0,4.144876355212541,"{22: 1, 12: 2, 9: 2, 10: 1, 31: 1, 8: 1, 7: 4, 11: 1, 6: 5, 3: 16, 14: 1, 5: 2, 2: 53, 4: 10}",-0.9475081543709567
268,barabasi_albert,100,5,2,0,2.9544,4.0,3.994996871087636,"{20: 1, 19: 1, 22: 1, 4: 10, 15: 2, 11: 1, 3: 23, 5: 7, 8: 2, 12: 1, 17: 1, 2: 48, 6: 1, 7: 1}",-0.9475081543709567
269,barabasi_albert,100,5,2,0,3.0016,4.0,3.7629775444453557,"{14: 1, 19: 1, 12: 1, 27: 1, 10: 1, 11: 1, 15: 1, 3: 18, 4: 12, 9: 1, 8: 1, 5: 7, 2: 47, 6: 5, 7: 2}",-0.9475081543709567
270,barabasi_albert,100,5,2,0,2.8354,4.0,4.567274898667694,"{30: 1, 7: 4, 18: 1, 29: 1, 17: 1, 5: 5, 12: 2, 4: 11, 8: 1, 2: 51, 3: 19, 6: 3}",-0.9475081543709567
271,barabasi_albert,100,5,2,0,2.9342,4.0,4.0024992192379,"{14: 2, 20: 1, 22: 1, 21: 1, 15: 1, 5: 7, 16: 1, 6: 2, 4: 12, 7: 2, 3: 22, 2: 47, 9: 1}",-0.9475081543709567
272,barabasi_albert,100,5,2,0,2.8754,4.0,4.240283009422838,"{28: 1, 21: 1, 9: 2, 11: 2, 24: 1, 7: 2, 5: 6, 3: 25, 14: 1, 8: 2, 6: 3, 2: 48, 4: 6}",-0.9475081543709567
273,barabasi_albert,100,5,2,0,2.9732,4.0,3.7336309405188937,"{12: 1, 21: 1, 11: 3, 17: 1, 23: 1, 8: 1, 4: 10, 14: 1, 6: 8, 2: 45, 7: 1, 3: 24, 5: 3}",-0.9475081543709567
274,barabasi_albert,100,5,2,0,3.0546,4.0,3.4467375879228173,"{9: 2, 16: 2, 19: 2, 11: 1, 5: 5, 6: 7, 8: 2, 10: 2, 3: 21, 4: 9, 7: 1, 2: 46}",-0.9475081543709567
275,barabasi_albert,100,5,2,0,2.8542,4.0,4.4788391353117385,"{34: 1, 20: 1, 19: 1, 11: 2, 14: 1, 12: 1, 7: 3, 2: 58, 4: 12, 8: 2, 5: 3, 6: 2, 9: 2, 3: 11}",-0.9475081543709567
276,barabasi_albert,100,5,2,0,2.9396,4.0,3.997499218261337,"{21: 1, 26: 1, 16: 1, 17: 1, 14: 1, 6: 5, 10: 1, 5: 6, 8: 1, 12: 1, 2: 47, 4: 8, 7: 1, 11: 1, 3: 24}",-0.9475081543709567
277,barabasi_albert,100,5,2,0,2.8114,4.0,4.78539444560216,"{8: 3, 31: 1, 32: 1, 17: 1, 18: 1, 2: 55, 11: 2, 6: 3, 3: 16, 5: 9, 4: 7, 7: 1}",-0.9475081543709567
278,barabasi_albert,100,5,2,0,2.9294,4.0,4.049691346263317,"{26: 1, 12: 1, 13: 1, 24: 1, 8: 3, 18: 1, 9: 3, 7: 1, 3: 23, 5: 7, 6: 2, 4: 6, 2: 49, 11: 1}",-0.9475081543709567
279,barabasi_albert,100,5,2,0,2.879,4.0,4.3335897360040905,"{19: 2, 26: 2, 12: 2, 4: 11, 2: 54, 6: 6, 8: 3, 9: 1, 5: 4, 3: 15}",-0.9475081543709567
280,barabasi_albert,100,5,2,0,2.8484,4.0,4.467661580737736,"{16: 2, 18: 1, 10: 1, 35: 1, 8: 2, 4: 8, 5: 5, 7: 3, 3: 20, 13: 1, 12: 1, 2: 53, 11: 1, 9: 1}",-0.9475081543709567
281,barabasi_albert,100,5,2,0,2.9022,4.0,4.132795663954365,"{15: 2, 10: 1, 20: 1, 29: 1, 3: 22, 18: 1, 4: 11, 7: 3, 12: 1, 2: 48, 9: 1, 6: 5, 5: 3}",-0.9475081543709567
282,barabasi_albert,100,5,2,0,3.0064,4.0,3.730951621235526,"{20: 1, 11: 2, 21: 1, 17: 1, 12: 1, 2: 50, 10: 1, 5: 4, 7: 1, 14: 1, 3: 18, 13: 1, 8: 4, 4: 13, 6: 1}",-0.9475081543709567
283,barabasi_albert,100,5,2,0,3.0064,4.0,3.687817782917155,"{14: 1, 20: 1, 15: 2, 21: 1, 8: 2, 4: 14, 10: 2, 11: 1, 3: 17, 13: 1, 6: 3, 5: 5, 7: 1, 2: 49}",-0.9475081543709567
284,barabasi_albert,100,5,2,0,2.8678,4.0,4.361192497471305,"{9: 2, 20: 1, 15: 1, 26: 1, 30: 1, 5: 4, 7: 6, 6: 5, 2: 50, 3: 21, 8: 1, 4: 7}",-0.9475081543709567
285,barabasi_albert,100,5,2,0,2.8906,4.0,4.328972164382672,"{7: 3, 33: 1, 24: 1, 6: 5, 15: 1, 13: 1, 9: 1, 10: 1, 3: 22, 11: 1, 4: 6, 5: 4, 8: 3, 2: 50}",-0.9475081543709567
286,barabasi_albert,100,5,2,0,2.9222,4.0,4.3220365569948616,"{20: 1, 29: 1, 16: 1, 24: 1, 15: 1, 5: 6, 4: 11, 9: 2, 3: 20, 8: 1, 6: 4, 2: 49, 7: 2}",-0.9475081543709567
287,barabasi_albert,100,5,2,0,3.0292,4.0,3.5355339059327378,"{10: 2, 27: 1, 13: 1, 15: 1, 14: 1, 4: 12, 5: 9, 12: 1, 8: 2, 7: 5, 3: 21, 2: 43, 6: 1}",-0.9475081543709567
288,barabasi_albert,100,5,2,0,3.0168,4.0,3.5777087639996634,"{16: 1, 26: 1, 14: 2, 7: 4, 3: 17, 8: 3, 10: 2, 5: 13, 9: 2, 2: 51, 6: 3, 4: 1}",-0.9475081543709567
289,barabasi_albert,100,5,2,0,2.805,4.0,4.604345773288535,"{16: 1, 29: 1, 14: 1, 24: 1, 25: 1, 4: 11, 12: 1, 6: 3, 8: 3, 2: 51, 3: 23, 7: 1, 11: 1, 5: 1}",-0.9475081543709567
290,barabasi_albert,100,5,2,0,2.9742,4.0,3.893584466786357,"{18: 1, 12: 1, 16: 2, 28: 1, 11: 1, 6: 5, 5: 5, 7: 2, 4: 10, 8: 5, 3: 16, 2: 51}",-0.9475081543709567
291,barabasi_albert,100,5,2,0,2.8286,4.0,4.411349000022556,"{15: 1, 16: 1, 31: 1, 23: 1, 4: 10, 10: 2, 5: 7, 6: 5, 18: 1, 3: 15, 2: 54, 11: 1, 8: 1}",-0.9475081543709567
292,barabasi_albert,100,5,2,0,2.8032,4.0,4.619523784980439,"{13: 1, 31: 1, 22: 1, 28: 1, 14: 1, 4: 13, 11: 1, 3: 22, 5: 3, 9: 1, 2: 48, 6: 6, 7: 1}",-0.9475081543709567
293,barabasi_albert,100,5,2,0,2.9678,4.0,3.7735924528226414,"{18: 1, 19: 1, 12: 1, 26: 1, 9: 4, 6: 6, 5: 7, 10: 2, 8: 1, 2: 49, 3: 22, 7: 2, 4: 3}",-0.9475081543709567
294,barabasi_albert,100,5,2,0,2.9292,4.0,4.066939881532551,"{14: 1, 29: 1, 19: 1, 13: 2, 17: 1, 5: 5, 2: 52, 6: 3, 7: 4, 4: 11, 8: 2, 3: 16, 12: 1}",-0.9475081543709567
295,barabasi_albert,100,5,2,0,2.9654,4.0,3.9089640571384128,"{14: 1, 26: 1, 19: 2, 17: 1, 5: 8, 10: 2, 6: 5, 4: 15, 3: 15, 2: 48, 7: 2}",-0.9475081543709567
296,barabasi_albert,100,5,2,0,2.9362,4.0,3.9140771581561853,"{23: 1, 21: 1, 15: 1, 13: 2, 19: 1, 9: 2, 3: 12, 8: 4, 5: 10, 7: 2, 2: 55, 4: 9}",-0.9475081543709567
297,barabasi_albert,100,5,2,0,2.9616,4.0,3.9115214431215892,"{24: 1, 16: 1, 14: 1, 21: 1, 13: 2, 6: 3, 7: 3, 2: 53, 12: 1, 3: 20, 10: 1, 8: 2, 5: 7, 9: 1, 4: 3}",-0.9475081543709567
298,barabasi_albert,100,5,2,0,2.9336,4.0,3.9899874686520005,"{26: 1, 25: 1, 17: 1, 15: 1, 10: 1, 8: 4, 5: 5, 3: 20, 2: 47, 4: 12, 7: 3, 6: 3, 9: 1}",-0.9475081543709567
299,barabasi_albert,100,5,2,0,2.9846,4.0,3.916631205513228,"{16: 1, 26: 1, 15: 1, 21: 1, 12: 2, 3: 19, 13: 1, 4: 12, 2: 48, 6: 5, 8: 1, 7: 1, 5: 6, 9: 1}",-0.9475081543709567
300,barabasi_albert,100,5,2,0,2.9932,4.0,3.8392707640904935,"{11: 2, 23: 1, 18: 1, 19: 1, 21: 1, 2: 46, 7: 3, 3: 23, 6: 6, 8: 1, 4: 8, 5: 6, 9: 1}",-0.9475081543709567
301,barabasi_albert,100,5,2,0,2.9652,4.0,4.012480529547776,"{19: 1, 18: 1, 15: 1, 23: 2, 3: 21, 10: 1, 7: 4, 8: 1, 9: 1, 2: 48, 4: 11, 6: 4, 5: 4}",-0.9475081543709567
302,barabasi_albert,100,5,2,0,3.0378,4.0,3.671511950137164,"{18: 2, 19: 2, 17: 1, 11: 1, 4: 16, 6: 6, 7: 3, 3: 18, 8: 2, 5: 3, 2: 46}",-0.9475081543709567
303,barabasi_albert,100,5,2,0,2.9038,4.0,4.13763217311544,"{27: 1, 10: 1, 8: 3, 12: 2, 25: 1, 17: 1, 13: 1, 3: 23, 6: 4, 5: 7, 2: 50, 4: 4, 9: 1, 7: 1}",-0.9475081543709567
304,barabasi_albert,100,5,2,0,2.9636,4.0,3.823610858861032,"{21: 1, 16: 2, 8: 2, 22: 1, 6: 5, 10: 2, 15: 1, 5: 3, 3: 28, 2: 44, 4: 9, 14: 1, 7: 1}",-0.9475081543709567
305,barabasi_albert,100,5,2,0,2.931,4.0,4.223742416388575,"{29: 1, 28: 1, 7: 5, 16: 1, 9: 2, 4: 6, 3: 21, 8: 2, 5: 10, 2: 48, 13: 1, 6: 2}",-0.9475081543709567
306,barabasi_albert,100,5,2,0,2.8512,4.0,4.411349000022556,"{21: 1, 31: 1, 15: 1, 18: 1, 16: 1, 14: 1, 10: 2, 6: 3, 3: 27, 4: 10, 2: 47, 12: 1, 5: 4}",-0.9475081543709567
307,barabasi_albert,100,5,2,0,2.9748,4.0,3.712142238654117,"{7: 3, 20: 1, 6: 3, 25: 1, 17: 1, 4: 9, 12: 1, 9: 2, 3: 23, 13: 1, 8: 2, 10: 1, 5: 7, 2: 45}",-0.9475081543709567
308,barabasi_albert,100,5,2,0,3.0134,4.0,3.81051177665153,"{12: 1, 20: 2, 26: 1, 13: 1, 4: 15, 6: 3, 8: 3, 3: 22, 5: 5, 9: 1, 7: 3, 2: 43}",-0.9475081543709567
309,barabasi_albert,100,5,2,0,2.963,4.0,3.862641583165593,"{16: 1, 20: 1, 18: 1, 25: 1, 12: 1, 4: 9, 8: 3, 5: 5, 11: 1, 9: 1, 7: 4, 3: 20, 2: 49, 6: 3}",-0.9475081543709567
310,barabasi_albert,100,5,2,0,2.9262,4.0,4.156921938165306,"{8: 6, 32: 1, 24: 1, 14: 1, 12: 1, 6: 6, 5: 4, 3: 21, 4: 8, 7: 2, 9: 1, 2: 48}",-0.9475081543709567
311,barabasi_albert,100,5,2,0,2.951,4.0,3.916631205513228,"{8: 1, 21: 1, 25: 1, 17: 1, 18: 1, 10: 2, 3: 19, 6: 8, 13: 1, 7: 2, 5: 5, 4: 9, 2: 49}",-0.9475081543709567
312,barabasi_albert,100,5,2,0,2.8418,4.0,4.465422712353221,"{15: 2, 14: 1, 32: 1, 24: 1, 2: 51, 6: 6, 3: 25, 11: 2, 13: 1, 4: 5, 8: 1, 7: 2, 5: 2}",-0.9475081543709567
313,barabasi_albert,100,5,2,0,2.807,4.0,4.512205669071391,"{27: 1, 12: 2, 22: 1, 30: 1, 8: 1, 5: 3, 9: 1, 13: 1, 4: 8, 6: 7, 7: 1, 3: 25, 2: 48}",-0.9475081543709567
314,barabasi_albert,100,5,2,0,2.8458,4.0,4.427188724235731,"{30: 1, 23: 1, 13: 1, 24: 1, 14: 1, 5: 10, 4: 12, 7: 2, 2: 52, 12: 1, 6: 3, 8: 1, 3: 14}",-0.9475081543709567
315,barabasi_albert,100,5,2,0,3.0602,4.0,3.4842502780368694,"{13: 1, 18: 1, 11: 1, 16: 2, 19: 1, 4: 9, 9: 3, 6: 2, 8: 2, 7: 4, 5: 8, 3: 16, 2: 50}",-0.9475081543709567
316,barabasi_albert,100,5,2,0,2.932,4.0,3.9370039370059056,"{18: 1, 11: 1, 14: 2, 21: 1, 20: 1, 4: 5, 7: 2, 15: 1, 3: 19, 9: 2, 6: 3, 10: 1, 2: 55, 8: 1, 12: 1, 5: 4}",-0.9475081543709567
317,barabasi_albert,100,5,2,0,2.912,4.0,4.113392760240627,"{8: 4, 29: 1, 9: 5, 26: 1, 14: 1, 10: 1, 6: 6, 5: 6, 4: 6, 3: 16, 2: 53}",-0.9475081543709567
318,barabasi_albert,100,5,2,0,2.881,4.0,4.354308211415448,"{15: 1, 14: 1, 27: 2, 20: 1, 12: 1, 8: 1, 6: 6, 5: 9, 3: 19, 2: 51, 9: 1, 4: 7}",-0.9475081543709567
319,barabasi_albert,100,5,2,0,2.8792,4.0,4.076763422127902,"{21: 1, 8: 4, 27: 1, 11: 1, 20: 1, 2: 50, 4: 9, 14: 1, 10: 1, 3: 21, 6: 4, 5: 3, 13: 1, 7: 2}",-0.9475081543709567
320,barabasi_albert,100,5,2,0,2.794,4.0,4.547526800360829,"{16: 2, 26: 1, 33: 1, 11: 1, 13: 1, 9: 1, 8: 2, 2: 54, 6: 3, 3: 15, 5: 7, 7: 2, 4: 10}",-0.9475081543709567
321,barabasi_albert,100,5,2,0,2.9474,4.0,3.939543120718442,"{18: 1, 4: 7, 28: 1, 12: 2, 19: 1, 7: 2, 3: 21, 2: 49, 8: 4, 6: 4, 5: 6, 13: 1, 9: 1}",-0.9475081543709567
322,barabasi_albert,100,5,2,0,2.921,4.0,4.180908992073374,"{31: 1, 14: 1, 23: 1, 13: 1, 7: 3, 12: 1, 8: 1, 9: 2, 6: 4, 10: 1, 11: 1, 2: 49, 4: 11, 5: 2, 3: 21}",-0.9475081543709567
323,barabasi_albert,100,5,2,0,2.9258,4.0,4.173727350941841,"{14: 1, 35: 1, 17: 2, 9: 1, 10: 1, 3: 25, 7: 3, 5: 6, 8: 2, 6: 5, 4: 10, 2: 43}",-0.9475081543709567
324,barabasi_albert,100,5,2,0,3.0296,4.0,3.5972211497209896,"{20: 1, 13: 1, 17: 1, 19: 1, 14: 1, 7: 2, 12: 2, 3: 29, 5: 6, 6: 2, 9: 2, 2: 43, 10: 1, 8: 1, 4: 7}",-0.9475081543709567
325,barabasi_albert,100,5,2,0,2.877,4.0,4.39089968002003,"{20: 2, 15: 1, 33: 1, 11: 2, 13: 1, 4: 8, 2: 51, 6: 7, 7: 2, 3: 19, 5: 6}",-0.9475081543709567
326,barabasi_albert,100,5,2,0,2.8826,4.0,4.317406628984581,"{12: 1, 13: 2, 18: 1, 34: 1, 20: 1, 7: 3, 8: 1, 6: 4, 5: 9, 3: 14, 2: 51, 4: 12}",-0.9475081543709567
327,barabasi_albert,100,5,2,0,2.891,4.0,4.406812907306141,"{23: 1, 15: 1, 17: 1, 26: 1, 25: 1, 3: 24, 4: 7, 7: 2, 10: 2, 2: 50, 6: 4, 5: 4, 8: 2}",-0.9475081543709567
328,barabasi_albert,100,5,2,0,2.8268,4.0,4.39317652729776,"{26: 1, 24: 1, 10: 2, 15: 1, 22: 1, 19: 1, 3: 18, 5: 8, 4: 10, 11: 1, 6: 3, 7: 1, 2: 52}",-0.9475081543709567
329,barabasi_albert,100,5,2,0,2.9754,4.0,3.714835124201342,"{21: 1, 25: 1, 10: 3, 17: 1, 9: 1, 12: 1, 4: 10, 3: 16, 6: 8, 7: 2, 2: 49, 5: 6, 8: 1}",-0.9475081543709567
330,barabasi_albert,100,5,2,0,2.9022,4.0,4.242640687119285,"{13: 1, 19: 2, 15: 1, 30: 1, 14: 1, 2: 47, 10: 2, 8: 1, 4: 12, 3: 26, 7: 2, 9: 2, 5: 2}",-0.9475081543709567
331,barabasi_albert,100,5,2,0,2.875,4.0,4.547526800360829,"{18: 3, 17: 1, 34: 1, 7: 2, 10: 1, 5: 7, 4: 10, 13: 1, 8: 1, 2: 56, 3: 13, 6: 4}",-0.9475081543709567
332,barabasi_albert,100,5,2,0,2.9228,4.0,4.115823125451335,"{17: 1, 11: 1, 29: 1, 23: 1, 14: 2, 4: 15, 7: 2, 3: 17, 8: 3, 5: 7, 2: 48, 6: 2}",-0.9475081543709567
333,barabasi_albert,100,5,2,0,2.9358,4.0,3.878143885933063,"{24: 1, 15: 2, 22: 1, 16: 1, 13: 1, 8: 1, 4: 13, 6: 4, 2: 47, 5: 7, 3: 19, 7: 2, 11: 1}",-0.9475081543709567
334,barabasi_albert,100,5,2,0,2.909,4.0,4.420407221060069,"{25: 2, 20: 1, 17: 1, 19: 1, 5: 4, 6: 6, 3: 17, 10: 1, 2: 54, 8: 1, 4: 10, 14: 1, 7: 1}",-0.9475081543709567
335,barabasi_albert,100,5,2,0,2.8834,4.0,4.240283009422838,"{16: 1, 22: 1, 21: 1, 9: 2, 15: 1, 2: 48, 6: 4, 3: 24, 8: 2, 7: 3, 4: 9, 28: 1, 5: 3}",-0.9475081543709567
336,barabasi_albert,100,5,2,0,2.9452,4.0,3.916631205513228,"{19: 1, 27: 1, 10: 2, 15: 1, 17: 1, 8: 1, 6: 4, 5: 5, 7: 4, 4: 7, 13: 1, 11: 1, 3: 23, 2: 48}",-0.9475081543709567
337,barabasi_albert,100,5,2,0,3.0114,4.0,3.627671429443411,"{21: 1, 13: 2, 10: 2, 18: 1, 12: 1, 7: 5, 19: 1, 3: 16, 5: 3, 4: 10, 2: 51, 8: 1, 6: 6}",-0.9475081543709567
338,barabasi_albert,100,5,2,0,2.9362,4.0,3.994996871087636,"{15: 1, 28: 1, 21: 1, 17: 1, 11: 1, 9: 2, 8: 4, 5: 9, 7: 3, 6: 3, 2: 54, 3: 14, 4: 6}",-0.9475081543709567
339,barabasi_albert,100,5,2,0,2.9488,4.0,3.8652296180175374,"{22: 1, 20: 1, 13: 2, 11: 3, 17: 1, 9: 1, 8: 3, 12: 2, 3: 24, 7: 1, 2: 50, 4: 9, 5: 2}",-0.9475081543709567
340,barabasi_albert,100,5,2,0,2.9116,4.0,3.984971769034255,"{20: 2, 19: 1, 13: 2, 21: 1, 16: 1, 3: 20, 4: 12, 5: 6, 6: 5, 2: 48, 7: 2}",-0.9475081543709567
341,barabasi_albert,100,5,2,0,2.921,4.0,3.97994974842648,"{24: 1, 13: 1, 22: 1, 8: 1, 16: 2, 9: 5, 5: 3, 4: 7, 2: 56, 7: 3, 10: 2, 3: 16, 6: 2}",-0.9475081543709567
342,barabasi_albert,100,5,2,0,2.8954,4.0,4.06201920231798,"{23: 2, 12: 1, 19: 1, 16: 1, 4: 8, 6: 4, 7: 2, 10: 1, 2: 49, 17: 1, 8: 2, 5: 6, 3: 22}",-0.9475081543709567
343,barabasi_albert,100,5,2,0,2.819,4.0,4.623851208678757,"{18: 1, 14: 1, 19: 1, 25: 1, 32: 1, 7: 1, 2: 53, 5: 6, 8: 3, 3: 20, 6: 4, 13: 1, 4: 7}",-0.9475081543709567
344,barabasi_albert,100,5,2,0,2.9352,4.0,3.9420806688854046,"{29: 1, 19: 1, 6: 3, 16: 1, 9: 1, 5: 5, 12: 1, 3: 22, 11: 4, 4: 11, 8: 3, 2: 47}",-0.9475081543709567
345,barabasi_albert,100,5,2,0,3.0422,4.0,3.5637059362410923,"{15: 2, 14: 1, 17: 3, 9: 1, 4: 13, 6: 4, 13: 1, 5: 4, 3: 16, 8: 1, 2: 50, 7: 3, 10: 1}",-0.9475081543709567
346,barabasi_albert,100,5,2,0,2.8258,4.0,4.547526800360829,"{15: 1, 13: 1, 27: 1, 19: 1, 29: 1, 11: 1, 17: 1, 7: 1, 6: 2, 5: 7, 2: 49, 3: 24, 4: 9, 9: 1}",-0.9475081543709567
347,barabasi_albert,100,5,2,0,2.9392,4.0,4.152107898405339,"{30: 1, 23: 1, 18: 1, 14: 1, 10: 2, 3: 19, 6: 4, 7: 4, 5: 4, 8: 3, 2: 49, 4: 11}",-0.9475081543709567
348,barabasi_albert,100,5,2,0,2.8576,4.0,4.5431266766402185,"{15: 1, 31: 1, 20: 1, 10: 1, 24: 1, 4: 13, 7: 1, 13: 3, 3: 21, 2: 51, 8: 1, 5: 4, 9: 1}",-0.9475081543709567
349,barabasi_albert,100,5,2,0,2.7504,4.0,5.061620293937506,"{43: 1, 26: 1, 10: 2, 11: 3, 3: 23, 5: 3, 4: 12, 7: 4, 12: 1, 2: 49, 8: 1}",-0.9475081543709567
350,barabasi_albert,100,5,2,0,2.9034,4.0,4.071854614300467,"{15: 1, 21: 1, 28: 1, 14: 1, 17: 1, 8: 2, 3: 18, 6: 4, 11: 1, 5: 6, 7: 5, 2: 53, 4: 5, 9: 1}",-0.9475081543709567
351,barabasi_albert,100,5,2,0,2.9828,4.0,3.916631205513228,"{15: 1, 23: 1, 20: 1, 4: 13, 11: 2, 7: 3, 18: 1, 16: 1, 3: 20, 6: 4, 13: 1, 5: 2, 2: 49, 8: 1}",-0.9475081543709567
352,barabasi_albert,100,5,2,0,2.9808,4.0,3.7067505985701277,"{14: 1, 15: 1, 22: 1, 20: 1, 13: 1, 7: 5, 16: 1, 6: 3, 4: 10, 2: 47, 8: 1, 9: 1, 5: 4, 3: 22, 10: 1}",-0.9475081543709567
353,barabasi_albert,100,5,2,0,2.8494,4.0,4.326661530556787,"{14: 1, 30: 1, 21: 1, 15: 1, 17: 1, 8: 5, 3: 16, 7: 2, 2: 56, 4: 7, 9: 1, 5: 6, 16: 1, 6: 1}",-0.9475081543709567
354,barabasi_albert,100,5,2,0,2.8696,4.0,4.4294469180700204,"{29: 1, 7: 3, 25: 1, 13: 3, 22: 1, 9: 1, 2: 51, 5: 8, 10: 1, 4: 7, 3: 21, 6: 2}",-0.9475081543709567
355,barabasi_albert,100,5,2,0,2.9898,4.0,3.6496575181789317,"{15: 1, 16: 1, 14: 1, 22: 1, 7: 1, 11: 2, 4: 14, 3: 20, 6: 4, 19: 1, 5: 5, 10: 1, 9: 2, 2: 46}",-0.9475081543709567
356,barabasi_albert,100,5,2,0,2.8658,4.0,4.188078318274385,"{28: 1, 15: 3, 14: 2, 2: 53, 17: 1, 13: 1, 3: 22, 10: 3, 4: 8, 5: 2, 6: 3, 7: 1}",-0.9475081543709567
357,barabasi_albert,100,5,2,0,2.8814,4.0,4.573838650411709,"{11: 1, 22: 1, 18: 1, 38: 1, 12: 1, 6: 3, 2: 47, 5: 8, 4: 15, 8: 2, 3: 18, 10: 1, 7: 1}",-0.9475081543709567
358,barabasi_albert,100,5,2,0,2.9186,4.0,4.2,"{20: 1, 31: 1, 14: 2, 11: 2, 18: 1, 7: 1, 5: 8, 3: 19, 4: 11, 8: 1, 9: 1, 6: 3, 2: 49}",-0.9475081543709567
359,barabasi_albert,100,5,2,0,2.8338,4.0,4.494441010848846,"{29: 1, 18: 2, 21: 1, 24: 1, 6: 7, 4: 11, 5: 3, 3: 18, 2: 52, 8: 3, 7: 1}",-0.9475081543709567
360,barabasi_albert,100,5,2,0,3.0482,4.0,3.5383612025908264,"{7: 3, 11: 2, 10: 3, 16: 1, 23: 1, 15: 1, 8: 2, 6: 6, 13: 1, 3: 15, 4: 7, 5: 4, 2: 53, 9: 1}",-0.9475081543709567
361,barabasi_albert,100,5,2,0,3.013,4.0,3.690528417449187,"{15: 1, 21: 1, 16: 1, 9: 1, 14: 2, 2: 47, 8: 1, 18: 1, 11: 1, 10: 2, 6: 4, 3: 25, 7: 2, 5: 3, 4: 8}",-0.9475081543709567
362,barabasi_albert,100,5,2,0,3.128,4.0,3.3166247903554,"{10: 3, 18: 1, 15: 1, 19: 1, 8: 3, 12: 1, 13: 1, 5: 4, 4: 15, 11: 1, 6: 4, 2: 41, 3: 24}",-0.9475081543709567
363,barabasi_albert,100,5,2,0,3.0406,4.0,3.712142238654117,"{18: 2, 23: 1, 19: 1, 10: 1, 6: 5, 5: 13, 8: 2, 2: 51, 11: 1, 7: 1, 4: 9, 3: 12, 9: 1}",-0.9475081543709567
364,barabasi_albert,100,5,2,0,3.0088,4.0,3.5383612025908264,"{17: 2, 22: 1, 16: 1, 10: 1, 15: 1, 3: 18, 4: 18, 5: 4, 8: 3, 6: 4, 7: 3, 2: 44}",-0.9475081543709567
365,barabasi_albert,100,5,2,0,2.9038,4.0,4.147288270665544,"{10: 1, 25: 1, 26: 1, 17: 1, 18: 1, 5: 7, 7: 3, 2: 50, 4: 10, 12: 1, 8: 3, 9: 1, 3: 19, 6: 1}",-0.9475081543709567
366,barabasi_albert,100,5,2,0,2.9814,4.0,3.8496753109840314,"{18: 1, 23: 1, 22: 1, 16: 2, 5: 7, 7: 5, 4: 14, 3: 20, 2: 45, 6: 3, 11: 1}",-0.9475081543709567
367,barabasi_albert,100,5,2,0,3.045,4.0,3.616628264005025,"{18: 1, 14: 1, 20: 1, 8: 3, 21: 1, 4: 15, 6: 4, 7: 4, 10: 2, 2: 49, 3: 15, 13: 1, 5: 3}",-0.9475081543709567
368,barabasi_albert,100,5,2,0,2.8136,4.0,4.68187996428785,"{42: 1, 9: 3, 15: 1, 17: 1, 13: 1, 5: 5, 3: 25, 10: 1, 4: 11, 7: 4, 2: 45, 6: 1, 8: 1}",-0.9475081543709567
369,barabasi_albert,100,5,2,0,2.746,4.0,4.905099387372289,"{34: 1, 18: 1, 32: 1, 14: 1, 11: 1, 3: 26, 6: 2, 12: 1, 8: 2, 5: 6, 7: 1, 2: 49, 10: 1, 4: 7}",-0.9475081543709567
370,barabasi_albert,100,5,2,0,2.9842,4.0,3.9420806688854046,"{13: 2, 17: 1, 22: 1, 19: 1, 16: 1, 7: 2, 3: 19, 8: 1, 2: 50, 6: 3, 4: 12, 12: 1, 5: 5, 18: 1}",-0.9475081543709567
371,barabasi_albert,100,5,2,0,2.783,4.0,4.741307836451879,"{17: 2, 27: 2, 8: 2, 12: 1, 3: 18, 6: 2, 7: 3, 26: 1, 4: 12, 2: 54, 5: 3}",-0.9475081543709567
372,barabasi_albert,100,5,2,0,2.9336,4.0,3.9673668849754744,"{21: 1, 11: 2, 18: 1, 15: 1, 14: 1, 7: 4, 9: 2, 3: 19, 4: 9, 8: 1, 24: 1, 10: 1, 5: 5, 2: 52}",-0.9475081543709567
373,barabasi_albert,100,5,2,0,2.946,4.0,4.216633728461603,"{12: 2, 25: 1, 31: 1, 6: 2, 9: 2, 8: 4, 7: 3, 3: 16, 5: 5, 11: 2, 2: 53, 4: 9}",-0.9475081543709567
374,barabasi_albert,100,5,2,0,2.9294,4.0,3.9293765408777,"{23: 1, 24: 1, 12: 1, 19: 1, 14: 1, 6: 4, 16: 1, 4: 17, 2: 41, 5: 4, 3: 25, 7: 1, 8: 2}",-0.9475081543709567
375,barabasi_albert,100,5,2,0,2.7748,4.0,4.71805044483418,"{19: 1, 6: 2, 16: 2, 39: 1, 14: 1, 8: 1, 10: 2, 9: 2, 3: 22, 2: 51, 5: 7, 4: 7, 7: 1}",-0.9475081543709567
376,barabasi_albert,100,5,2,0,3.0696,4.0,3.402939905434711,"{18: 1, 14: 1, 12: 2, 13: 1, 8: 1, 5: 5, 10: 1, 3: 24, 11: 1, 6: 3, 19: 1, 7: 3, 9: 3, 2: 46, 4: 7}",-0.9475081543709567
377,barabasi_albert,100,5,2,0,2.741,4.0,5.140038910358559,"{19: 1, 10: 1, 30: 1, 37: 1, 8: 1, 4: 9, 5: 3, 20: 1, 2: 50, 3: 26, 7: 2, 6: 2, 12: 1, 9: 1}",-0.9475081543709567
378,barabasi_albert,100,5,2,0,2.8924,4.0,4.237924020083418,"{23: 2, 27: 1, 10: 2, 15: 1, 6: 4, 2: 50, 3: 20, 12: 1, 7: 2, 9: 1, 5: 9, 4: 7}",-0.9475081543709567
379,barabasi_albert,100,5,2,0,2.895,4.0,4.120679555607303,"{16: 1, 20: 1, 15: 1, 22: 1, 26: 1, 4: 10, 5: 8, 3: 18, 11: 2, 6: 5, 8: 1, 2: 50, 7: 1}",-0.9475081543709567
380,barabasi_albert,100,5,2,0,2.9464,4.0,4.1085277168348275,"{21: 1, 11: 1, 13: 1, 28: 1, 22: 1, 10: 3, 8: 2, 4: 11, 5: 6, 3: 23, 2: 46, 6: 4}",-0.9475081543709567
381,barabasi_albert,100,5,2,0,3.0428,4.0,3.6687872655688283,"{15: 1, 24: 1, 11: 2, 14: 1, 21: 1, 7: 4, 4: 15, 3: 13, 9: 1, 8: 1, 5: 8, 6: 2, 2: 49, 10: 1}",-0.9475081543709567
382,barabasi_albert,100,5,2,0,2.9622,4.0,3.82099463490856,"{28: 1, 10: 1, 8: 4, 7: 3, 17: 1, 12: 1, 11: 1, 13: 3, 4: 6, 3: 22, 5: 6, 2: 49, 6: 2}",-0.9475081543709567
383,barabasi_albert,100,5,2,0,2.964,4.0,3.997499218261337,"{17: 1, 16: 1, 30: 1, 13: 2, 8: 6, 12: 1, 4: 14, 11: 1, 3: 16, 6: 4, 2: 51, 5: 2}",-0.9475081543709567
384,barabasi_albert,100,5,2,0,2.8604,4.0,4.2708313008125245,"{6: 2, 15: 1, 35: 1, 14: 1, 17: 1, 12: 1, 13: 1, 4: 14, 3: 17, 9: 3, 5: 7, 7: 1, 2: 49, 8: 1}",-0.9475081543709567
385,barabasi_albert,100,5,2,0,2.8956,4.0,4.235563716909474,"{25: 1, 13: 2, 22: 2, 20: 1, 6: 2, 2: 49, 7: 5, 3: 19, 4: 15, 5: 3, 8: 1}",-0.9475081543709567
386,barabasi_albert,100,5,2,0,2.9988,4.0,3.736308338453881,"{18: 2, 16: 1, 11: 2, 21: 1, 6: 5, 13: 2, 7: 3, 3: 17, 2: 51, 4: 12, 8: 1, 5: 2, 9: 1}",-0.9475081543709567
387,barabasi_albert,100,5,2,0,3.126,4.0,3.3674916480965473,"{19: 1, 14: 2, 11: 2, 2: 49, 5: 3, 18: 1, 8: 4, 4: 17, 9: 2, 3: 13, 7: 1, 6: 4, 12: 1}",-0.9475081543709567
388,barabasi_albert,100,5,2,0,2.8198,4.0,4.545327270945404,"{32: 1, 14: 1, 21: 2, 16: 1, 6: 5, 15: 1, 8: 1, 7: 2, 2: 54, 4: 11, 5: 3, 3: 17, 11: 1}",-0.9475081543709567
389,barabasi_albert,100,5,2,0,2.849,4.0,4.2708313008125245,"{10: 1, 24: 1, 26: 1, 22: 1, 14: 1, 11: 2, 2: 55, 6: 4, 5: 5, 8: 2, 4: 5, 7: 3, 3: 18, 12: 1}",-0.9475081543709567
390,barabasi_albert,100,5,2,0,3.0428,4.0,3.6386810797320503,"{19: 1, 11: 2, 26: 1, 12: 1, 7: 6, 8: 4, 6: 4, 3: 18, 5: 5, 2: 49, 4: 8, 14: 1}",-0.9475081543709567
391,barabasi_albert,100,5,2,0,3.015,4.0,3.776241517699841,"{28: 1, 13: 2, 14: 1, 20: 1, 6: 5, 8: 3, 3: 15, 4: 10, 5: 8, 7: 5, 2: 49}",-0.9475081543709567
392,barabasi_albert,100,5,2,0,3.0274,4.0,3.518522417151836,"{22: 1, 15: 1, 12: 2, 20: 1, 14: 1, 7: 2, 6: 5, 9: 1, 3: 28, 5: 6, 10: 1, 4: 10, 2: 40, 8: 1}",-0.9475081543709567
393,barabasi_albert,100,5,2,0,2.864,4.0,4.312771730569565,"{13: 1, 17: 1, 19: 2, 27: 1, 20: 1, 4: 11, 8: 1, 5: 4, 6: 4, 2: 53, 7: 1, 3: 18, 12: 1, 10: 1}",-0.9475081543709567
394,barabasi_albert,100,5,2,0,2.9322,4.0,4.059556626036888,"{19: 1, 16: 1, 27: 1, 20: 1, 13: 1, 8: 2, 14: 1, 3: 23, 5: 8, 7: 2, 6: 2, 2: 47, 4: 9, 10: 1}",-0.9475081543709567
395,barabasi_albert,100,5,2,0,2.8184,4.0,4.632493928760188,"{11: 1, 20: 1, 35: 1, 19: 1, 12: 1, 3: 19, 21: 1, 10: 1, 7: 2, 8: 1, 2: 50, 4: 14, 6: 2, 5: 5}",-0.9475081543709567
396,barabasi_albert,100,5,2,0,2.8488,4.0,4.377213725647858,"{14: 1, 29: 2, 15: 1, 9: 1, 7: 4, 6: 4, 11: 1, 2: 49, 13: 1, 5: 4, 8: 1, 3: 22, 4: 9}",-0.9475081543709567
397,barabasi_albert,100,5,2,0,2.9556,4.0,3.698648401781386,"{21: 2, 8: 3, 16: 1, 11: 1, 4: 9, 6: 3, 5: 6, 18: 1, 3: 17, 7: 6, 2: 50, 12: 1}",-0.9475081543709567
398,barabasi_albert,100,5,2,0,2.8714,4.0,4.3954521951671826,"{28: 1, 14: 2, 11: 1, 13: 1, 4: 14, 9: 2, 7: 2, 3: 17, 31: 1, 2: 49, 5: 8, 6: 2}",-0.9475081543709567
399,barabasi_albert,100,5,2,0,3.0014,4.0,3.5637059362410923,"{10: 3, 16: 1, 15: 1, 13: 1, 22: 1, 8: 1, 3: 16, 6: 5, 9: 1, 12: 3, 4: 13, 2: 51, 7: 2, 5: 1}",-0.9475081543709567
400,barabasi_albert,100,5,2,0,2.9628,4.0,3.878143885933063,"{20: 1, 19: 1, 23: 1, 15: 1, 18: 1, 2: 48, 8: 2, 5: 7, 4: 8, 3: 21, 9: 2, 7: 3, 6: 4}",-0.9475081543709567
401,barabasi_albert,100,5,2,0,2.9822,4.0,3.776241517699841,"{12: 1, 13: 1, 26: 1, 20: 1, 16: 1, 7: 3, 3: 13, 11: 1, 4: 13, 8: 4, 5: 7, 9: 1, 6: 2, 2: 51}",-0.9475081543709567
402,barabasi_albert,100,5,2,0,2.8118,4.0,4.516635916254486,"{11: 2, 30: 2, 16: 1, 8: 3, 13: 1, 4: 14, 6: 1, 14: 1, 3: 24, 5: 5, 2: 46}",-0.9475081543709567
403,barabasi_albert,100,5,2,0,2.9032,4.0,4.24735211631906,"{15: 1, 20: 1, 13: 2, 27: 1, 25: 1, 4: 11, 2: 50, 6: 5, 9: 1, 5: 7, 3: 18, 8: 1, 7: 1}",-0.9475081543709567
404,barabasi_albert,100,5,2,0,2.875,4.0,4.347413023856832,"{20: 1, 35: 1, 14: 1, 7: 4, 16: 1, 3: 22, 5: 4, 6: 6, 9: 2, 2: 49, 13: 1, 4: 7, 8: 1}",-0.9475081543709567
405,barabasi_albert,100,5,2,0,2.8754,4.0,4.216633728461603,"{20: 1, 33: 1, 15: 1, 16: 1, 9: 2, 6: 5, 2: 43, 3: 28, 4: 9, 8: 2, 5: 5, 14: 1, 7: 1}",-0.9475081543709567
406,barabasi_albert,100,5,2,0,2.8832,4.0,4.03732584763727,"{15: 1, 20: 1, 18: 1, 11: 1, 16: 1, 25: 1, 14: 1, 7: 2, 9: 1, 8: 2, 4: 8, 2: 52, 6: 4, 3: 19, 5: 5}",-0.9475081543709567
407,barabasi_albert,100,5,2,0,2.8902,4.0,4.132795663954365,"{14: 1, 31: 1, 13: 3, 15: 2, 5: 6, 6: 3, 4: 8, 2: 53, 3: 18, 10: 2, 7: 1, 11: 1, 8: 1}",-0.9475081543709567
408,barabasi_albert,100,5,2,0,2.9626,4.0,3.736308338453881,"{20: 1, 15: 1, 10: 1, 17: 1, 18: 1, 16: 1, 13: 1, 2: 53, 5: 8, 11: 1, 6: 2, 8: 1, 4: 8, 9: 3, 3: 16, 7: 1}",-0.9475081543709567
409,barabasi_albert,100,5,2,0,2.921,4.0,4.1012193308819755,"{10: 1, 22: 2, 17: 1, 20: 1, 7: 1, 12: 1, 6: 3, 5: 7, 9: 2, 2: 53, 14: 2, 3: 19, 4: 7}",-0.9475081543709567
410,barabasi_albert,100,5,2,0,2.9504,4.0,3.903844259188627,"{16: 2, 8: 1, 28: 1, 12: 1, 10: 2, 17: 1, 13: 1, 5: 5, 7: 2, 4: 11, 6: 2, 2: 44, 9: 1, 3: 26}",-0.9475081543709567
411,barabasi_albert,100,5,2,0,2.8286,4.0,4.503332099679081,"{26: 1, 10: 1, 15: 1, 27: 1, 14: 1, 3: 25, 2: 51, 22: 1, 12: 1, 9: 1, 5: 4, 7: 3, 13: 1, 6: 1, 4: 7}",-0.9475081543709567
412,barabasi_albert,100,5,2,0,3.034,4.0,3.4957116585897072,"{11: 2, 18: 1, 24: 1, 13: 1, 14: 1, 9: 1, 8: 3, 5: 6, 7: 6, 4: 11, 6: 2, 2: 47, 3: 18}",-0.9475081543709567
413,barabasi_albert,100,5,2,0,2.9968,4.0,3.8496753109840314,"{28: 1, 14: 2, 17: 2, 11: 1, 6: 7, 9: 2, 8: 1, 4: 8, 5: 7, 3: 21, 7: 1, 2: 47}",-0.9475081543709567
414,barabasi_albert,100,5,2,0,2.9622,4.0,3.8858718455450894,"{14: 2, 20: 2, 19: 1, 15: 1, 4: 10, 10: 1, 13: 1, 9: 1, 12: 1, 5: 4, 3: 24, 6: 2, 7: 2, 2: 48}",-0.9475081543709567
415,barabasi_albert,100,5,2,0,3.0966,4.0,3.358571124749333,"{19: 1, 8: 3, 14: 1, 17: 1, 16: 1, 9: 1, 5: 10, 6: 4, 3: 19, 7: 1, 4: 9, 13: 1, 11: 2, 2: 46}",-0.9475081543709567
416,barabasi_albert,100,5,2,0,2.9286,4.0,4.209513035969837,"{12: 1, 22: 2, 13: 2, 24: 1, 7: 3, 3: 19, 11: 1, 4: 10, 5: 6, 17: 1, 2: 52, 6: 1, 8: 1}",-0.9475081543709567
417,barabasi_albert,100,5,2,0,2.8946,4.0,4.154515615568198,"{15: 2, 18: 2, 30: 1, 7: 1, 6: 6, 3: 24, 13: 1, 5: 5, 2: 47, 11: 1, 4: 9, 10: 1}",-0.9475081543709567
418,barabasi_albert,100,5,2,0,2.9424,4.0,3.9420806688854046,"{17: 1, 20: 1, 16: 1, 18: 1, 21: 1, 10: 2, 8: 5, 4: 7, 5: 5, 14: 1, 2: 53, 6: 3, 3: 19}",-0.9475081543709567
419,barabasi_albert,100,5,2,0,3.0452,4.0,3.7175260590882213,"{15: 1, 10: 2, 23: 2, 17: 1, 5: 10, 2: 45, 4: 14, 6: 2, 9: 1, 8: 3, 3: 18, 7: 1}",-0.9475081543709567
420,barabasi_albert,100,5,2,0,2.9234,4.0,4.0024992192379,"{28: 1, 11: 1, 12: 1, 8: 3, 19: 1, 13: 1, 17: 1, 2: 52, 9: 3, 4: 8, 10: 2, 3: 20, 6: 3, 5: 3}",-0.9475081543709567
421,barabasi_albert,100,5,2,0,2.959,4.0,4.0024992192379,"{6: 3, 14: 1, 18: 1, 23: 1, 22: 2, 4: 11, 9: 1, 2: 43, 7: 2, 10: 1, 5: 9, 3: 25}",-0.9475081543709567
422,barabasi_albert,100,5,2,0,2.9932,4.0,3.687817782917155,"{21: 2, 14: 1, 13: 1, 20: 1, 8: 1, 7: 1, 4: 19, 6: 3, 12: 1, 11: 1, 3: 20, 5: 7, 2: 42}",-0.9475081543709567
423,barabasi_albert,100,5,2,0,2.9302,4.0,4.152107898405339,"{9: 1, 15: 2, 24: 2, 19: 1, 8: 1, 4: 14, 11: 2, 5: 3, 6: 2, 12: 1, 7: 2, 2: 52, 3: 17}",-0.9475081543709567
424,barabasi_albert,100,5,2,0,2.9242,4.0,3.96232255123179,"{20: 2, 18: 1, 16: 1, 23: 1, 6: 4, 7: 3, 2: 48, 3: 20, 4: 11, 5: 6, 8: 2, 12: 1}",-0.9475081543709567
425,barabasi_albert,100,5,2,0,2.8078,4.0,4.465422712353221,"{8: 1, 24: 1, 26: 1, 28: 1, 11: 1, 7: 3, 4: 15, 18: 1, 3: 25, 5: 5, 2: 44, 10: 1, 6: 1}",-0.9475081543709567
426,barabasi_albert,100,5,2,0,2.8808,4.0,4.301162633521313,"{23: 1, 22: 1, 30: 1, 9: 1, 15: 1, 6: 4, 5: 8, 11: 1, 4: 9, 8: 3, 2: 48, 3: 21, 7: 1}",-0.9475081543709567
427,barabasi_albert,100,5,2,0,2.8582,4.0,4.447471191587417,"{14: 2, 25: 1, 8: 2, 30: 1, 20: 1, 9: 1, 5: 6, 6: 4, 3: 23, 13: 1, 2: 51, 7: 2, 4: 5}",-0.9475081543709567
428,barabasi_albert,100,5,2,0,2.9516,4.0,3.8340579025361627,"{10: 2, 21: 1, 20: 1, 13: 1, 24: 1, 8: 5, 6: 3, 3: 20, 2: 49, 9: 2, 4: 9, 5: 5, 7: 1}",-0.9475081543709567
429,barabasi_albert,100,5,2,0,2.9828,4.0,3.671511950137164,"{14: 1, 17: 1, 22: 1, 15: 1, 18: 1, 9: 2, 10: 2, 12: 1, 5: 5, 4: 9, 2: 46, 7: 3, 3: 24, 6: 3}",-0.9475081543709567
430,barabasi_albert,100,5,2,0,2.9486,4.0,3.97994974842648,"{23: 1, 17: 1, 19: 1, 21: 1, 11: 1, 14: 1, 5: 5, 2: 55, 4: 12, 10: 2, 3: 12, 6: 4, 8: 2, 9: 1, 7: 1}",-0.9475081543709567
431,barabasi_albert,100,5,2,0,2.9004,4.0,4.221374183841086,"{11: 2, 25: 1, 9: 2, 27: 1, 20: 1, 7: 3, 2: 51, 6: 4, 4: 8, 14: 1, 5: 5, 3: 20, 10: 1}",-0.9475081543709567
432,barabasi_albert,100,5,2,0,2.9362,4.0,4.039801975344831,"{11: 1, 15: 1, 14: 2, 23: 1, 25: 1, 4: 12, 9: 3, 5: 3, 7: 1, 10: 1, 8: 2, 3: 20, 13: 1, 2: 51}",-0.9475081543709567
433,barabasi_albert,100,5,2,0,3.051,4.0,3.6959437225152656,"{15: 1, 14: 1, 22: 1, 19: 1, 20: 1, 8: 1, 9: 3, 7: 3, 4: 10, 5: 8, 3: 22, 2: 45, 6: 3}",-0.9475081543709567
434,barabasi_albert,100,5,2,0,2.7524,4.0,4.851803788283282,"{29: 1, 31: 1, 14: 2, 26: 1, 7: 6, 2: 52, 5: 5, 9: 1, 3: 20, 4: 10, 6: 1}",-0.9475081543709567
435,barabasi_albert,100,5,2,0,2.9208,4.0,4.022437072223753,"{12: 1, 20: 1, 18: 5, 4: 12, 8: 3, 2: 53, 6: 3, 3: 17, 7: 3, 5: 2}",-0.9475081543709567
436,barabasi_albert,100,5,2,0,2.9082,4.0,4.042276586281547,"{10: 1, 27: 1, 20: 1, 23: 1, 12: 2, 4: 8, 9: 1, 6: 6, 3: 27, 7: 2, 11: 1, 5: 5, 2: 44}",-0.9475081543709567
437,barabasi_albert,100,5,2,0,3.0086,4.0,3.847076812334269,"{19: 1, 18: 1, 22: 1, 12: 1, 23: 1, 8: 1, 5: 7, 9: 2, 7: 3, 3: 22, 6: 3, 4: 13, 2: 44}",-0.9475081543709567
438,barabasi_albert,100,5,2,0,2.8868,4.0,4.09878030638384,"{19: 1, 17: 1, 22: 1, 16: 2, 20: 1, 9: 3, 4: 13, 10: 1, 5: 3, 7: 1, 6: 1, 12: 1, 3: 19, 2: 52}",-0.9475081543709567
439,barabasi_albert,100,5,2,0,2.8638,4.0,4.476605857119878,"{18: 1, 21: 1, 36: 1, 16: 1, 11: 1, 2: 47, 3: 20, 7: 2, 5: 6, 9: 2, 4: 13, 6: 5}",-0.9475081543709567
440,barabasi_albert,100,5,2,0,2.8684,4.0,4.230839160261236,"{19: 1, 10: 1, 24: 1, 17: 1, 25: 1, 8: 1, 15: 1, 5: 7, 4: 8, 2: 51, 6: 3, 3: 21, 11: 1, 12: 1, 9: 1}",-0.9475081543709567
441,barabasi_albert,100,5,2,0,2.9678,4.0,3.8574603043971822,"{23: 1, 17: 1, 19: 1, 18: 1, 14: 1, 9: 3, 6: 5, 10: 2, 5: 6, 2: 55, 4: 10, 3: 12, 8: 2}",-0.9475081543709567
442,barabasi_albert,100,5,2,0,2.8902,4.0,4.120679555607303,"{21: 1, 18: 1, 28: 1, 20: 1, 7: 1, 9: 2, 4: 10, 5: 6, 11: 1, 6: 6, 10: 1, 3: 23, 2: 46}",-0.9475081543709567
443,barabasi_albert,100,5,2,0,2.9774,4.0,3.7336309405188937,"{18: 2, 16: 1, 14: 1, 19: 1, 4: 6, 11: 2, 9: 2, 3: 19, 2: 53, 8: 1, 6: 4, 10: 1, 12: 1, 5: 4, 7: 2}",-0.9475081543709567
444,barabasi_albert,100,5,2,0,3.1358,4.0,3.2062439083762793,"{13: 2, 15: 1, 16: 2, 11: 1, 6: 8, 5: 6, 14: 1, 7: 3, 4: 10, 9: 1, 8: 1, 3: 18, 2: 46}",-0.9475081543709567
445,barabasi_albert,100,5,2,0,2.8798,4.0,4.069397989875161,"{15: 2, 17: 1, 21: 1, 25: 1, 16: 1, 7: 2, 11: 1, 8: 2, 4: 8, 2: 48, 3: 26, 5: 2, 6: 4, 10: 1}",-0.9475081543709567
446,barabasi_albert,100,5,2,0,2.9236,4.0,3.9089640571384128,"{9: 3, 17: 2, 20: 1, 26: 1, 2: 49, 6: 4, 11: 1, 8: 2, 5: 6, 3: 22, 7: 2, 10: 1, 4: 6}",-0.9475081543709567
447,barabasi_albert,100,5,2,0,2.9514,4.0,3.8340579025361627,"{24: 1, 23: 1, 12: 1, 16: 1, 15: 1, 4: 14, 5: 8, 9: 1, 10: 1, 2: 49, 3: 15, 6: 2, 11: 1, 8: 1, 7: 3}",-0.9475081543709567
448,barabasi_albert,100,5,2,0,2.9398,4.0,3.893584466786357,"{22: 1, 13: 2, 24: 1, 19: 1, 3: 20, 2: 50, 5: 5, 11: 1, 10: 1, 6: 4, 7: 6, 9: 1, 4: 7}",-0.9475081543709567
449,barabasi_albert,100,5,2,0,2.9278,4.0,3.9089640571384128,"{19: 2, 7: 4, 18: 1, 17: 1, 15: 1, 5: 5, 16: 1, 2: 54, 6: 1, 4: 10, 13: 1, 11: 1, 9: 1, 8: 1, 3: 16}",-0.9475081543709567
450,barabasi_albert,100,5,2,0,2.8692,4.0,4.305810028322197,"{20: 1, 14: 1, 30: 1, 21: 1, 10: 2, 4: 13, 3: 17, 5: 5, 2: 51, 17: 1, 8: 1, 6: 4, 7: 1, 9: 1}",-0.9475081543709567
451,barabasi_albert,100,5,2,0,3.0014,4.0,3.8262252939417984,"{14: 1, 28: 1, 15: 1, 7: 3, 10: 2, 12: 3, 4: 7, 2: 52, 11: 2, 5: 3, 3: 19, 8: 2, 6: 4}",-0.9475081543709567
452,barabasi_albert,100,5,2,0,2.8726,4.0,4.2895221179054435,"{18: 1, 13: 1, 29: 1, 21: 1, 20: 1, 8: 2, 5: 5, 7: 3, 3: 18, 4: 11, 11: 1, 2: 52, 9: 2, 6: 1}",-0.9475081543709567
453,barabasi_albert,100,5,2,0,2.925,4.0,4.115823125451335,"{11: 1, 12: 2, 22: 1, 15: 1, 31: 1, 2: 50, 8: 2, 5: 5, 7: 2, 4: 15, 3: 15, 9: 1, 10: 1, 6: 3}",-0.9475081543709567
454,barabasi_albert,100,5,2,0,2.9908,4.0,3.789459064299283,"{8: 1, 15: 1, 26: 1, 18: 1, 16: 1, 14: 1, 10: 1, 5: 7, 7: 5, 4: 10, 2: 48, 12: 1, 3: 19, 6: 3}",-0.9475081543709567
455,barabasi_albert,100,5,2,0,2.9624,4.0,3.7549966711037173,"{15: 1, 12: 1, 17: 2, 22: 1, 10: 2, 18: 1, 4: 13, 5: 6, 3: 10, 8: 1, 6: 5, 2: 54, 7: 3}",-0.9475081543709567
456,barabasi_albert,100,5,2,0,2.9824,4.0,3.6687872655688283,"{19: 1, 6: 2, 13: 1, 16: 3, 14: 1, 3: 18, 9: 1, 8: 1, 2: 52, 5: 9, 7: 2, 15: 1, 11: 1, 10: 1, 4: 6}",-0.9475081543709567
457,barabasi_albert,100,5,2,0,2.9802,4.0,3.8340579025361627,"{21: 1, 22: 1, 15: 2, 16: 1, 3: 21, 6: 1, 12: 2, 10: 1, 7: 4, 8: 3, 2: 49, 4: 12, 5: 2}",-0.9475081543709567
458,barabasi_albert,100,5,2,0,2.921,4.0,3.9420806688854046,"{19: 2, 16: 1, 17: 1, 21: 1, 3: 17, 12: 3, 6: 5, 2: 52, 10: 1, 4: 12, 5: 4, 9: 1}",-0.9475081543709567
459,barabasi_albert,100,5,2,0,3.018,4.0,3.5832945734337835,"{21: 1, 16: 1, 6: 5, 8: 2, 20: 1, 17: 1, 7: 4, 4: 13, 2: 48, 3: 16, 10: 1, 5: 5, 12: 1, 9: 1}",-0.9475081543709567
460,barabasi_albert,100,5,2,0,3.0456,4.0,3.529872518944558,"{17: 2, 22: 1, 12: 1, 16: 1, 5: 9, 9: 1, 4: 13, 2: 44, 6: 4, 10: 2, 11: 1, 3: 20, 7: 1}",-0.9475081543709567
461,barabasi_albert,100,5,2,0,2.865,4.0,4.445222154178574,"{22: 2, 16: 1, 23: 1, 21: 1, 14: 1, 6: 3, 9: 1, 5: 8, 2: 56, 7: 1, 15: 1, 3: 19, 4: 4, 8: 1}",-0.9475081543709567
462,barabasi_albert,100,5,2,0,2.969,4.0,3.8052595180880897,"{16: 1, 22: 1, 15: 1, 19: 1, 18: 1, 10: 1, 6: 6, 8: 2, 7: 3, 4: 7, 3: 18, 9: 1, 2: 52, 5: 4, 12: 1}",-0.9475081543709567
463,barabasi_albert,100,5,2,0,2.939,4.0,3.9344631145812006,"{21: 1, 10: 3, 25: 1, 15: 1, 12: 1, 11: 2, 5: 6, 14: 1, 3: 26, 2: 48, 13: 1, 4: 6, 7: 2, 6: 1}",-0.9475081543709567
464,barabasi_albert,100,5,2,0,3.018,4.0,3.6027767069303644,"{23: 1, 19: 1, 16: 1, 14: 1, 10: 2, 5: 7, 12: 1, 6: 6, 3: 23, 4: 12, 13: 1, 9: 1, 2: 43}",-0.9475081543709567
465,barabasi_albert,100,5,2,0,2.8692,4.0,4.152107898405339,"{20: 1, 13: 1, 27: 1, 15: 1, 21: 1, 16: 1, 4: 21, 11: 1, 8: 1, 9: 1, 2: 46, 3: 19, 6: 2, 5: 3}",-0.9475081543709567
466,barabasi_albert,100,5,2,0,2.8904,4.0,4.2895221179054435,"{17: 1, 14: 1, 15: 1, 11: 1, 34: 1, 16: 1, 3: 27, 4: 9, 6: 1, 8: 3, 5: 4, 2: 46, 7: 2, 10: 2}",-0.9475081543709567
467,barabasi_albert,100,5,2,0,2.785,4.0,5.0,"{23: 1, 41: 1, 22: 1, 12: 1, 9: 3, 5: 6, 4: 7, 11: 1, 6: 5, 3: 23, 2: 50, 7: 1}",-0.9475081543709567
468,barabasi_albert,100,5,2,0,2.9266,4.0,3.8858718455450894,"{11: 2, 19: 1, 22: 2, 10: 3, 4: 12, 8: 1, 13: 2, 7: 1, 2: 53, 3: 14, 5: 6, 6: 3}",-0.9475081543709567
469,barabasi_albert,100,5,2,0,2.9688,4.0,3.7709415269929605,"{10: 3, 23: 1, 13: 1, 18: 1, 6: 4, 21: 1, 4: 14, 5: 5, 8: 2, 3: 20, 15: 1, 2: 46, 7: 1}",-0.9475081543709567
470,barabasi_albert,100,5,2,0,3.0404,4.0,3.4957116585897072,"{16: 1, 13: 2, 22: 1, 11: 2, 18: 1, 5: 9, 10: 1, 6: 2, 9: 1, 7: 3, 3: 25, 2: 42, 4: 10}",-0.9475081543709567
471,barabasi_albert,100,5,2,0,2.9436,4.0,4.093897898091744,"{16: 1, 10: 2, 23: 1, 30: 1, 14: 1, 4: 12, 7: 5, 6: 4, 2: 53, 5: 7, 3: 11, 8: 2}",-0.9475081543709567
472,barabasi_albert,100,5,2,0,2.83,4.0,4.703190406521939,"{26: 1, 21: 1, 10: 1, 17: 1, 33: 1, 5: 6, 14: 1, 3: 20, 8: 1, 4: 8, 6: 4, 7: 3, 2: 52}",-0.9475081543709567
473,barabasi_albert,100,5,2,0,2.8834,4.0,4.047221268969612,"{10: 3, 17: 1, 8: 1, 25: 1, 21: 1, 6: 5, 7: 2, 16: 1, 2: 54, 4: 9, 18: 1, 5: 7, 3: 14}",-0.9475081543709567
474,barabasi_albert,100,5,2,0,2.9764,4.0,3.880721582386451,"{9: 2, 21: 1, 23: 2, 12: 1, 6: 7, 8: 3, 10: 2, 3: 16, 2: 51, 4: 10, 5: 4, 7: 1}",-0.9475081543709567
475,barabasi_albert,100,5,2,0,2.735,4.0,4.898979485566356,"{26: 1, 18: 1, 31: 1, 16: 1, 27: 1, 8: 2, 2: 51, 4: 14, 5: 5, 3: 20, 6: 2, 11: 1}",-0.9475081543709567
476,barabasi_albert,100,5,2,0,2.9674,4.0,3.8832975677895196,"{21: 2, 20: 1, 16: 1, 8: 3, 18: 1, 9: 2, 3: 27, 4: 9, 6: 5, 5: 4, 7: 1, 2: 44}",-0.9475081543709567
477,barabasi_albert,100,5,2,0,2.9378,4.0,4.057092555020159,"{9: 2, 14: 1, 22: 1, 23: 1, 21: 1, 5: 6, 3: 16, 15: 1, 8: 3, 7: 3, 4: 5, 2: 56, 6: 2, 10: 2}",-0.9475081543709567
478,barabasi_albert,100,5,2,0,3.0328,4.0,3.730951621235526,"{19: 1, 20: 1, 13: 3, 22: 1, 7: 3, 6: 5, 2: 51, 9: 1, 4: 16, 10: 1, 3: 12, 5: 4, 8: 1}",-0.9475081543709567
479,barabasi_albert,100,5,2,0,2.9634,4.0,3.6742346141747673,"{20: 1, 14: 1, 9: 1, 13: 1, 25: 1, 12: 1, 8: 4, 2: 50, 7: 4, 5: 6, 11: 1, 6: 3, 4: 10, 3: 16}",-0.9475081543709567
480,barabasi_albert,100,5,2,0,2.8694,4.0,4.219004621945797,"{12: 1, 26: 1, 17: 2, 23: 1, 3: 15, 8: 3, 6: 3, 14: 1, 4: 13, 2: 54, 15: 1, 7: 2, 5: 3}",-0.9475081543709567
481,barabasi_albert,100,5,2,0,2.8824,4.0,4.211887937730538,"{15: 2, 27: 1, 23: 1, 17: 1, 10: 3, 8: 1, 11: 1, 6: 4, 3: 23, 4: 6, 9: 2, 2: 52, 5: 3}",-0.9475081543709567
482,barabasi_albert,100,5,2,0,2.9504,4.0,3.8832975677895196,"{15: 2, 18: 1, 12: 1, 4: 5, 26: 1, 5: 9, 2: 55, 9: 2, 16: 1, 8: 2, 7: 5, 3: 14, 6: 2}",-0.9475081543709567
483,barabasi_albert,100,5,2,0,3.0066,4.0,3.888444419044716,"{8: 1, 9: 1, 24: 1, 26: 1, 12: 1, 6: 3, 7: 3, 5: 5, 14: 2, 13: 1, 3: 18, 4: 18, 2: 45}",-0.9475081543709567
484,barabasi_albert,100,5,2,0,2.9298,4.0,4.0024992192379,"{7: 3, 17: 1, 21: 1, 28: 1, 14: 1, 8: 2, 2: 50, 5: 8, 10: 1, 4: 7, 13: 1, 3: 19, 6: 4, 11: 1}",-0.9475081543709567
485,barabasi_albert,100,5,2,0,2.9432,4.0,4.06201920231798,"{21: 2, 16: 1, 18: 1, 15: 1, 13: 1, 3: 16, 19: 1, 2: 54, 5: 7, 4: 8, 6: 4, 7: 2, 8: 2}",-0.9475081543709567
486,barabasi_albert,100,5,2,0,2.7522,4.0,5.019960159204453,"{14: 2, 29: 2, 31: 1, 4: 8, 6: 1, 5: 5, 7: 4, 8: 2, 2: 55, 3: 19, 9: 1}",-0.9475081543709567
487,barabasi_albert,100,5,2,0,2.9038,4.0,4.188078318274385,"{14: 1, 13: 2, 27: 1, 23: 1, 3: 15, 6: 1, 4: 12, 18: 1, 10: 1, 12: 1, 5: 5, 7: 2, 2: 54, 8: 3}",-0.9475081543709567
488,barabasi_albert,100,5,2,0,3.0614,4.0,3.352610922848042,"{18: 1, 15: 1, 16: 1, 7: 7, 12: 1, 9: 3, 6: 2, 4: 8, 11: 3, 5: 4, 3: 17, 13: 1, 2: 51}",-0.9475081543709567
489,barabasi_albert,100,5,2,0,2.9866,4.0,3.7868192457522976,"{10: 2, 21: 1, 16: 1, 24: 1, 13: 1, 12: 1, 6: 4, 5: 6, 2: 53, 9: 2, 4: 8, 7: 4, 3: 15, 11: 1}",-0.9475081543709567
490,barabasi_albert,100,5,2,0,2.9422,4.0,4.004996878900157,"{24: 2, 9: 1, 14: 1, 16: 1, 17: 1, 3: 18, 13: 1, 4: 9, 5: 8, 7: 3, 6: 4, 8: 1, 2: 50}",-0.9475081543709567
491,barabasi_albert,100,5,2,0,2.9644,4.0,3.8288379438153295,"{20: 1, 18: 1, 12: 1, 22: 1, 17: 1, 13: 1, 11: 1, 4: 11, 3: 21, 10: 1, 8: 1, 2: 48, 7: 3, 5: 6, 9: 1, 6: 1}",-0.9475081543709567
492,barabasi_albert,100,5,2,0,3.016,4.0,3.591656999213594,"{13: 1, 23: 1, 12: 2, 9: 2, 15: 1, 21: 1, 4: 12, 8: 1, 5: 6, 7: 3, 6: 4, 3: 23, 2: 43}",-0.9475081543709567
493,barabasi_albert,100,5,2,0,3.0304,4.0,3.370459909270543,"{13: 1, 12: 1, 14: 2, 15: 1, 21: 1, 5: 7, 6: 4, 8: 2, 4: 11, 9: 3, 3: 18, 2: 47, 10: 1, 7: 1}",-0.9475081543709567
494,barabasi_albert,100,5,2,0,2.883,4.0,4.386342439892261,"{15: 2, 31: 1, 19: 1, 23: 1, 11: 1, 4: 11, 6: 3, 3: 21, 5: 3, 8: 4, 2: 50, 7: 2}",-0.9475081543709567
495,barabasi_albert,100,5,2,0,2.9794,4.0,3.7735924528226414,"{17: 3, 21: 1, 18: 1, 4: 10, 5: 7, 7: 3, 3: 17, 6: 5, 9: 1, 14: 1, 10: 1, 2: 50}",-0.9475081543709567
496,barabasi_albert,100,5,2,0,2.8516,4.0,4.3954521951671826,"{20: 1, 6: 5, 30: 1, 19: 1, 24: 1, 9: 1, 11: 1, 2: 49, 7: 3, 3: 22, 4: 9, 8: 2, 5: 4}",-0.9475081543709567
497,barabasi_albert,100,5,2,0,2.9358,4.0,3.994996871087636,"{22: 1, 20: 2, 21: 1, 10: 1, 7: 3, 5: 5, 6: 2, 8: 4, 11: 1, 2: 54, 3: 16, 4: 8, 9: 2}",-0.9475081543709567
498,barabasi_albert,100,5,2,0,2.9358,4.0,4.022437072223753,"{13: 2, 28: 1, 20: 2, 6: 7, 9: 2, 7: 3, 2: 51, 4: 8, 5: 6, 10: 1, 3: 17}",-0.9475081543709567
499,barabasi_albert,100,5,2,0,2.9474,4.0,3.9522145690739006,"{14: 2, 25: 1, 19: 1, 17: 2, 6: 6, 4: 10, 12: 1, 2: 51, 5: 6, 7: 2, 3: 17, 9: 1}",-0.9475081543709567
500,barabasi_albert,100,5,2,0,2.9098,4.0,4.331281565541543,"{30: 1, 24: 1, 15: 1, 16: 1, 14: 1, 4: 11, 7: 2, 2: 51, 6: 5, 12: 1, 9: 1, 5: 4, 3: 19, 13: 1}",-0.9475081543709567
501,barabasi_albert,100,5,2,0,2.7304,4.0,4.919349550499537,"{31: 1, 14: 2, 25: 1, 18: 1, 16: 1, 24: 1, 7: 1, 8: 1, 2: 56, 3: 19, 10: 1, 4: 12, 5: 2, 6: 1}",-0.9475081543709567
502,barabasi_albert,100,5,2,0,2.7914,4.0,4.54972526643093,"{18: 1, 25: 1, 27: 1, 21: 2, 3: 13, 6: 2, 4: 16, 8: 1, 2: 54, 9: 2, 7: 2, 5: 5}",-0.9475081543709567
503,barabasi_albert,100,5,2,0,2.9922,4.0,3.666060555964672,"{22: 1, 15: 1, 17: 1, 13: 2, 16: 1, 7: 1, 8: 1, 11: 2, 12: 1, 2: 49, 3: 18, 5: 7, 4: 11, 6: 4}",-0.9475081543709567
504,barabasi_albert,100,5,2,0,3.0296,4.0,3.6386810797320503,"{18: 1, 21: 1, 19: 1, 11: 2, 7: 5, 5: 5, 17: 1, 10: 1, 4: 8, 8: 3, 3: 25, 6: 2, 2: 45}",-0.9475081543709567
505,barabasi_albert,100,5,2,0,2.9446,4.0,3.9673668849754744,"{22: 1, 18: 1, 14: 1, 19: 1, 20: 1, 12: 2, 5: 4, 7: 4, 2: 54, 6: 6, 4: 8, 3: 16, 11: 1}",-0.9475081543709567
506,barabasi_albert,100,5,2,0,2.9084,4.0,4.044749683231337,"{13: 1, 14: 1, 27: 1, 17: 1, 15: 1, 8: 4, 5: 5, 12: 1, 6: 2, 3: 17, 16: 1, 2: 57, 7: 1, 10: 2, 4: 4, 9: 1}",-0.9475081543709567
507,barabasi_albert,100,5,2,0,2.8898,4.0,4.156921938165306,"{30: 1, 8: 1, 19: 2, 12: 2, 14: 1, 7: 5, 5: 6, 3: 22, 2: 49, 13: 1, 4: 8, 6: 2}",-0.9475081543709567
508,barabasi_albert,100,5,2,0,2.9776,4.0,3.8392707640904935,"{23: 1, 15: 1, 14: 1, 21: 1, 8: 2, 9: 4, 3: 20, 4: 12, 19: 1, 2: 48, 7: 2, 5: 4, 6: 3}",-0.9475081543709567
509,barabasi_albert,100,5,2,0,3.0328,4.0,3.588871688985272,"{15: 1, 17: 2, 9: 2, 11: 1, 22: 1, 14: 1, 7: 2, 5: 6, 2: 47, 8: 2, 4: 14, 10: 1, 3: 18, 6: 2}",-0.9475081543709567
510,barabasi_albert,100,5,2,0,2.8156,4.0,4.540925015897091,"{29: 1, 16: 1, 23: 1, 20: 1, 14: 2, 4: 8, 2: 55, 17: 1, 10: 1, 5: 7, 7: 2, 6: 2, 3: 18}",-0.9475081543709567
511,barabasi_albert,100,5,2,0,2.9376,4.0,3.9370039370059056,"{13: 1, 17: 1, 23: 1, 18: 2, 15: 1, 8: 1, 5: 6, 9: 1, 3: 17, 7: 1, 10: 2, 4: 7, 2: 54, 6: 4, 11: 1}",-0.9475081543709567
512,barabasi_albert,100,5,2,0,2.9288,4.0,4.032369030731191,"{23: 3, 12: 1, 14: 1, 13: 1, 5: 10, 2: 50, 4: 11, 8: 2, 7: 4, 3: 16, 6: 1}",-0.9475081543709567
513,barabasi_albert,100,5,2,0,2.8922,4.0,4.178516483155236,"{20: 1, 9: 2, 31: 1, 13: 2, 16: 1, 12: 2, 5: 5, 3: 23, 2: 48, 6: 3, 4: 10, 10: 1, 7: 1}",-0.9475081543709567
514,barabasi_albert,100,5,2,0,3.063,4.0,3.3823069050575527,"{19: 1, 14: 1, 17: 1, 15: 1, 13: 1, 3: 25, 4: 10, 7: 5, 16: 1, 5: 5, 6: 5, 9: 1, 2: 42, 8: 1}",-0.9475081543709567
515,barabasi_albert,100,5,2,0,2.8152,4.0,4.445222154178574,"{21: 2, 9: 3, 17: 1, 32: 1, 4: 9, 6: 3, 3: 19, 12: 1, 5: 6, 10: 1, 7: 1, 8: 1, 2: 52}",-0.9475081543709567
516,barabasi_albert,100,5,2,0,3.0794,4.0,3.5014282800023193,"{10: 3, 19: 1, 22: 1, 14: 2, 4: 17, 11: 1, 6: 5, 8: 2, 7: 1, 9: 2, 2: 48, 3: 15, 5: 2}",-0.9475081543709567
517,barabasi_albert,100,5,2,0,2.9016,4.0,4.237924020083418,"{17: 1, 18: 1, 14: 1, 11: 1, 29: 1, 7: 4, 20: 1, 9: 2, 3: 22, 2: 52, 6: 3, 10: 2, 4: 8, 5: 1}",-0.9475081543709567
518,barabasi_albert,100,5,2,0,2.9026,4.0,4.012480529547776,"{12: 1, 15: 1, 11: 1, 26: 1, 19: 1, 13: 1, 14: 1, 10: 2, 7: 3, 16: 1, 3: 25, 6: 4, 5: 2, 4: 6, 2: 50}",-0.9475081543709567
519,barabasi_albert,100,5,2,0,2.9252,4.0,3.744329045369811,"{13: 1, 26: 1, 16: 1, 19: 1, 10: 4, 8: 2, 7: 4, 4: 13, 5: 5, 3: 14, 6: 2, 2: 51, 9: 1}",-0.9475081543709567
520,barabasi_albert,100,5,2,0,2.884,4.0,4.192851058647325,"{9: 2, 19: 1, 21: 1, 30: 1, 13: 1, 10: 3, 14: 1, 5: 7, 2: 49, 3: 18, 4: 14, 6: 2}",-0.9475081543709567
521,barabasi_albert,100,5,2,0,2.9032,4.0,4.2047592083257275,"{7: 3, 31: 1, 16: 1, 20: 1, 10: 1, 12: 2, 11: 1, 3: 23, 15: 1, 9: 1, 2: 50, 4: 6, 5: 6, 8: 1, 6: 2}",-0.9475081543709567
522,barabasi_albert,100,5,2,0,2.743,4.0,5.145872132107443,"{44: 1, 22: 1, 8: 1, 11: 2, 20: 1, 6: 4, 4: 7, 7: 1, 10: 2, 5: 5, 3: 23, 2: 51, 9: 1}",-0.9475081543709567
523,barabasi_albert,100,5,2,0,2.9878,4.0,3.7709415269929605,"{15: 1, 11: 2, 23: 2, 8: 3, 4: 14, 3: 22, 7: 1, 13: 1, 14: 1, 2: 45, 6: 3, 5: 4, 9: 1}",-0.9475081543709567
524,barabasi_albert,100,5,2,0,2.9806,4.0,4.0274061131204535,"{21: 1, 23: 1, 24: 1, 14: 2, 6: 4, 3: 17, 8: 2, 7: 1, 5: 8, 9: 2, 10: 1, 2: 51, 4: 9}",-0.9475081543709567
525,barabasi_albert,100,5,2,0,2.8424,4.0,4.496665431183423,"{17: 1, 20: 1, 24: 1, 27: 1, 13: 2, 4: 5, 19: 1, 5: 8, 7: 2, 3: 23, 2: 52, 8: 1, 6: 2}",-0.9475081543709567
526,barabasi_albert,100,5,2,0,3.0322,4.0,3.515679166249389,"{5: 7, 13: 2, 12: 2, 20: 1, 18: 1, 4: 13, 8: 1, 15: 1, 9: 2, 11: 1, 3: 19, 10: 1, 2: 47, 6: 2}",-0.9475081543709567
527,barabasi_albert,100,5,2,0,2.9654,4.0,3.8026306683663087,"{16: 2, 23: 1, 14: 1, 19: 1, 10: 1, 4: 14, 17: 1, 8: 1, 7: 1, 3: 15, 6: 6, 5: 7, 2: 49}",-0.9475081543709567
528,barabasi_albert,100,5,2,0,3.108,4.0,3.1685959035509716,"{14: 3, 18: 1, 8: 1, 10: 3, 6: 7, 5: 4, 15: 1, 3: 19, 2: 44, 7: 4, 4: 13}",-0.9475081543709567
529,barabasi_albert,100,5,2,0,2.9446,4.0,3.9572717874818757,"{9: 1, 12: 1, 28: 1, 19: 1, 20: 1, 8: 1, 13: 1, 4: 11, 11: 1, 5: 6, 2: 48, 6: 3, 7: 5, 3: 19}",-0.9475081543709567
530,barabasi_albert,100,5,2,0,2.9654,4.0,4.096339829652808,"{4: 7, 17: 1, 29: 1, 15: 1, 21: 1, 13: 1, 5: 8, 7: 3, 11: 1, 3: 20, 10: 1, 9: 1, 6: 3, 2: 50, 8: 1}",-0.9475081543709567
531,barabasi_albert,100,5,2,0,2.94,4.0,3.987480407475377,"{13: 1, 21: 1, 17: 1, 18: 1, 25: 1, 12: 2, 3: 23, 6: 3, 7: 2, 5: 4, 4: 15, 2: 45, 11: 1}",-0.9475081543709567
532,barabasi_albert,100,5,2,0,2.8698,4.0,4.476605857119878,"{18: 2, 26: 1, 28: 1, 12: 1, 11: 1, 4: 13, 6: 5, 5: 5, 3: 12, 2: 56, 9: 1, 16: 1, 7: 1}",-0.9475081543709567
533,barabasi_albert,100,5,2,0,2.9948,4.0,3.5972211497209896,"{20: 1, 16: 1, 7: 5, 9: 1, 21: 1, 14: 1, 17: 1, 5: 8, 6: 5, 4: 6, 2: 46, 3: 22, 8: 2}",-0.9475081543709567
534,barabasi_albert,100,5,2,0,3.0118,4.0,3.757658845611187,"{22: 1, 18: 2, 14: 1, 16: 2, 4: 11, 7: 3, 9: 1, 5: 9, 8: 1, 6: 4, 2: 50, 3: 15}",-0.9475081543709567
535,barabasi_albert,100,5,2,0,2.9696,4.0,3.725587202039432,"{12: 1, 17: 2, 6: 6, 18: 1, 19: 1, 13: 2, 5: 8, 15: 1, 3: 13, 4: 10, 2: 53, 7: 1, 8: 1}",-0.9475081543709567
536,barabasi_albert,100,5,2,0,3.0014,4.0,3.5270384177096794,"{12: 1, 22: 1, 13: 1, 20: 1, 15: 1, 5: 6, 7: 7, 9: 1, 8: 3, 6: 2, 2: 48, 3: 20, 10: 1, 4: 7}",-0.9475081543709567
537,barabasi_albert,100,5,2,0,2.9696,4.0,3.8858718455450894,"{25: 1, 10: 2, 19: 1, 20: 1, 11: 2, 4: 10, 8: 1, 3: 20, 5: 5, 2: 50, 12: 1, 9: 4, 6: 1, 7: 1}",-0.9475081543709567
538,barabasi_albert,100,5,2,0,2.9958,4.0,3.7336309405188937,"{21: 1, 12: 1, 13: 2, 15: 1, 23: 1, 11: 1, 10: 2, 8: 2, 2: 48, 3: 21, 4: 9, 5: 6, 6: 4, 7: 1}",-0.9475081543709567
539,barabasi_albert,100,5,2,0,2.9828,4.0,4.08656334834051,"{13: 1, 6: 3, 15: 1, 33: 1, 21: 1, 4: 16, 7: 4, 2: 44, 3: 19, 10: 2, 5: 7, 8: 1}",-0.9475081543709567
540,barabasi_albert,100,5,2,0,2.8902,4.0,4.340506882842141,"{23: 1, 26: 1, 17: 1, 24: 1, 14: 1, 11: 2, 3: 22, 4: 11, 7: 2, 5: 4, 6: 4, 2: 49, 8: 1}",-0.9475081543709567
541,barabasi_albert,100,5,2,0,2.8454,4.0,4.4362146025637665,"{19: 1, 24: 1, 15: 1, 28: 1, 11: 2, 20: 1, 5: 6, 6: 2, 10: 1, 4: 11, 2: 51, 3: 20, 7: 2}",-0.9475081543709567
542,barabasi_albert,100,5,2,0,2.9808,4.0,3.8314488121336034,"{16: 1, 18: 1, 9: 1, 7: 2, 28: 1, 5: 7, 3: 27, 4: 10, 11: 1, 15: 1, 13: 1, 8: 3, 6: 2, 2: 42}",-0.9475081543709567
543,barabasi_albert,100,5,2,0,2.8168,4.0,4.456455991031438,"{16: 1, 13: 2, 31: 1, 10: 1, 28: 1, 5: 6, 2: 54, 6: 5, 4: 9, 7: 1, 9: 1, 8: 3, 3: 15}",-0.9475081543709567
544,barabasi_albert,100,5,2,0,2.9988,4.0,3.847076812334269,"{13: 2, 12: 1, 15: 2, 24: 1, 18: 1, 3: 23, 5: 4, 10: 2, 14: 1, 2: 48, 4: 10, 7: 1, 6: 4}",-0.9475081543709567
545,barabasi_albert,100,5,2,0,3.037,4.0,3.6441734316577197,"{12: 2, 15: 1, 23: 1, 13: 2, 14: 1, 7: 5, 16: 1, 9: 1, 2: 48, 5: 7, 3: 23, 6: 1, 4: 6, 8: 1}",-0.9475081543709567
546,barabasi_albert,100,5,2,0,2.8536,4.0,4.338202392696772,"{24: 1, 32: 1, 17: 1, 15: 1, 6: 4, 7: 4, 12: 1, 5: 5, 3: 19, 2: 50, 4: 10, 8: 2, 10: 1}",-0.9475081543709567
547,barabasi_albert,100,5,2,0,3.0498,4.0,3.6027767069303644,"{17: 1, 8: 1, 11: 1, 12: 2, 28: 1, 4: 9, 5: 6, 10: 2, 6: 4, 2: 43, 7: 5, 3: 24, 9: 1}",-0.9475081543709567
548,barabasi_albert,100,5,2,0,2.8592,4.0,4.505552130427524,"{14: 1, 16: 1, 12: 1, 34: 1, 21: 1, 13: 1, 7: 2, 8: 3, 10: 1, 2: 56, 3: 18, 4: 8, 11: 2, 5: 2, 6: 2}",-0.9475081543709567
549,barabasi_albert,100,5,2,0,2.9902,4.0,3.8987177379235853,"{20: 2, 15: 2, 23: 1, 11: 1, 3: 20, 5: 8, 10: 2, 6: 2, 9: 1, 7: 3, 4: 9, 2: 49}",-0.9475081543709567
550,barabasi_albert,100,5,2,0,3.0176,4.0,3.81051177665153,"{18: 1, 12: 1, 13: 1, 28: 1, 14: 1, 5: 4, 2: 53, 11: 1, 7: 2, 3: 11, 6: 7, 10: 2, 9: 1, 4: 13, 8: 1}",-0.9475081543709567
551,barabasi_albert,100,5,2,0,2.9742,4.0,3.9344631145812006,"{14: 1, 12: 2, 8: 3, 16: 1, 30: 1, 6: 5, 10: 2, 7: 2, 4: 11, 2: 50, 3: 18, 5: 3, 15: 1}",-0.9475081543709567
552,barabasi_albert,100,5,2,0,2.829,4.0,4.368065933568311,"{25: 1, 10: 2, 15: 1, 16: 1, 31: 1, 13: 1, 8: 3, 3: 18, 5: 4, 4: 8, 6: 5, 7: 2, 2: 53}",-0.9475081543709567
553,barabasi_albert,100,5,2,0,3.1044,4.0,3.3075670817082456,"{6: 3, 13: 2, 12: 3, 19: 1, 11: 4, 4: 11, 7: 2, 8: 1, 10: 1, 5: 3, 2: 47, 3: 21, 9: 1}",-0.9475081543709567
554,barabasi_albert,100,5,2,0,2.855,4.0,4.358898943540674,"{27: 1, 16: 2, 11: 1, 14: 1, 25: 1, 17: 1, 6: 6, 2: 56, 4: 6, 5: 6, 3: 16, 10: 1, 7: 2}",-0.9475081543709567
555,barabasi_albert,100,5,2,0,2.895,4.0,4.059556626036888,"{14: 1, 23: 1, 22: 2, 18: 1, 3: 22, 6: 5, 10: 1, 9: 1, 7: 3, 2: 48, 5: 5, 4: 9, 8: 1}",-0.9475081543709567
556,barabasi_albert,100,5,2,0,2.8708,4.0,4.296510211788167,"{19: 1, 16: 1, 11: 1, 28: 1, 24: 1, 7: 2, 5: 5, 3: 29, 12: 1, 14: 1, 2: 46, 6: 4, 4: 6, 10: 1}",-0.9475081543709567
557,barabasi_albert,100,5,2,0,3.0052,4.0,3.7682887362833544,"{7: 5, 24: 1, 16: 2, 21: 1, 15: 1, 8: 2, 6: 7, 4: 8, 5: 6, 3: 19, 2: 48}",-0.9475081543709567
558,barabasi_albert,100,5,2,0,2.9954,4.0,3.994996871087636,"{6: 3, 22: 2, 9: 2, 16: 1, 19: 1, 7: 2, 18: 1, 3: 24, 4: 7, 8: 2, 11: 1, 2: 48, 5: 6}",-0.9475081543709567
559,barabasi_albert,100,5,2,0,2.8874,4.0,4.595650117230423,"{14: 2, 31: 1, 16: 2, 24: 1, 5: 10, 2: 57, 13: 3, 4: 10, 3: 14}",-0.9475081543709567
560,barabasi_albert,100,5,2,0,2.8904,4.0,4.1952353926806065,"{9: 2, 28: 1, 23: 2, 16: 1, 6: 4, 4: 10, 8: 1, 5: 11, 7: 2, 3: 19, 2: 47}",-0.9475081543709567
561,barabasi_albert,100,5,2,0,2.8548,4.0,4.312771730569565,"{7: 4, 24: 1, 16: 1, 29: 1, 18: 1, 5: 11, 11: 1, 12: 1, 2: 52, 4: 5, 3: 19, 6: 2, 14: 1}",-0.9475081543709567
562,barabasi_albert,100,5,2,0,3.0842,4.0,3.616628264005025,"{10: 2, 19: 1, 17: 2, 15: 1, 11: 1, 16: 1, 14: 1, 6: 4, 4: 11, 2: 48, 3: 19, 8: 1, 7: 1, 5: 7}",-0.9475081543709567
563,barabasi_albert,100,5,2,0,3.0072,4.0,3.776241517699841,"{24: 1, 15: 1, 22: 1, 14: 1, 9: 2, 8: 4, 4: 13, 5: 6, 7: 2, 10: 1, 2: 51, 13: 1, 6: 2, 3: 14}",-0.9475081543709567
564,barabasi_albert,100,5,2,0,2.8432,4.0,4.356604182158393,"{22: 1, 34: 1, 9: 1, 8: 2, 14: 1, 4: 15, 7: 2, 15: 1, 6: 1, 12: 1, 5: 6, 11: 1, 10: 1, 2: 51, 3: 15}",-0.9475081543709567
565,barabasi_albert,100,5,2,0,2.9008,4.0,4.044749683231337,"{9: 3, 13: 1, 19: 1, 14: 2, 29: 1, 7: 4, 3: 18, 11: 1, 12: 1, 2: 54, 10: 1, 5: 7, 4: 5, 6: 1}",-0.9475081543709567
566,barabasi_albert,100,5,2,0,3.0052,4.0,3.6633318168028404,"{18: 1, 20: 2, 9: 3, 17: 1, 11: 1, 8: 2, 6: 6, 10: 1, 4: 9, 5: 6, 7: 2, 3: 13, 2: 53}",-0.9475081543709567
567,barabasi_albert,100,5,2,0,2.9574,4.0,3.8961519477556315,"{19: 1, 17: 1, 13: 1, 22: 1, 20: 1, 4: 7, 6: 5, 7: 2, 3: 20, 12: 2, 5: 5, 10: 1, 8: 2, 2: 51}",-0.9475081543709567
568,barabasi_albert,100,5,2,0,2.8664,4.0,4.305810028322197,"{13: 1, 19: 1, 27: 1, 22: 1, 6: 2, 16: 1, 8: 3, 18: 1, 7: 3, 3: 17, 10: 1, 4: 11, 2: 54, 5: 3}",-0.9475081543709567
569,barabasi_albert,100,5,2,0,2.857,4.0,4.33589667773576,"{19: 1, 24: 1, 8: 2, 30: 1, 13: 1, 4: 7, 15: 1, 5: 11, 6: 1, 14: 1, 3: 24, 7: 2, 2: 47}",-0.9475081543709567
570,barabasi_albert,100,5,2,0,2.992,4.0,3.8574603043971822,"{20: 1, 16: 1, 22: 1, 17: 1, 19: 1, 9: 1, 6: 5, 2: 53, 8: 3, 10: 1, 4: 11, 3: 12, 5: 8, 7: 1}",-0.9475081543709567
571,barabasi_albert,100,5,2,0,3.0296,4.0,3.8052595180880897,"{11: 2, 28: 1, 12: 1, 15: 2, 10: 1, 6: 5, 4: 15, 8: 2, 13: 2, 2: 47, 3: 20, 7: 1, 5: 1}",-0.9475081543709567
572,barabasi_albert,100,5,2,0,2.9096,4.0,4.08656334834051,"{14: 1, 17: 1, 13: 1, 9: 1, 34: 1, 11: 2, 5: 5, 4: 15, 8: 4, 3: 16, 6: 5, 2: 48}",-0.9475081543709567
573,barabasi_albert,100,5,2,0,2.9456,4.0,4.03732584763727,"{23: 1, 10: 1, 8: 2, 12: 2, 27: 1, 7: 4, 14: 2, 13: 1, 2: 49, 6: 1, 5: 5, 4: 9, 3: 22}",-0.9475081543709567
574,barabasi_albert,100,5,2,0,2.9262,4.0,4.034848200366403,"{12: 1, 23: 1, 24: 1, 20: 1, 10: 1, 15: 1, 4: 7, 5: 6, 9: 4, 3: 16, 2: 54, 8: 2, 6: 5}",-0.9475081543709567
575,barabasi_albert,100,5,2,0,2.9062,4.0,4.147288270665544,"{16: 1, 6: 4, 24: 1, 21: 1, 18: 1, 14: 2, 2: 52, 4: 11, 15: 2, 5: 8, 3: 17}",-0.9475081543709567
576,barabasi_albert,100,5,2,0,3.0118,4.0,3.7094473981982814,"{16: 1, 23: 1, 14: 1, 15: 1, 17: 1, 3: 17, 12: 1, 10: 3, 6: 5, 5: 7, 2: 52, 8: 2, 4: 7, 9: 1}",-0.9475081543709567
577,barabasi_albert,100,5,2,0,2.7798,4.0,4.947726750741193,"{30: 1, 21: 1, 7: 1, 33: 1, 9: 2, 4: 11, 11: 1, 18: 1, 13: 1, 6: 5, 2: 54, 3: 19, 5: 2}",-0.9475081543709567
578,barabasi_albert,100,5,2,0,3.0476,4.0,3.566510900025402,"{14: 1, 18: 1, 10: 3, 15: 1, 12: 1, 24: 1, 3: 18, 6: 1, 9: 1, 7: 3, 4: 13, 5: 9, 2: 46, 8: 1}",-0.9475081543709567
579,barabasi_albert,100,5,2,0,2.9236,4.0,4.166533331199932,"{12: 1, 14: 1, 15: 2, 28: 1, 24: 1, 4: 12, 3: 19, 5: 5, 2: 50, 8: 2, 10: 2, 7: 2, 6: 2}",-0.9475081543709567
580,barabasi_albert,100,5,2,0,2.9616,4.0,4.0024992192379,"{9: 1, 29: 1, 25: 1, 12: 2, 13: 1, 5: 9, 10: 1, 7: 2, 4: 11, 6: 5, 3: 19, 2: 46, 8: 1}",-0.9475081543709567
581,barabasi_albert,100,5,2,0,3.0708,4.0,3.4322004603461025,"{14: 2, 15: 1, 11: 1, 18: 1, 17: 1, 4: 15, 12: 2, 6: 4, 3: 15, 9: 2, 7: 2, 5: 4, 2: 49, 8: 1}",-0.9475081543709567
582,barabasi_albert,100,5,2,0,2.8658,4.0,4.240283009422838,"{7: 2, 21: 1, 10: 1, 18: 1, 25: 1, 5: 5, 24: 1, 4: 10, 13: 1, 11: 2, 3: 22, 2: 49, 6: 4}",-0.9475081543709567
583,barabasi_albert,100,5,2,0,2.9964,4.0,3.954743986657038,"{15: 1, 14: 1, 29: 1, 20: 1, 12: 1, 7: 3, 4: 17, 8: 1, 3: 16, 6: 3, 5: 4, 13: 1, 9: 2, 2: 48}",-0.9475081543709567
584,barabasi_albert,100,5,2,0,2.8056,4.0,4.764451699828638,"{21: 1, 10: 3, 26: 1, 18: 1, 34: 1, 2: 54, 6: 3, 3: 16, 9: 1, 5: 6, 7: 2, 4: 11}",-0.9475081543709567
585,barabasi_albert,100,5,2,0,3.0164,4.0,3.5637059362410923,"{19: 1, 13: 3, 21: 1, 9: 5, 7: 3, 14: 1, 6: 3, 4: 10, 3: 23, 10: 1, 2: 47, 5: 2}",-0.9475081543709567
586,barabasi_albert,100,5,2,0,2.9134,4.0,4.123105625617661,"{20: 1, 14: 1, 13: 2, 22: 1, 23: 1, 3: 16, 2: 54, 7: 1, 5: 5, 9: 2, 4: 10, 17: 1, 8: 1, 6: 4}",-0.9475081543709567
587,barabasi_albert,100,5,2,0,2.9426,4.0,4.123105625617661,"{14: 2, 17: 1, 30: 1, 9: 2, 15: 1, 10: 1, 2: 55, 12: 3, 6: 4, 4: 10, 5: 6, 3: 14}",-0.9475081543709567
588,barabasi_albert,100,5,2,0,3.0408,4.0,3.7815340802378077,"{13: 1, 7: 3, 23: 2, 11: 1, 14: 1, 3: 20, 6: 4, 10: 1, 8: 1, 2: 47, 16: 1, 9: 1, 5: 6, 4: 11}",-0.9475081543709567
589,barabasi_albert,100,5,2,0,2.9508,4.0,3.964845520319802,"{20: 2, 14: 2, 18: 2, 4: 12, 17: 1, 5: 4, 8: 1, 3: 25, 2: 46, 6: 3, 11: 1, 7: 1}",-0.9475081543709567
590,barabasi_albert,100,5,2,0,2.9426,4.0,3.9774363602702683,"{20: 1, 13: 3, 21: 2, 10: 1, 6: 2, 7: 2, 18: 1, 2: 50, 3: 17, 5: 5, 4: 15, 9: 1}",-0.9475081543709567
591,barabasi_albert,100,5,2,0,3.021,4.0,3.481379037105842,"{9: 4, 14: 1, 12: 1, 15: 1, 6: 7, 21: 1, 16: 1, 11: 2, 3: 19, 4: 5, 2: 51, 5: 4, 8: 2, 7: 1}",-0.9475081543709567
592,barabasi_albert,100,5,2,0,2.9436,4.0,3.8755644750152203,"{17: 1, 21: 1, 16: 2, 8: 2, 20: 1, 10: 2, 13: 1, 3: 22, 5: 4, 4: 8, 12: 1, 6: 4, 2: 50, 7: 1}",-0.9475081543709567
593,barabasi_albert,100,5,2,0,2.8904,4.0,4.1303752856126765,"{18: 2, 30: 1, 10: 2, 17: 1, 8: 2, 11: 1, 6: 3, 3: 29, 2: 47, 9: 2, 7: 4, 4: 5, 5: 1}",-0.9475081543709567
594,barabasi_albert,100,5,2,0,3.0232,4.0,3.6441734316577197,"{10: 2, 17: 1, 11: 3, 28: 1, 9: 5, 4: 14, 3: 21, 7: 3, 6: 2, 2: 45, 5: 3}",-0.9475081543709567
595,barabasi_albert,100,5,2,0,2.7954,4.0,4.512205669071391,"{20: 1, 17: 1, 14: 1, 12: 2, 36: 1, 7: 1, 5: 7, 6: 4, 8: 3, 11: 1, 3: 18, 2: 53, 4: 7}",-0.9475081543709567
596,barabasi_albert,100,5,2,0,2.87,4.0,4.368065933568311,"{12: 1, 18: 1, 29: 1, 17: 1, 27: 1, 4: 14, 6: 6, 9: 1, 8: 2, 2: 52, 3: 14, 7: 2, 5: 4}",-0.9475081543709567
597,barabasi_albert,100,5,2,0,2.7922,4.0,4.793745925682754,"{31: 1, 30: 1, 21: 1, 10: 1, 15: 1, 5: 1, 14: 1, 7: 5, 11: 1, 2: 51, 3: 23, 4: 12, 9: 1}",-0.9475081543709567
598,barabasi_albert,100,5,2,0,2.9774,4.0,3.964845520319802,"{7: 4, 17: 1, 23: 1, 25: 1, 14: 2, 12: 1, 5: 3, 6: 4, 9: 2, 3: 20, 8: 1, 4: 11, 2: 49}",-0.9475081543709567
599,barabasi_albert,100,5,2,0,2.9448,4.0,3.8262252939417984,"{17: 2, 20: 1, 7: 3, 23: 1, 10: 1, 9: 2, 3: 18, 4: 11, 8: 1, 5: 5, 12: 1, 2: 50, 6: 3, 13: 1}",-0.9475081543709567
600,barabasi_albert,100,5,2,0,2.963,4.0,3.9319206502675,"{6: 4, 16: 1, 22: 1, 15: 1, 23: 1, 4: 10, 8: 5, 19: 1, 5: 7, 10: 1, 3: 15, 7: 1, 2: 52}",-0.9475081543709567
601,barabasi_albert,100,5,2,0,2.8878,4.0,4.071854614300467,"{11: 1, 9: 2, 21: 1, 27: 1, 16: 1, 4: 9, 14: 2, 3: 13, 12: 1, 10: 1, 8: 3, 2: 56, 5: 8, 6: 1}",-0.9475081543709567
602,barabasi_albert,100,5,2,0,2.9252,4.0,4.190465367951393,"{21: 1, 13: 1, 34: 1, 12: 1, 10: 2, 4: 11, 7: 3, 3: 15, 8: 2, 9: 2, 5: 6, 6: 4, 2: 51}",-0.9475081543709567
603,barabasi_albert,100,5,2,0,2.9168,4.0,4.17612260356422,"{33: 1, 13: 3, 10: 3, 6: 4, 18: 1, 5: 5, 14: 1, 2: 50, 3: 17, 4: 13, 7: 2}",-0.9475081543709567
604,barabasi_albert,100,5,2,0,2.9096,4.0,3.916631205513228,"{19: 3, 9: 2, 22: 1, 10: 2, 2: 58, 4: 10, 12: 1, 5: 5, 11: 1, 6: 5, 8: 1, 3: 9, 7: 2}",-0.9475081543709567
605,barabasi_albert,100,5,2,0,2.9472,4.0,3.9293765408777,"{20: 1, 22: 1, 15: 2, 10: 1, 21: 1, 9: 4, 8: 3, 6: 3, 3: 21, 2: 51, 7: 1, 4: 8, 5: 3}",-0.9475081543709567
606,barabasi_albert,100,5,2,0,2.9752,4.0,3.752332607858744,"{18: 2, 16: 1, 21: 1, 13: 1, 12: 2, 11: 1, 10: 1, 8: 1, 5: 5, 3: 15, 4: 12, 9: 1, 2: 52, 6: 5}",-0.9475081543709567
607,barabasi_albert,100,5,2,0,2.9418,4.0,3.9089640571384128,"{19: 1, 6: 3, 25: 1, 16: 2, 17: 1, 7: 6, 4: 7, 11: 1, 8: 2, 3: 23, 10: 1, 2: 49, 5: 3}",-0.9475081543709567
608,barabasi_albert,100,5,2,0,3.029,4.0,3.6496575181789317,"{23: 1, 18: 1, 17: 1, 13: 1, 15: 1, 4: 9, 11: 2, 10: 1, 2: 46, 3: 22, 5: 6, 7: 2, 8: 1, 6: 6}",-0.9475081543709567
609,barabasi_albert,100,5,2,0,2.9516,4.0,3.8026306683663087,"{18: 1, 14: 1, 5: 7, 13: 1, 17: 1, 6: 7, 16: 1, 21: 1, 3: 18, 12: 2, 11: 1, 4: 5, 2: 53, 9: 1}",-0.9475081543709567
610,barabasi_albert,100,5,2,0,2.8706,4.0,4.47213595499958,"{18: 1, 22: 1, 26: 1, 28: 1, 7: 2, 4: 15, 6: 6, 8: 1, 9: 2, 3: 13, 2: 54, 13: 1, 5: 2}",-0.9475081543709567
611,barabasi_albert,100,5,2,0,2.8928,4.0,4.358898943540674,"{18: 1, 23: 1, 28: 1, 22: 1, 14: 1, 11: 1, 2: 48, 5: 7, 8: 4, 3: 23, 4: 10, 6: 2}",-0.9475081543709567
612,barabasi_albert,100,5,2,0,2.9846,4.0,3.6441734316577197,"{11: 1, 15: 1, 17: 1, 20: 2, 10: 1, 5: 8, 7: 1, 13: 1, 8: 2, 12: 1, 9: 1, 2: 47, 6: 3, 4: 8, 3: 22}",-0.9475081543709567
613,barabasi_albert,100,5,2,0,2.9782,4.0,3.641428291206625,"{24: 1, 16: 2, 10: 1, 15: 2, 8: 1, 11: 1, 6: 4, 7: 2, 9: 2, 3: 21, 4: 11, 5: 6, 2: 46}",-0.9475081543709567
614,barabasi_albert,100,5,2,0,2.9802,4.0,3.749666651850535,"{17: 1, 22: 2, 9: 4, 18: 1, 6: 3, 3: 17, 4: 10, 7: 5, 2: 49, 5: 7, 8: 1}",-0.9475081543709567
615,barabasi_albert,100,5,2,0,2.9694,4.0,3.7868192457522976,"{21: 1, 16: 2, 18: 1, 15: 1, 4: 10, 7: 3, 12: 1, 9: 1, 3: 21, 8: 1, 5: 4, 11: 2, 6: 1, 2: 50, 13: 1}",-0.9475081543709567
616,barabasi_albert,100,5,2,0,3.0002,4.0,3.6496575181789317,"{11: 1, 12: 3, 27: 1, 13: 1, 14: 1, 2: 49, 10: 2, 8: 2, 6: 2, 7: 3, 5: 4, 4: 13, 3: 17, 9: 1}",-0.9475081543709567
617,barabasi_albert,100,5,2,0,2.9794,4.0,4.004996878900157,"{29: 1, 23: 1, 16: 1, 13: 1, 10: 2, 3: 19, 5: 12, 7: 1, 8: 2, 4: 9, 6: 3, 11: 1, 2: 47}",-0.9475081543709567
618,barabasi_albert,100,5,2,0,2.9368,4.0,4.022437072223753,"{21: 2, 15: 1, 9: 6, 23: 1, 16: 1, 7: 3, 4: 8, 6: 3, 5: 2, 2: 50, 3: 23}",-0.9475081543709567
619,barabasi_albert,100,5,2,0,2.9612,4.0,3.8392707640904935,"{19: 2, 23: 1, 16: 1, 15: 1, 6: 4, 10: 2, 9: 2, 7: 3, 2: 48, 8: 1, 3: 22, 4: 10, 5: 3}",-0.9475081543709567
620,barabasi_albert,100,5,2,0,2.8052,4.0,4.654030511288038,"{28: 1, 29: 1, 19: 1, 15: 2, 11: 1, 5: 4, 7: 2, 4: 11, 16: 1, 2: 54, 3: 19, 8: 3}",-0.9475081543709567
621,barabasi_albert,100,5,2,0,2.9226,4.0,3.97994974842648,"{21: 2, 17: 1, 16: 1, 20: 1, 15: 1, 9: 1, 7: 4, 3: 18, 4: 11, 2: 51, 6: 8, 5: 1}",-0.9475081543709567
622,barabasi_albert,100,5,2,0,2.7772,4.0,4.862098312457287,"{23: 1, 22: 2, 36: 1, 6: 7, 8: 2, 3: 18, 4: 12, 9: 1, 7: 2, 2: 52, 5: 2}",-0.9475081543709567
623,barabasi_albert,100,5,2,0,2.7974,4.0,4.709564735726647,"{36: 1, 16: 1, 15: 1, 23: 1, 11: 1, 4: 5, 12: 1, 6: 3, 3: 24, 9: 2, 2: 53, 13: 1, 5: 4, 10: 2}",-0.9475081543709567
624,barabasi_albert,100,5,2,0,2.8818,4.0,4.2708313008125245,"{8: 3, 26: 1, 21: 1, 25: 1, 17: 1, 12: 2, 2: 52, 5: 9, 6: 3, 4: 7, 3: 18, 7: 2}",-0.9475081543709567
625,barabasi_albert,100,5,2,0,2.7914,4.0,4.666904755831214,"{34: 1, 11: 1, 21: 2, 12: 1, 19: 1, 8: 2, 13: 1, 2: 50, 4: 12, 3: 23, 7: 1, 6: 4, 5: 1}",-0.9475081543709567
626,barabasi_albert,100,5,2,0,2.9732,4.0,3.8522720568516444,"{14: 1, 20: 2, 12: 1, 10: 1, 21: 1, 3: 25, 6: 7, 2: 46, 13: 1, 7: 2, 4: 9, 16: 1, 5: 3}",-0.9475081543709567
627,barabasi_albert,100,5,2,0,2.7768,4.0,4.959838707054898,"{25: 1, 12: 2, 31: 1, 32: 1, 16: 1, 4: 13, 3: 22, 2: 48, 5: 8, 6: 3}",-0.9475081543709567
628,barabasi_albert,100,5,2,0,2.903,4.0,4.047221268969612,"{23: 1, 15: 1, 14: 1, 24: 1, 10: 2, 19: 1, 7: 5, 8: 3, 2: 54, 9: 1, 4: 8, 3: 17, 5: 4, 6: 1}",-0.9475081543709567
629,barabasi_albert,100,5,2,0,3.0168,4.0,3.6441734316577197,"{12: 2, 28: 1, 8: 3, 9: 2, 15: 1, 13: 2, 2: 48, 5: 4, 7: 1, 4: 16, 3: 14, 6: 6}",-0.9475081543709567
630,barabasi_albert,100,5,2,0,3.0442,4.0,3.6851051545376556,"{14: 1, 12: 2, 17: 1, 11: 1, 26: 1, 7: 2, 10: 1, 5: 10, 3: 18, 2: 47, 15: 1, 9: 1, 4: 11, 6: 3}",-0.9475081543709567
631,barabasi_albert,100,5,2,0,2.8848,4.0,4.282522621072771,"{26: 1, 15: 1, 13: 1, 28: 1, 7: 3, 4: 6, 2: 47, 11: 1, 18: 1, 9: 1, 6: 5, 10: 1, 3: 27, 5: 4}",-0.9475081543709567
632,barabasi_albert,100,5,2,0,2.9236,4.0,4.029888335921977,"{10: 2, 18: 2, 20: 1, 26: 1, 4: 10, 5: 4, 3: 22, 11: 1, 12: 1, 6: 2, 2: 49, 7: 3, 9: 2}",-0.9475081543709567
633,barabasi_albert,100,5,2,0,2.8682,4.0,4.226109321823087,"{6: 2, 9: 3, 21: 1, 22: 3, 2: 53, 10: 3, 3: 20, 13: 1, 4: 9, 7: 2, 5: 3}",-0.9475081543709567
634,barabasi_albert,100,5,2,0,2.9956,4.0,3.7735924528226414,"{24: 1, 17: 1, 12: 2, 13: 3, 5: 7, 8: 2, 7: 5, 16: 1, 3: 15, 2: 54, 4: 8, 9: 1}",-0.9475081543709567
635,barabasi_albert,100,5,2,0,2.8972,4.0,4.064480286580315,"{12: 2, 26: 1, 25: 1, 15: 1, 10: 2, 7: 4, 8: 2, 2: 54, 14: 1, 4: 13, 6: 1, 5: 6, 3: 12}",-0.9475081543709567
636,barabasi_albert,100,5,2,0,3.0898,4.0,3.2280024783137944,"{14: 1, 12: 3, 11: 1, 19: 1, 13: 2, 8: 2, 7: 2, 4: 13, 5: 7, 2: 45, 9: 2, 3: 19, 6: 2}",-0.9475081543709567
637,barabasi_albert,100,5,2,0,3.0134,4.0,3.8600518131237567,"{13: 1, 15: 2, 19: 1, 21: 1, 7: 4, 3: 15, 2: 56, 9: 1, 17: 1, 10: 1, 4: 7, 12: 2, 5: 4, 6: 4}",-0.9475081543709567
638,barabasi_albert,100,5,2,0,2.781,4.0,4.747630988187687,"{23: 1, 11: 1, 17: 1, 40: 1, 10: 1, 2: 45, 4: 15, 7: 4, 3: 24, 12: 1, 6: 1, 8: 2, 5: 3}",-0.9475081543709567
639,barabasi_albert,100,5,2,0,2.8644,4.0,4.586937976471886,"{14: 1, 13: 1, 37: 1, 15: 1, 24: 1, 11: 1, 5: 4, 4: 16, 3: 24, 7: 3, 6: 2, 2: 44, 9: 1}",-0.9475081543709567
640,barabasi_albert,100,5,2,0,2.945,4.0,3.9370039370059056,"{21: 1, 10: 2, 22: 1, 17: 1, 20: 1, 13: 1, 14: 1, 3: 23, 7: 3, 4: 10, 2: 47, 5: 5, 6: 4}",-0.9475081543709567
641,barabasi_albert,100,5,2,0,2.8272,4.0,4.626013402488151,"{25: 1, 18: 1, 16: 1, 28: 1, 23: 1, 3: 18, 12: 1, 5: 5, 4: 8, 8: 3, 2: 56, 9: 2, 7: 1, 6: 1}",-0.9475081543709567
642,barabasi_albert,100,5,2,0,2.906,4.0,4.042276586281547,"{17: 1, 16: 1, 21: 1, 26: 1, 13: 2, 12: 1, 8: 1, 11: 1, 2: 51, 6: 3, 7: 2, 3: 17, 4: 12, 5: 6}",-0.9475081543709567
643,barabasi_albert,100,5,2,0,2.9886,4.0,3.903844259188627,"{22: 2, 12: 1, 14: 1, 18: 1, 6: 8, 7: 4, 16: 1, 13: 1, 4: 8, 5: 3, 3: 20, 2: 50}",-0.9475081543709567
644,barabasi_albert,100,5,2,0,2.9614,4.0,3.867815921162743,"{27: 1, 12: 1, 19: 1, 9: 4, 14: 1, 10: 1, 17: 1, 4: 9, 8: 3, 3: 25, 6: 3, 2: 46, 5: 4}",-0.9475081543709567
645,barabasi_albert,100,5,2,0,2.9038,4.0,4.1303752856126765,"{18: 1, 17: 1, 21: 1, 20: 1, 24: 1, 7: 5, 8: 2, 12: 1, 2: 54, 5: 6, 6: 4, 4: 6, 3: 17}",-0.9475081543709567
646,barabasi_albert,100,5,2,0,2.9532,4.0,4.1012193308819755,"{16: 1, 17: 2, 26: 1, 24: 1, 6: 7, 3: 17, 5: 5, 7: 2, 10: 1, 8: 1, 4: 13, 2: 49}",-0.9475081543709567
647,barabasi_albert,100,5,2,0,2.9196,4.0,4.328972164382672,"{22: 1, 23: 1, 17: 2, 27: 1, 7: 2, 11: 1, 3: 25, 4: 11, 5: 6, 8: 2, 2: 46, 6: 2}",-0.9475081543709567
648,barabasi_albert,100,5,2,0,2.7492,4.0,5.0517323761260355,"{27: 2, 14: 1, 34: 1, 15: 1, 8: 1, 5: 4, 6: 3, 12: 1, 3: 24, 4: 8, 10: 1, 2: 52, 7: 1}",-0.9475081543709567
649,barabasi_albert,100,5,2,0,2.9588,4.0,3.82099463490856,"{16: 1, 13: 1, 29: 1, 10: 3, 4: 13, 9: 1, 14: 1, 12: 1, 6: 4, 5: 3, 7: 2, 2: 48, 3: 19, 11: 1, 8: 1}",-0.9475081543709567
650,barabasi_albert,100,5,2,0,2.9198,4.0,3.919183588453085,"{15: 1, 7: 6, 22: 1, 16: 1, 14: 4, 19: 1, 4: 7, 2: 56, 8: 1, 3: 15, 6: 2, 5: 5}",-0.9475081543709567
651,barabasi_albert,100,5,2,0,2.9406,4.0,3.8288379438153295,"{23: 1, 16: 1, 14: 1, 20: 1, 13: 1, 4: 5, 7: 2, 5: 8, 15: 1, 9: 1, 10: 2, 6: 4, 2: 54, 8: 2, 3: 16}",-0.9475081543709567
652,barabasi_albert,100,5,2,0,2.882,4.0,4.161730409336962,"{17: 1, 11: 2, 19: 2, 25: 1, 16: 1, 15: 1, 8: 1, 3: 18, 5: 4, 7: 2, 6: 3, 2: 54, 4: 9, 9: 1}",-0.9475081543709567
653,barabasi_albert,100,5,2,0,2.9804,4.0,3.924283374069717,"{26: 1, 9: 1, 19: 1, 21: 1, 7: 2, 4: 13, 12: 2, 3: 19, 10: 1, 13: 1, 6: 6, 8: 1, 2: 48, 5: 3}",-0.9475081543709567
654,barabasi_albert,100,5,2,0,2.8902,4.0,4.240283009422838,"{16: 1, 26: 1, 17: 1, 24: 1, 21: 1, 3: 30, 4: 8, 8: 2, 6: 5, 9: 1, 7: 3, 2: 44, 5: 2}",-0.9475081543709567
655,barabasi_albert,100,5,2,0,2.9384,4.0,3.9115214431215892,"{18: 1, 11: 1, 24: 1, 14: 1, 9: 1, 13: 2, 17: 1, 10: 1, 3: 17, 15: 1, 2: 53, 4: 10, 5: 4, 6: 3, 7: 3}",-0.9475081543709567
656,barabasi_albert,100,5,2,0,2.9274,4.0,4.156921938165306,"{24: 1, 27: 1, 18: 1, 13: 1, 11: 1, 16: 1, 7: 2, 4: 10, 6: 5, 5: 5, 10: 2, 2: 48, 3: 22}",-0.9475081543709567
657,barabasi_albert,100,5,2,0,2.8492,4.0,4.326661530556787,"{23: 1, 14: 1, 16: 3, 27: 1, 8: 1, 3: 13, 4: 14, 2: 56, 5: 4, 12: 1, 10: 1, 6: 3, 13: 1}",-0.9475081543709567
658,barabasi_albert,100,5,2,0,2.8094,4.0,4.636809247747852,"{10: 2, 8: 1, 18: 1, 23: 1, 37: 1, 12: 1, 7: 3, 2: 50, 6: 5, 13: 1, 5: 3, 3: 21, 4: 10}",-0.9475081543709567
659,barabasi_albert,100,5,2,0,2.8536,4.0,4.244997055358225,"{19: 1, 22: 1, 24: 1, 20: 1, 13: 1, 8: 3, 3: 24, 5: 5, 16: 1, 7: 1, 11: 1, 6: 2, 2: 51, 9: 1, 4: 6}",-0.9475081543709567
660,barabasi_albert,100,5,2,0,2.8114,4.0,4.571651780264984,"{10: 1, 21: 1, 23: 1, 19: 1, 33: 1, 8: 2, 5: 6, 11: 1, 4: 12, 2: 48, 3: 22, 6: 3, 9: 1}",-0.9475081543709567
661,barabasi_albert,100,5,2,0,2.8902,4.0,4.28485705712571,"{22: 1, 14: 2, 23: 1, 11: 1, 28: 1, 8: 1, 7: 3, 6: 4, 5: 7, 3: 20, 2: 51, 4: 7, 10: 1}",-0.9475081543709567
662,barabasi_albert,100,5,2,0,2.926,4.0,4.079215610874228,"{9: 3, 17: 1, 13: 1, 20: 1, 30: 1, 6: 7, 5: 6, 16: 1, 4: 7, 3: 23, 2: 47, 7: 2}",-0.9475081543709567
663,barabasi_albert,100,5,2,0,2.7372,4.0,4.913247398615299,"{22: 1, 27: 1, 17: 1, 36: 1, 9: 2, 11: 1, 4: 9, 5: 9, 3: 19, 2: 52, 6: 2, 8: 1, 7: 1}",-0.9475081543709567
664,barabasi_albert,100,5,2,0,2.9922,4.0,4.2,"{28: 2, 10: 4, 15: 1, 3: 21, 2: 50, 8: 2, 4: 7, 5: 5, 6: 3, 7: 3, 9: 2}",-0.9475081543709567
665,barabasi_albert,100,5,2,0,2.8772,4.0,4.280186911806539,"{18: 1, 9: 1, 19: 1, 23: 1, 24: 1, 7: 4, 4: 8, 20: 1, 10: 1, 3: 19, 11: 1, 2: 53, 6: 3, 5: 5}",-0.9475081543709567
666,barabasi_albert,100,5,2,0,2.8336,4.0,4.4294469180700204,"{10: 2, 24: 1, 14: 1, 27: 1, 25: 1, 9: 3, 4: 10, 5: 5, 11: 1, 2: 58, 3: 12, 7: 3, 8: 1, 6: 1}",-0.9475081543709567
667,barabasi_albert,100,5,2,0,2.962,4.0,3.9597979746446663,"{12: 1, 10: 6, 24: 1, 25: 1, 19: 1, 5: 5, 4: 16, 7: 2, 3: 23, 2: 44}",-0.9475081543709567
668,barabasi_albert,100,5,2,0,2.887,4.0,4.280186911806539,"{19: 2, 14: 1, 32: 1, 16: 1, 6: 4, 5: 7, 2: 49, 4: 10, 9: 1, 7: 1, 11: 1, 3: 20, 8: 2}",-0.9475081543709567
669,barabasi_albert,100,5,2,0,2.971,4.0,3.862641583165593,"{18: 1, 21: 1, 14: 2, 19: 2, 9: 1, 4: 12, 10: 2, 7: 2, 3: 23, 2: 47, 5: 3, 6: 3, 8: 1}",-0.9475081543709567
670,barabasi_albert,100,5,2,0,2.8142,4.0,4.822862220714998,"{25: 1, 16: 2, 14: 1, 38: 1, 2: 50, 6: 3, 5: 5, 9: 1, 3: 22, 10: 1, 4: 10, 8: 2, 7: 1}",-0.9475081543709567
671,barabasi_albert,100,5,2,0,2.927,4.0,4.032369030731191,"{24: 1, 14: 2, 25: 1, 17: 1, 5: 6, 10: 1, 13: 1, 6: 7, 8: 2, 4: 9, 2: 52, 3: 16, 7: 1}",-0.9475081543709567
672,barabasi_albert,100,5,2,0,2.931,4.0,4.1012193308819755,"{17: 2, 5: 6, 22: 1, 19: 1, 24: 1, 3: 18, 10: 1, 12: 1, 7: 3, 8: 2, 2: 51, 4: 11, 6: 2}",-0.9475081543709567
673,barabasi_albert,100,5,2,0,2.8904,4.0,4.152107898405339,"{18: 1, 21: 1, 12: 1, 26: 1, 20: 1, 7: 2, 14: 1, 3: 29, 5: 6, 2: 46, 6: 3, 4: 5, 9: 2, 10: 1}",-0.9475081543709567
674,barabasi_albert,100,5,2,0,2.948,4.0,3.9319206502675,"{10: 1, 8: 2, 29: 1, 15: 2, 17: 1, 5: 6, 14: 1, 12: 1, 3: 21, 9: 1, 2: 48, 6: 4, 4: 9, 7: 2}",-0.9475081543709567
675,barabasi_albert,100,5,2,0,2.9566,4.0,3.8052595180880897,"{16: 2, 13: 1, 12: 1, 20: 2, 14: 1, 11: 2, 6: 2, 4: 10, 7: 4, 8: 2, 2: 52, 3: 19, 5: 2}",-0.9475081543709567
676,barabasi_albert,100,5,2,0,2.8582,4.0,4.420407221060069,"{19: 1, 22: 1, 16: 1, 24: 1, 25: 1, 8: 1, 15: 1, 4: 12, 3: 16, 7: 2, 5: 8, 2: 53, 9: 1, 6: 1}",-0.9475081543709567
677,barabasi_albert,100,5,2,0,2.9544,4.0,3.9899874686520005,"{15: 1, 14: 1, 27: 1, 10: 1, 17: 1, 4: 8, 8: 2, 7: 1, 13: 1, 20: 1, 2: 47, 6: 4, 5: 6, 9: 1, 3: 24}",-0.9475081543709567
678,barabasi_albert,100,5,2,0,2.969,4.0,3.7709415269929605,"{25: 1, 13: 1, 20: 1, 10: 1, 17: 1, 6: 7, 2: 51, 11: 2, 5: 5, 4: 13, 12: 1, 7: 3, 3: 13}",-0.9475081543709567
679,barabasi_albert,100,5,2,0,2.8894,4.0,4.298837052040936,"{12: 2, 32: 1, 24: 1, 15: 1, 11: 1, 3: 19, 6: 7, 5: 7, 4: 10, 14: 1, 2: 49, 8: 1}",-0.9475081543709567
680,barabasi_albert,100,5,2,0,3.0344,4.0,3.671511950137164,"{15: 1, 10: 2, 22: 1, 11: 1, 19: 1, 4: 9, 13: 1, 5: 4, 8: 5, 6: 1, 7: 3, 16: 1, 2: 49, 3: 21}",-0.9475081543709567
681,barabasi_albert,100,5,2,0,2.9544,4.0,3.687817782917155,"{13: 1, 14: 2, 16: 1, 23: 1, 18: 1, 8: 2, 4: 14, 2: 45, 5: 6, 12: 1, 10: 1, 3: 22, 9: 1, 7: 1, 6: 1}",-0.9475081543709567
682,barabasi_albert,100,5,2,0,3.0036,4.0,3.6959437225152656,"{14: 3, 17: 1, 18: 1, 23: 1, 7: 2, 6: 4, 9: 2, 2: 49, 5: 8, 10: 1, 3: 16, 4: 12}",-0.9475081543709567
683,barabasi_albert,100,5,2,0,2.9644,4.0,3.901281840626232,"{16: 1, 22: 1, 23: 1, 14: 1, 10: 2, 17: 1, 2: 49, 5: 5, 7: 3, 11: 1, 6: 3, 3: 22, 4: 8, 9: 1, 8: 1}",-0.9475081543709567
684,barabasi_albert,100,5,2,0,2.764,4.0,4.985980344927164,"{43: 1, 19: 1, 15: 1, 11: 1, 12: 1, 8: 2, 13: 1, 3: 20, 14: 1, 5: 4, 6: 3, 2: 53, 10: 1, 7: 1, 4: 9}",-0.9475081543709567
685,barabasi_albert,100,5,2,0,2.9178,4.0,4.197618372363071,"{20: 1, 27: 1, 10: 1, 13: 1, 4: 8, 3: 16, 9: 4, 26: 1, 7: 2, 5: 10, 8: 1, 6: 2, 2: 52}",-0.9475081543709567
686,barabasi_albert,100,5,2,0,2.8892,4.0,4.135214625627067,"{18: 1, 11: 1, 15: 2, 24: 1, 4: 8, 22: 1, 13: 2, 9: 2, 3: 16, 5: 5, 8: 1, 2: 56, 6: 2, 7: 2}",-0.9475081543709567
687,barabasi_albert,100,5,2,0,2.858,4.0,4.345112196480086,"{15: 1, 33: 1, 16: 1, 18: 1, 19: 1, 9: 2, 2: 49, 5: 6, 6: 3, 4: 10, 11: 1, 7: 3, 3: 21}",-0.9475081543709567
688,barabasi_albert,100,5,2,0,2.9956,4.0,3.8600518131237567,"{17: 2, 10: 2, 18: 1, 25: 1, 15: 1, 3: 24, 5: 6, 6: 2, 7: 3, 4: 13, 13: 1, 2: 44}",-0.9475081543709567
689,barabasi_albert,100,5,2,0,2.9828,4.0,3.8574603043971822,"{12: 1, 21: 1, 17: 1, 16: 2, 20: 1, 7: 3, 5: 6, 13: 1, 2: 51, 3: 22, 9: 2, 8: 1, 6: 4, 4: 4}",-0.9475081543709567
690,barabasi_albert,100,5,2,0,2.9242,4.0,3.8987177379235853,"{9: 2, 23: 1, 11: 1, 22: 1, 17: 1, 5: 7, 19: 1, 3: 19, 7: 3, 2: 47, 8: 1, 4: 14, 13: 1, 6: 1}",-0.9475081543709567
691,barabasi_albert,100,5,2,0,2.9442,4.0,3.9140771581561853,"{7: 2, 20: 1, 28: 1, 18: 1, 6: 6, 12: 1, 8: 1, 11: 1, 2: 46, 14: 1, 3: 19, 4: 14, 5: 5, 9: 1}",-0.9475081543709567
692,barabasi_albert,100,5,2,0,2.8578,4.0,4.507771067833858,"{28: 1, 29: 1, 13: 1, 22: 1, 15: 1, 5: 6, 7: 3, 6: 4, 3: 23, 2: 48, 9: 1, 8: 1, 4: 9}",-0.9475081543709567
693,barabasi_albert,100,5,2,0,2.933,4.0,3.984971769034255,"{15: 1, 14: 1, 17: 1, 12: 2, 28: 1, 3: 21, 8: 1, 5: 7, 7: 3, 11: 1, 13: 2, 4: 6, 2: 51, 6: 2}",-0.9475081543709567
694,barabasi_albert,100,5,2,0,3.0004,4.0,3.5411862419251547,"{19: 2, 13: 2, 16: 1, 15: 1, 5: 9, 9: 2, 7: 1, 2: 48, 8: 2, 6: 4, 4: 7, 3: 20, 11: 1}",-0.9475081543709567
695,barabasi_albert,100,5,2,0,2.997,4.0,3.8288379438153295,"{16: 1, 19: 1, 17: 1, 20: 2, 8: 4, 3: 30, 9: 1, 6: 2, 2: 44, 4: 7, 10: 1, 12: 1, 5: 4, 7: 1}",-0.9475081543709567
696,barabasi_albert,100,5,2,0,2.9438,4.0,3.9217343102255158,"{16: 2, 13: 1, 14: 1, 7: 3, 29: 1, 12: 2, 4: 14, 2: 49, 6: 1, 3: 17, 5: 6, 9: 2, 8: 1}",-0.9475081543709567
697,barabasi_albert,100,5,2,0,2.7938,4.0,4.632493928760188,"{18: 1, 25: 1, 20: 2, 11: 1, 4: 10, 6: 1, 28: 1, 2: 56, 7: 3, 12: 1, 3: 17, 8: 2, 5: 4}",-0.9475081543709567
698,barabasi_albert,100,5,2,0,2.9066,4.0,4.259107887809371,"{30: 1, 13: 1, 10: 1, 20: 1, 22: 1, 14: 1, 8: 2, 3: 25, 7: 2, 5: 8, 6: 3, 2: 49, 9: 2, 4: 3}",-0.9475081543709567
699,barabasi_albert,100,5,2,0,3.0878,4.0,3.2526911934581184,"{16: 1, 12: 1, 9: 2, 14: 2, 11: 3, 8: 2, 15: 1, 13: 1, 5: 6, 6: 1, 7: 1, 3: 20, 4: 14, 2: 45}",-0.9475081543709567
700,barabasi_albert,100,5,2,0,2.9686,4.0,3.752332607858744,"{11: 4, 27: 1, 19: 1, 14: 1, 6: 7, 12: 1, 4: 9, 7: 1, 3: 26, 2: 44, 8: 1, 5: 3, 10: 1}",-0.9475081543709567
701,barabasi_albert,100,5,2,0,2.9234,4.0,3.872983346207417,"{19: 1, 23: 1, 21: 1, 18: 1, 8: 3, 4: 11, 9: 2, 13: 1, 3: 23, 5: 4, 6: 3, 2: 46, 7: 3}",-0.9475081543709567
702,barabasi_albert,100,5,2,0,3.0276,4.0,3.6932370625238775,"{13: 1, 18: 1, 23: 1, 12: 3, 17: 1, 2: 47, 3: 21, 6: 2, 4: 14, 5: 3, 9: 4, 10: 1, 7: 1}",-0.9475081543709567
703,barabasi_albert,100,5,2,0,2.9136,4.0,3.844476557348217,"{11: 3, 19: 2, 21: 1, 18: 1, 14: 1, 8: 1, 7: 3, 10: 1, 3: 23, 4: 11, 5: 6, 2: 47}",-0.9475081543709567
704,barabasi_albert,100,5,2,0,2.8948,4.0,4.066939881532551,"{14: 2, 27: 1, 7: 2, 23: 1, 8: 1, 10: 1, 4: 12, 6: 6, 18: 1, 12: 1, 5: 3, 3: 23, 2: 46}",-0.9475081543709567
705,barabasi_albert,100,5,2,0,2.7516,4.0,4.829078587059854,"{29: 1, 16: 1, 18: 1, 20: 1, 32: 1, 7: 1, 4: 10, 8: 2, 3: 33, 6: 3, 12: 1, 2: 44, 5: 1}",-0.9475081543709567
706,barabasi_albert,100,5,2,0,2.9966,4.0,3.760319135392633,"{20: 1, 21: 1, 18: 1, 19: 1, 12: 2, 9: 1, 5: 5, 7: 3, 2: 48, 8: 2, 6: 5, 3: 19, 4: 11}",-0.9475081543709567
707,barabasi_albert,100,5,2,0,2.8742,4.0,4.3335897360040905,"{11: 1, 36: 1, 13: 1, 14: 1, 18: 1, 4: 12, 16: 1, 7: 2, 9: 1, 5: 4, 8: 1, 6: 5, 2: 44, 3: 25}",-0.9475081543709567
708,barabasi_albert,100,5,2,0,3.044,4.0,3.478505426185217,"{14: 1, 17: 2, 11: 1, 20: 1, 15: 1, 10: 1, 7: 4, 2: 48, 6: 6, 3: 19, 8: 2, 5: 7, 4: 7}",-0.9475081543709567
709,barabasi_albert,100,5,2,0,2.874,4.0,4.2708313008125245,"{16: 1, 15: 1, 14: 1, 33: 1, 17: 1, 11: 1, 12: 1, 3: 23, 13: 1, 5: 7, 9: 1, 2: 47, 4: 11, 6: 3}",-0.9475081543709567
710,barabasi_albert,100,5,2,0,2.9904,4.0,3.8288379438153295,"{13: 1, 16: 1, 12: 2, 22: 1, 18: 1, 8: 1, 7: 3, 21: 1, 6: 1, 5: 10, 10: 1, 3: 23, 2: 47, 4: 7}",-0.9475081543709567
711,barabasi_albert,100,5,2,0,2.8726,4.0,4.254409477236529,"{8: 3, 34: 1, 14: 2, 17: 1, 13: 1, 11: 1, 7: 4, 12: 1, 6: 1, 4: 9, 2: 53, 3: 17, 9: 1, 5: 5}",-0.9475081543709567
712,barabasi_albert,100,5,2,0,2.8826,4.0,4.266145801540309,"{22: 1, 18: 1, 20: 1, 27: 1, 14: 1, 8: 5, 5: 6, 3: 18, 9: 2, 4: 10, 2: 53, 11: 1}",-0.9475081543709567
713,barabasi_albert,100,5,2,0,2.9038,4.0,3.9217343102255158,"{15: 1, 17: 1, 14: 1, 26: 1, 20: 1, 8: 1, 9: 2, 11: 1, 6: 4, 2: 50, 7: 2, 5: 5, 3: 18, 4: 11, 10: 1}",-0.9475081543709567
714,barabasi_albert,100,5,2,0,2.966,4.0,3.7735924528226414,"{18: 1, 17: 2, 20: 1, 19: 1, 7: 2, 9: 1, 11: 2, 6: 4, 2: 49, 8: 2, 4: 11, 5: 5, 3: 19}",-0.9475081543709567
715,barabasi_albert,100,5,2,0,3.001,4.0,3.9673668849754744,"{29: 1, 11: 2, 13: 1, 17: 1, 7: 1, 4: 16, 8: 3, 3: 15, 10: 2, 15: 2, 2: 51, 6: 2, 5: 3}",-0.9475081543709567
716,barabasi_albert,100,5,2,0,2.8858,4.0,4.171330722922842,"{8: 2, 21: 1, 11: 2, 20: 1, 25: 1, 6: 5, 10: 1, 16: 2, 5: 5, 3: 17, 2: 56, 4: 5, 9: 1, 7: 1}",-0.9475081543709567
717,barabasi_albert,100,5,2,0,2.919,4.0,4.029888335921977,"{21: 1, 16: 2, 17: 1, 27: 1, 9: 3, 3: 16, 5: 9, 8: 2, 2: 50, 7: 1, 4: 12, 6: 2}",-0.9475081543709567
718,barabasi_albert,100,5,2,0,2.9738,4.0,3.778888725538237,"{18: 1, 23: 1, 15: 1, 9: 1, 10: 1, 17: 2, 12: 1, 5: 8, 2: 50, 7: 1, 4: 8, 8: 2, 6: 5, 3: 18}",-0.9475081543709567
719,barabasi_albert,100,5,2,0,3.0146,4.0,3.6606010435446255,"{16: 2, 22: 1, 13: 1, 19: 1, 9: 1, 4: 16, 12: 2, 3: 18, 5: 6, 6: 4, 10: 1, 2: 46, 7: 1}",-0.9475081543709567
720,barabasi_albert,100,5,2,0,2.988,4.0,3.7175260590882213,"{10: 1, 14: 2, 13: 1, 24: 1, 5: 8, 15: 1, 6: 4, 3: 17, 12: 1, 4: 9, 7: 3, 18: 1, 2: 50, 8: 1}",-0.9475081543709567
721,barabasi_albert,100,5,2,0,2.909,4.0,4.0024992192379,"{21: 2, 24: 1, 11: 2, 19: 1, 5: 7, 9: 1, 7: 6, 4: 12, 3: 19, 2: 48, 6: 1}",-0.9475081543709567
722,barabasi_albert,100,5,2,0,2.9012,4.0,4.317406628984581,"{14: 1, 12: 1, 32: 1, 19: 1, 22: 1, 3: 19, 9: 1, 11: 1, 4: 11, 2: 50, 7: 2, 5: 4, 6: 5, 8: 2}",-0.9475081543709567
723,barabasi_albert,100,5,2,0,2.92,4.0,4.022437072223753,"{20: 1, 16: 2, 13: 2, 24: 1, 3: 19, 8: 1, 7: 3, 18: 1, 5: 5, 9: 1, 4: 8, 2: 52, 6: 4}",-0.9475081543709567
724,barabasi_albert,100,5,2,0,3.0902,4.0,3.331666249791536,"{16: 2, 12: 1, 10: 1, 11: 2, 13: 2, 17: 1, 5: 8, 9: 2, 2: 45, 3: 22, 4: 10, 6: 2, 7: 1, 8: 1}",-0.9475081543709567
725,barabasi_albert,100,5,2,0,2.891,4.0,4.230839160261236,"{22: 1, 18: 1, 16: 1, 25: 1, 19: 1, 6: 2, 12: 1, 5: 6, 8: 2, 7: 3, 3: 18, 10: 1, 4: 6, 11: 1, 2: 55}",-0.9475081543709567
726,barabasi_albert,100,5,2,0,2.7884,4.0,4.621688003316537,"{16: 1, 9: 2, 29: 1, 12: 1, 32: 1, 10: 1, 13: 1, 5: 5, 2: 58, 7: 4, 6: 4, 3: 14, 4: 6, 11: 1}",-0.9475081543709567
727,barabasi_albert,100,5,2,0,3.0158,4.0,3.8392707640904935,"{16: 1, 11: 2, 19: 1, 15: 2, 14: 1, 10: 2, 21: 1, 3: 19, 4: 7, 6: 2, 5: 6, 2: 53, 9: 2, 7: 1}",-0.9475081543709567
728,barabasi_albert,100,5,2,0,2.9606,4.0,3.944616584663204,"{22: 1, 13: 1, 7: 2, 28: 1, 16: 1, 6: 6, 8: 2, 3: 22, 11: 1, 4: 11, 14: 1, 2: 45, 5: 6}",-0.9475081543709567
729,barabasi_albert,100,5,2,0,2.8542,4.0,4.277849927241488,"{14: 1, 9: 3, 22: 1, 32: 1, 11: 2, 6: 2, 7: 4, 15: 1, 8: 3, 5: 2, 2: 54, 4: 8, 3: 18}",-0.9475081543709567
730,barabasi_albert,100,5,2,0,2.9936,4.0,3.714835124201342,"{16: 2, 22: 1, 17: 1, 20: 1, 5: 11, 3: 22, 6: 4, 12: 1, 8: 2, 7: 2, 4: 8, 2: 45}",-0.9475081543709567
731,barabasi_albert,100,5,2,0,2.8996,4.0,4.019950248448356,"{14: 2, 20: 1, 9: 3, 27: 1, 7: 1, 11: 1, 16: 1, 3: 22, 8: 2, 5: 7, 13: 1, 6: 2, 2: 51, 4: 5}",-0.9475081543709567
732,barabasi_albert,100,5,2,0,3.0026,4.0,3.722902093797257,"{24: 1, 14: 2, 21: 1, 7: 3, 9: 2, 4: 8, 3: 21, 13: 1, 5: 5, 10: 1, 2: 48, 6: 5, 8: 1, 11: 1}",-0.9475081543709567
733,barabasi_albert,100,5,2,0,2.901,4.0,4.230839160261236,"{18: 3, 13: 4, 28: 1, 6: 3, 8: 3, 4: 9, 2: 55, 3: 16, 5: 6}",-0.9475081543709567
734,barabasi_albert,100,5,2,0,3.1134,4.0,3.3555923471125033,"{10: 2, 11: 2, 17: 1, 24: 1, 13: 1, 7: 4, 3: 20, 6: 5, 4: 11, 8: 3, 5: 6, 2: 44}",-0.9475081543709567
735,barabasi_albert,100,5,2,0,2.8756,4.0,4.237924020083418,"{20: 1, 25: 2, 17: 1, 16: 1, 4: 10, 2: 51, 6: 6, 8: 2, 5: 3, 3: 19, 7: 3, 10: 1}",-0.9475081543709567
736,barabasi_albert,100,5,2,0,2.8634,4.0,4.50111097397076,"{6: 3, 36: 1, 23: 1, 18: 1, 4: 10, 12: 1, 8: 1, 10: 2, 2: 51, 5: 9, 7: 3, 3: 16, 9: 1}",-0.9475081543709567
737,barabasi_albert,100,5,2,0,2.8588,4.0,4.664761515876241,"{34: 1, 8: 2, 25: 1, 11: 1, 26: 1, 4: 7, 3: 21, 7: 3, 5: 10, 6: 5, 2: 48}",-0.9475081543709567
738,barabasi_albert,100,5,2,0,3.0034,4.0,3.698648401781386,"{12: 3, 21: 1, 24: 1, 11: 1, 13: 1, 2: 54, 10: 1, 8: 3, 5: 8, 6: 5, 3: 11, 7: 2, 4: 9}",-0.9475081543709567
739,barabasi_albert,100,5,2,0,3.0586,4.0,3.57211421989835,"{16: 2, 11: 1, 18: 1, 22: 1, 13: 1, 2: 44, 5: 5, 9: 2, 8: 3, 7: 3, 3: 24, 4: 11, 6: 2}",-0.9475081543709567
740,barabasi_albert,100,5,2,0,2.8346,4.0,4.481071300481616,"{25: 1, 17: 1, 11: 1, 30: 1, 18: 1, 16: 1, 5: 7, 2: 51, 8: 2, 10: 1, 6: 2, 3: 21, 9: 1, 4: 9}",-0.9475081543709567
741,barabasi_albert,100,5,2,0,2.8884,4.0,4.009987531152684,"{14: 2, 22: 1, 16: 1, 26: 1, 5: 8, 6: 1, 4: 9, 12: 1, 8: 1, 2: 51, 7: 4, 9: 1, 13: 1, 3: 18}",-0.9475081543709567
742,barabasi_albert,100,5,2,0,2.8032,4.0,4.628174586162454,"{10: 2, 32: 1, 19: 1, 25: 1, 17: 2, 7: 4, 2: 52, 3: 18, 4: 14, 5: 4, 8: 1}",-0.9475081543709567
743,barabasi_albert,100,5,2,0,2.8846,4.0,4.188078318274385,"{21: 1, 23: 1, 8: 4, 26: 1, 19: 1, 6: 4, 5: 7, 7: 3, 2: 54, 9: 2, 3: 15, 4: 7}",-0.9475081543709567
744,barabasi_albert,100,5,2,0,2.7964,4.0,4.658325879540846,"{17: 1, 14: 1, 25: 1, 30: 1, 15: 2, 11: 2, 2: 56, 4: 10, 3: 20, 6: 1, 16: 1, 9: 2, 5: 2}",-0.9475081543709567
745,barabasi_albert,100,5,2,0,2.978,4.0,3.6796738985948196,"{14: 1, 15: 2, 18: 1, 20: 1, 10: 1, 11: 2, 12: 2, 7: 2, 3: 18, 8: 2, 5: 6, 4: 6, 6: 3, 2: 53}",-0.9475081543709567
746,barabasi_albert,100,5,2,0,2.8382,4.0,4.545327270945404,"{6: 5, 17: 1, 19: 1, 11: 3, 38: 1, 3: 16, 4: 8, 2: 54, 5: 4, 9: 1, 10: 1, 8: 1, 7: 4}",-0.9475081543709567
747,barabasi_albert,100,5,2,0,2.9148,4.0,3.987480407475377,"{28: 1, 13: 1, 17: 1, 12: 2, 22: 1, 2: 46, 3: 18, 4: 17, 5: 7, 11: 1, 8: 2, 6: 1, 7: 2}",-0.9475081543709567
748,barabasi_albert,100,5,2,0,2.9752,4.0,3.744329045369811,"{19: 1, 21: 1, 12: 1, 8: 3, 20: 1, 4: 12, 14: 1, 6: 2, 15: 1, 7: 4, 2: 49, 3: 18, 5: 5, 10: 1}",-0.9475081543709567
749,barabasi_albert,100,5,2,0,2.8472,4.0,4.440720662234903,"{25: 1, 27: 1, 13: 1, 26: 1, 11: 2, 8: 4, 9: 1, 3: 20, 5: 6, 6: 4, 2: 52, 4: 7}",-0.9475081543709567
750,barabasi_albert,100,5,2,0,2.7868,4.0,4.5934736311423405,"{36: 1, 15: 1, 11: 1, 16: 1, 24: 1, 7: 5, 5: 4, 3: 15, 10: 1, 8: 2, 4: 8, 2: 55, 6: 5}",-0.9475081543709567
751,barabasi_albert,100,5,2,0,2.9262,4.0,4.230839160261236,"{6: 3, 32: 1, 16: 2, 15: 1, 21: 1, 9: 2, 4: 13, 7: 2, 2: 46, 5: 7, 8: 1, 3: 21}",-0.9475081543709567
752,barabasi_albert,100,5,2,0,2.9478,4.0,3.9420806688854046,"{12: 3, 29: 1, 20: 1, 11: 1, 3: 26, 6: 3, 7: 2, 8: 2, 4: 10, 14: 1, 2: 45, 5: 3, 10: 1, 9: 1}",-0.9475081543709567
753,barabasi_albert,100,5,2,0,3.0262,4.0,3.515679166249389,"{16: 1, 19: 1, 9: 3, 18: 1, 17: 1, 7: 3, 6: 5, 3: 24, 2: 45, 5: 4, 14: 1, 10: 2, 4: 9}",-0.9475081543709567
754,barabasi_albert,100,5,2,0,2.9188,4.0,4.029888335921977,"{16: 2, 10: 2, 32: 1, 12: 1, 8: 2, 2: 48, 14: 1, 7: 3, 3: 21, 9: 1, 6: 3, 4: 8, 5: 7}",-0.9475081543709567
755,barabasi_albert,100,5,2,0,2.9418,4.0,3.916631205513228,"{28: 1, 17: 1, 14: 1, 12: 2, 11: 1, 3: 20, 18: 1, 10: 1, 5: 6, 6: 3, 8: 2, 2: 48, 7: 2, 4: 11}",-0.9475081543709567
756,barabasi_albert,100,5,2,0,2.9182,4.0,3.987480407475377,"{9: 1, 29: 1, 18: 2, 14: 2, 10: 1, 4: 11, 11: 1, 3: 15, 2: 50, 8: 1, 5: 11, 6: 3, 7: 1}",-0.9475081543709567
757,barabasi_albert,100,5,2,0,2.9198,4.0,4.164132562731402,"{15: 1, 18: 1, 14: 1, 24: 1, 25: 1, 8: 3, 17: 1, 4: 11, 7: 1, 2: 50, 5: 2, 6: 7, 3: 20}",-0.9475081543709567
758,barabasi_albert,100,5,2,0,3.0328,4.0,3.671511950137164,"{18: 1, 13: 2, 17: 1, 19: 1, 20: 1, 4: 7, 7: 5, 8: 1, 3: 24, 6: 4, 5: 6, 11: 1, 2: 46}",-0.9475081543709567
759,barabasi_albert,100,5,2,0,2.9512,4.0,3.730951621235526,"{12: 3, 20: 1, 18: 1, 17: 1, 4: 13, 8: 4, 19: 1, 10: 1, 9: 1, 3: 19, 5: 5, 2: 49, 7: 1}",-0.9475081543709567
760,barabasi_albert,100,5,2,0,2.9428,4.0,3.9824615503479754,"{25: 1, 13: 1, 21: 2, 12: 1, 3: 20, 11: 1, 10: 1, 7: 4, 9: 2, 2: 50, 4: 10, 6: 3, 8: 1, 5: 3}",-0.9475081543709567
761,barabasi_albert,100,5,2,0,2.8576,4.0,4.17612260356422,"{11: 1, 17: 1, 16: 1, 19: 2, 24: 1, 12: 1, 9: 1, 5: 3, 4: 7, 13: 2, 6: 5, 2: 56, 3: 18, 8: 1}",-0.9475081543709567
762,barabasi_albert,100,5,2,0,2.8826,4.0,4.178516483155236,"{18: 2, 20: 1, 14: 1, 23: 1, 19: 1, 9: 1, 6: 5, 3: 21, 4: 14, 8: 1, 7: 1, 15: 1, 2: 50}",-0.9475081543709567
763,barabasi_albert,100,5,2,0,3.0606,4.0,3.5411862419251547,"{16: 1, 13: 1, 9: 2, 17: 1, 20: 1, 6: 5, 18: 1, 5: 7, 4: 11, 2: 49, 7: 2, 8: 1, 3: 16, 10: 1, 11: 1}",-0.9475081543709567
764,barabasi_albert,100,5,2,0,2.9464,4.0,4.066939881532551,"{19: 1, 10: 2, 31: 1, 9: 1, 4: 13, 11: 1, 18: 1, 2: 48, 3: 18, 5: 8, 8: 2, 13: 1, 7: 3}",-0.9475081543709567
765,barabasi_albert,100,5,2,0,2.9486,4.0,3.8858718455450894,"{7: 1, 13: 1, 24: 1, 14: 1, 18: 1, 21: 1, 5: 9, 12: 3, 2: 48, 3: 18, 6: 2, 8: 1, 4: 13}",-0.9475081543709567
766,barabasi_albert,100,5,2,0,2.9464,4.0,4.017461885320134,"{18: 2, 28: 1, 17: 1, 13: 1, 14: 1, 4: 10, 2: 43, 6: 4, 7: 1, 8: 1, 5: 5, 3: 28, 9: 2}",-0.9475081543709567
767,barabasi_albert,100,5,2,0,2.9156,4.0,4.1400483088968905,"{25: 1, 12: 1, 19: 1, 24: 1, 17: 1, 7: 2, 5: 7, 6: 3, 8: 2, 4: 11, 14: 1, 2: 51, 3: 17, 9: 1}",-0.9475081543709567
768,barabasi_albert,100,5,2,0,3.026,4.0,3.641428291206625,"{14: 1, 29: 1, 15: 1, 12: 2, 4: 10, 5: 8, 9: 1, 3: 21, 8: 3, 7: 2, 6: 5, 10: 1, 2: 44}",-0.9475081543709567
769,barabasi_albert,100,5,2,0,2.8454,4.0,4.521061822182927,"{23: 1, 15: 1, 7: 3, 37: 1, 12: 1, 4: 11, 6: 6, 14: 1, 2: 48, 3: 20, 8: 1, 9: 1, 5: 5}",-0.9475081543709567
770,barabasi_albert,100,5,2,0,3.0762,4.0,3.627671429443411,"{11: 2, 25: 1, 7: 2, 22: 1, 3: 16, 9: 2, 8: 5, 6: 6, 12: 1, 4: 10, 5: 5, 2: 49}",-0.9475081543709567
771,barabasi_albert,100,5,2,0,2.8896,4.0,4.4294469180700204,"{7: 3, 12: 1, 26: 1, 33: 1, 16: 1, 8: 1, 3: 21, 6: 3, 14: 1, 9: 1, 4: 14, 5: 4, 10: 1, 2: 47}",-0.9475081543709567
772,barabasi_albert,100,5,2,0,2.885,4.0,4.219004621945797,"{20: 1, 26: 1, 17: 1, 23: 1, 16: 1, 11: 1, 3: 24, 12: 1, 2: 47, 6: 4, 4: 8, 5: 9, 8: 1}",-0.9475081543709567
773,barabasi_albert,100,5,2,0,2.9972,4.0,3.7416573867739413,"{10: 3, 13: 2, 22: 1, 23: 1, 4: 6, 7: 2, 6: 6, 14: 1, 2: 49, 5: 4, 8: 2, 3: 22, 11: 1}",-0.9475081543709567
774,barabasi_albert,100,5,2,0,2.8548,4.0,4.381780460041329,"{38: 1, 14: 1, 20: 1, 8: 1, 7: 3, 9: 2, 5: 8, 4: 9, 2: 42, 10: 1, 6: 3, 12: 1, 3: 27}",-0.9475081543709567
775,barabasi_albert,100,5,2,0,2.9996,4.0,3.671511950137164,"{12: 1, 21: 1, 13: 1, 14: 1, 16: 1, 6: 6, 7: 3, 22: 1, 10: 1, 5: 6, 2: 48, 3: 20, 4: 8, 8: 1, 9: 1}",-0.9475081543709567
776,barabasi_albert,100,5,2,0,3.0436,4.0,3.3734255586866,"{19: 1, 14: 3, 9: 3, 13: 1, 17: 1, 6: 3, 7: 3, 2: 49, 4: 13, 8: 2, 5: 7, 3: 14}",-0.9475081543709567
777,barabasi_albert,100,5,2,0,2.8988,4.0,3.9140771581561853,"{14: 2, 10: 1, 24: 1, 20: 2, 9: 4, 3: 18, 6: 2, 4: 12, 7: 4, 8: 1, 2: 51, 5: 2}",-0.9475081543709567
778,barabasi_albert,100,5,2,0,2.9344,4.0,3.797367509209505,"{13: 1, 19: 2, 22: 1, 12: 2, 4: 13, 16: 1, 8: 1, 7: 4, 3: 20, 5: 3, 2: 48, 10: 1, 6: 3}",-0.9475081543709567
779,barabasi_albert,100,5,2,0,2.9506,4.0,3.9293765408777,"{20: 1, 14: 1, 7: 1, 17: 1, 9: 1, 3: 25, 4: 11, 16: 3, 13: 1, 18: 1, 8: 1, 10: 1, 2: 48, 5: 3, 6: 1}",-0.9475081543709567
780,barabasi_albert,100,5,2,0,2.8698,4.0,4.310452412450461,"{19: 1, 11: 1, 10: 1, 30: 1, 27: 1, 7: 4, 12: 1, 4: 12, 3: 18, 5: 9, 6: 2, 2: 48, 8: 1}",-0.9475081543709567
781,barabasi_albert,100,5,2,0,3.0252,4.0,3.7202150475476548,"{13: 2, 19: 1, 12: 1, 22: 1, 20: 1, 2: 46, 9: 2, 10: 1, 4: 8, 7: 2, 6: 5, 5: 5, 3: 24, 8: 1}",-0.9475081543709567
782,barabasi_albert,100,5,2,0,2.9326,4.0,3.9749213828703582,"{17: 1, 9: 3, 12: 1, 29: 1, 19: 1, 4: 9, 14: 1, 3: 23, 5: 6, 2: 47, 7: 4, 8: 1, 11: 1, 6: 1}",-0.9475081543709567
783,barabasi_albert,100,5,2,0,2.9544,4.0,4.066939881532551,"{14: 1, 20: 1, 17: 1, 18: 1, 28: 1, 3: 22, 11: 1, 2: 46, 9: 2, 7: 3, 5: 5, 8: 1, 4: 14, 6: 1}",-0.9475081543709567
784,barabasi_albert,100,5,2,0,2.974,4.0,3.752332607858744,"{17: 2, 8: 2, 14: 2, 6: 4, 15: 1, 11: 1, 22: 1, 4: 11, 5: 6, 3: 15, 2: 52, 13: 1, 7: 2}",-0.9475081543709567
785,barabasi_albert,100,5,2,0,2.9284,4.0,4.0024992192379,"{12: 1, 22: 1, 25: 1, 8: 4, 23: 1, 6: 4, 2: 49, 9: 1, 10: 2, 7: 2, 4: 13, 5: 3, 3: 18}",-0.9475081543709567
786,barabasi_albert,100,5,2,0,2.9126,4.0,4.012480529547776,"{15: 1, 28: 1, 20: 1, 17: 1, 12: 2, 5: 5, 2: 49, 6: 3, 11: 1, 4: 9, 7: 4, 3: 21, 8: 1, 9: 1}",-0.9475081543709567
787,barabasi_albert,100,5,2,0,3.0364,4.0,3.5860842154082215,"{18: 2, 9: 4, 6: 2, 23: 1, 17: 1, 3: 29, 5: 10, 4: 9, 10: 1, 8: 1, 2: 39, 7: 1}",-0.9475081543709567
788,barabasi_albert,100,5,2,0,2.9172,4.0,4.17612260356422,"{23: 1, 31: 1, 16: 1, 14: 1, 15: 1, 4: 20, 8: 1, 5: 7, 2: 43, 10: 1, 3: 20, 7: 1, 9: 1, 6: 1}",-0.9475081543709567
789,barabasi_albert,100,5,2,0,3.046,4.0,3.57211421989835,"{19: 1, 16: 1, 12: 1, 14: 1, 20: 1, 6: 5, 4: 8, 10: 3, 8: 1, 11: 1, 9: 2, 3: 18, 2: 51, 5: 4, 7: 2}",-0.9475081543709567
790,barabasi_albert,100,5,2,0,2.9674,4.0,3.7389838191679834,"{20: 1, 17: 1, 9: 2, 13: 2, 26: 1, 5: 9, 7: 2, 8: 2, 6: 4, 3: 18, 2: 46, 4: 12}",-0.9475081543709567
791,barabasi_albert,100,5,2,0,2.921,4.0,4.057092555020159,"{25: 1, 11: 2, 21: 2, 12: 1, 10: 1, 6: 3, 5: 2, 9: 1, 15: 1, 8: 2, 2: 49, 4: 10, 7: 2, 3: 23}",-0.9475081543709567
792,barabasi_albert,100,5,2,0,2.9636,4.0,3.9140771581561853,"{12: 3, 24: 1, 23: 1, 17: 1, 9: 3, 4: 12, 10: 2, 8: 2, 2: 51, 6: 1, 3: 17, 5: 6}",-0.9475081543709567
793,barabasi_albert,100,5,2,0,2.9652,4.0,3.8418745424597094,"{8: 3, 15: 1, 19: 1, 28: 1, 18: 1, 10: 1, 4: 16, 6: 3, 9: 1, 3: 15, 5: 7, 2: 47, 7: 3}",-0.9475081543709567
794,barabasi_albert,100,5,2,0,2.7014,4.0,5.112729212465687,"{24: 1, 29: 1, 37: 1, 16: 1, 8: 2, 2: 55, 4: 11, 3: 16, 9: 2, 7: 2, 5: 4, 6: 4}",-0.9475081543709567
795,barabasi_albert,100,5,2,0,2.9668,4.0,4.019950248448356,"{11: 2, 8: 3, 7: 2, 25: 1, 29: 1, 6: 2, 3: 21, 4: 8, 5: 7, 2: 48, 10: 3, 9: 2}",-0.9475081543709567
796,barabasi_albert,100,5,2,0,3.011,4.0,3.8496753109840314,"{11: 1, 22: 1, 14: 1, 6: 6, 28: 1, 2: 47, 5: 10, 13: 1, 4: 5, 9: 3, 7: 2, 3: 21, 8: 1}",-0.9475081543709567
797,barabasi_albert,100,5,2,0,2.8462,4.0,4.219004621945797,"{22: 1, 11: 2, 30: 1, 9: 3, 18: 1, 3: 21, 15: 1, 6: 5, 7: 1, 5: 4, 4: 9, 10: 1, 2: 50}",-0.9475081543709567
798,barabasi_albert,100,5,2,0,2.8864,4.0,4.183300132670378,"{19: 2, 18: 1, 25: 1, 20: 1, 2: 55, 4: 8, 3: 16, 5: 5, 9: 3, 6: 3, 8: 1, 7: 3, 10: 1}",-0.9475081543709567
799,barabasi_albert,100,5,2,0,2.8838,4.0,4.132795663954365,"{13: 3, 19: 1, 23: 1, 14: 2, 22: 1, 10: 1, 3: 24, 12: 1, 9: 1, 5: 6, 4: 9, 2: 50}",-0.9475081543709567
800,barabasi_albert,100,5,2,0,2.9166,4.0,3.919183588453085,"{18: 1, 16: 1, 26: 1, 17: 1, 11: 2, 8: 2, 6: 5, 3: 17, 12: 1, 4: 7, 9: 3, 7: 2, 2: 54, 5: 3}",-0.9475081543709567
801,barabasi_albert,100,5,2,0,2.9498,4.0,3.919183588453085,"{22: 1, 11: 2, 12: 1, 26: 1, 17: 1, 2: 54, 6: 7, 7: 2, 10: 1, 8: 2, 4: 9, 9: 2, 5: 3, 3: 14}",-0.9475081543709567
802,barabasi_albert,100,5,2,0,2.9624,4.0,3.8987177379235853,"{15: 1, 25: 1, 12: 2, 19: 1, 7: 3, 21: 1, 3: 23, 6: 2, 9: 2, 4: 9, 5: 8, 8: 1, 2: 46}",-0.9475081543709567
803,barabasi_albert,100,5,2,0,2.9994,4.0,3.5749125863438955,"{13: 3, 17: 1, 12: 2, 20: 1, 14: 1, 2: 54, 7: 3, 8: 3, 5: 5, 11: 1, 6: 5, 3: 17, 4: 4}",-0.9475081543709567
804,barabasi_albert,100,5,2,0,2.7702,4.0,4.78539444560216,"{19: 1, 16: 2, 37: 1, 20: 1, 10: 2, 13: 1, 7: 2, 4: 9, 2: 54, 8: 1, 5: 6, 3: 19, 6: 1}",-0.9475081543709567
805,barabasi_albert,100,5,2,0,2.931,4.0,4.064480286580315,"{19: 2, 18: 1, 12: 2, 27: 1, 9: 3, 6: 3, 4: 15, 2: 47, 3: 21, 5: 4, 11: 1}",-0.9475081543709567
806,barabasi_albert,100,5,2,0,2.8922,4.0,4.1952353926806065,"{13: 1, 5: 9, 29: 1, 18: 1, 24: 1, 6: 4, 16: 1, 10: 2, 4: 15, 3: 16, 2: 48, 7: 1}",-0.9475081543709567
807,barabasi_albert,100,5,2,0,3.0632,4.0,3.408812109811862,"{18: 1, 15: 1, 12: 2, 19: 1, 17: 1, 9: 1, 8: 4, 7: 2, 5: 8, 4: 15, 3: 16, 2: 46, 6: 2}",-0.9475081543709567
808,barabasi_albert,100,5,2,0,2.8824,4.0,4.142463035441596,"{20: 1, 19: 1, 22: 1, 23: 1, 13: 1, 17: 1, 4: 9, 7: 4, 5: 5, 6: 5, 8: 1, 3: 19, 2: 51}",-0.9475081543709567
809,barabasi_albert,100,5,2,0,2.8872,4.0,4.2047592083257275,"{18: 1, 9: 2, 13: 1, 24: 1, 27: 1, 19: 1, 7: 3, 4: 10, 6: 6, 3: 21, 8: 1, 5: 3, 2: 49}",-0.9475081543709567
810,barabasi_albert,100,5,2,0,2.9022,4.0,4.052159917870962,"{15: 1, 23: 1, 16: 1, 12: 1, 21: 1, 18: 1, 8: 3, 5: 4, 6: 3, 3: 16, 14: 1, 7: 2, 2: 55, 4: 9, 11: 1}",-0.9475081543709567
811,barabasi_albert,100,5,2,0,2.9626,4.0,3.7841775856849003,"{19: 1, 20: 1, 14: 2, 11: 1, 9: 1, 17: 2, 7: 2, 3: 22, 2: 48, 5: 10, 8: 1, 4: 8, 13: 1}",-0.9475081543709567
812,barabasi_albert,100,5,2,0,2.957,4.0,3.888444419044716,"{10: 1, 21: 1, 23: 1, 20: 1, 16: 1, 4: 13, 12: 1, 5: 6, 2: 47, 6: 2, 8: 2, 13: 1, 3: 20, 7: 3}",-0.9475081543709567
813,barabasi_albert,100,5,2,0,2.9394,4.0,4.209513035969837,"{16: 1, 26: 1, 13: 1, 17: 1, 28: 1, 6: 5, 2: 46, 3: 23, 4: 8, 5: 10, 7: 1, 10: 2}",-0.9475081543709567
814,barabasi_albert,100,5,2,0,2.9494,4.0,4.039801975344831,"{26: 1, 23: 1, 10: 3, 13: 1, 20: 1, 9: 1, 5: 9, 4: 11, 6: 3, 2: 52, 7: 1, 8: 1, 11: 1, 3: 14}",-0.9475081543709567
815,barabasi_albert,100,5,2,0,2.9502,4.0,3.972404813208241,"{13: 1, 14: 1, 22: 1, 11: 1, 29: 1, 9: 1, 12: 2, 10: 1, 5: 7, 4: 19, 3: 19, 2: 44, 6: 2}",-0.9475081543709567
816,barabasi_albert,100,5,2,0,2.9176,4.0,4.0743097574926725,"{20: 1, 25: 1, 14: 3, 22: 1, 3: 18, 9: 1, 2: 51, 6: 4, 5: 9, 11: 1, 4: 8, 7: 2}",-0.9475081543709567
817,barabasi_albert,100,5,2,0,2.8536,4.0,4.347413023856832,"{16: 1, 30: 1, 14: 1, 20: 1, 17: 1, 18: 1, 4: 12, 8: 1, 7: 3, 6: 1, 11: 1, 2: 51, 9: 1, 3: 20, 5: 4}",-0.9475081543709567
818,barabasi_albert,100,5,2,0,2.8562,4.0,4.445222154178574,"{25: 1, 14: 1, 6: 7, 32: 1, 17: 1, 3: 20, 7: 2, 9: 1, 13: 2, 8: 1, 5: 5, 2: 52, 4: 6}",-0.9475081543709567
819,barabasi_albert,100,5,2,0,2.8758,4.0,4.340506882842141,"{10: 3, 19: 2, 28: 1, 24: 1, 9: 2, 6: 4, 4: 7, 2: 53, 5: 4, 8: 3, 3: 20}",-0.9475081543709567
820,barabasi_albert,100,5,2,0,2.8428,4.0,4.384062043356595,"{20: 1, 17: 1, 24: 1, 14: 1, 28: 1, 13: 2, 3: 21, 5: 5, 2: 49, 6: 3, 8: 1, 4: 13, 7: 1}",-0.9475081543709567
821,barabasi_albert,100,5,2,0,2.9006,4.0,4.180908992073374,"{15: 2, 16: 1, 24: 1, 14: 1, 27: 1, 5: 6, 4: 10, 8: 1, 3: 20, 7: 2, 9: 1, 6: 3, 2: 50, 10: 1}",-0.9475081543709567
822,barabasi_albert,100,5,2,0,2.9504,4.0,3.8832975677895196,"{9: 2, 11: 2, 19: 1, 12: 2, 30: 1, 7: 3, 8: 4, 3: 14, 4: 10, 2: 52, 5: 6, 6: 3}",-0.9475081543709567
823,barabasi_albert,100,5,2,0,3.0374,4.0,3.411744421846396,"{6: 2, 15: 2, 18: 1, 16: 1, 5: 11, 17: 1, 11: 3, 4: 11, 8: 1, 9: 1, 7: 1, 2: 44, 3: 21}",-0.9475081543709567
824,barabasi_albert,100,5,2,0,2.9286,4.0,3.916631205513228,"{14: 2, 16: 1, 12: 1, 29: 1, 13: 1, 7: 3, 8: 3, 9: 1, 2: 53, 6: 3, 5: 6, 3: 18, 10: 2, 4: 5}",-0.9475081543709567
825,barabasi_albert,100,5,2,0,2.8446,4.0,4.474371464239419,"{21: 1, 24: 1, 18: 2, 26: 1, 4: 10, 12: 1, 7: 2, 8: 1, 2: 52, 3: 22, 11: 2, 5: 3, 6: 2}",-0.9475081543709567
826,barabasi_albert,100,5,2,0,2.8494,4.0,4.456455991031438,"{26: 1, 31: 1, 13: 2, 14: 1, 11: 1, 3: 19, 5: 10, 4: 6, 17: 1, 10: 1, 6: 5, 2: 52}",-0.9475081543709567
827,barabasi_albert,100,5,2,0,2.969,4.0,3.8548670534792766,"{20: 2, 19: 1, 13: 1, 18: 1, 2: 50, 8: 3, 11: 1, 10: 1, 5: 6, 6: 1, 3: 22, 7: 2, 4: 7, 12: 1, 9: 1}",-0.9475081543709567
828,barabasi_albert,100,5,2,0,2.9632,4.0,3.9344631145812006,"{10: 2, 23: 1, 25: 1, 21: 1, 11: 1, 7: 4, 3: 17, 4: 9, 8: 2, 5: 6, 6: 5, 9: 1, 2: 50}",-0.9475081543709567
829,barabasi_albert,100,5,2,0,2.9176,4.0,3.9698866482558417,"{27: 1, 17: 1, 14: 2, 18: 1, 13: 1, 8: 1, 3: 23, 10: 3, 2: 47, 4: 14, 6: 4, 11: 1, 5: 1}",-0.9475081543709567
830,barabasi_albert,100,5,2,0,2.88,4.0,4.331281565541543,"{21: 1, 13: 1, 18: 1, 31: 1, 14: 1, 3: 20, 16: 1, 11: 1, 5: 5, 6: 2, 2: 49, 4: 14, 7: 1, 9: 2}",-0.9475081543709567
831,barabasi_albert,100,5,2,0,2.9596,4.0,3.847076812334269,"{20: 1, 15: 2, 22: 1, 17: 1, 14: 1, 5: 9, 4: 9, 6: 3, 16: 1, 8: 1, 7: 1, 3: 27, 2: 43}",-0.9475081543709567
832,barabasi_albert,100,5,2,0,2.9422,4.0,4.017461885320134,"{22: 2, 11: 4, 23: 1, 12: 1, 8: 2, 2: 48, 4: 7, 7: 3, 3: 27, 9: 1, 6: 1, 10: 1, 5: 2}",-0.9475081543709567
833,barabasi_albert,100,5,2,0,3.0864,4.0,3.4525353003264136,"{17: 1, 11: 1, 7: 3, 16: 1, 23: 1, 12: 1, 10: 1, 2: 46, 6: 2, 5: 7, 9: 3, 8: 3, 3: 20, 4: 10}",-0.9475081543709567
834,barabasi_albert,100,5,2,0,2.9464,4.0,3.8755644750152203,"{19: 1, 16: 1, 12: 1, 8: 1, 18: 3, 11: 1, 2: 56, 15: 1, 4: 13, 7: 2, 5: 6, 3: 10, 6: 3, 9: 1}",-0.9475081543709567
835,barabasi_albert,100,5,2,0,2.8584,4.0,4.569463863518345,"{16: 2, 30: 1, 31: 1, 9: 2, 4: 11, 6: 3, 11: 1, 3: 21, 2: 49, 10: 1, 5: 6, 7: 1, 8: 1}",-0.9475081543709567
836,barabasi_albert,100,5,2,0,2.977,4.0,3.8652296180175374,"{19: 1, 18: 2, 22: 1, 14: 2, 7: 4, 3: 21, 5: 5, 9: 3, 2: 49, 6: 1, 8: 1, 4: 10}",-0.9475081543709567
837,barabasi_albert,100,5,2,0,2.8642,4.0,4.4136152981427825,"{23: 1, 8: 2, 28: 1, 21: 1, 14: 1, 4: 8, 3: 21, 7: 2, 10: 1, 9: 2, 11: 1, 18: 1, 2: 53, 5: 4, 6: 1}",-0.9475081543709567
838,barabasi_albert,100,5,2,0,2.8116,4.0,4.47213595499958,"{11: 2, 25: 2, 27: 1, 17: 1, 7: 4, 10: 1, 4: 13, 3: 19, 5: 3, 2: 51, 8: 1, 6: 2}",-0.9475081543709567
839,barabasi_albert,100,5,2,0,2.961,4.0,3.8131351929875237,"{29: 1, 12: 3, 13: 1, 14: 1, 8: 2, 3: 15, 6: 4, 11: 2, 9: 3, 5: 8, 4: 7, 2: 53}",-0.9475081543709567
840,barabasi_albert,100,5,2,0,2.8586,4.0,4.608687448721165,"{31: 1, 11: 1, 26: 1, 12: 2, 24: 1, 6: 4, 9: 3, 5: 6, 4: 8, 2: 52, 7: 1, 3: 20}",-0.9475081543709567
841,barabasi_albert,100,5,2,0,2.9852,4.0,3.8314488121336034,"{16: 2, 11: 2, 26: 1, 17: 1, 8: 1, 2: 56, 7: 6, 5: 7, 12: 1, 4: 6, 6: 4, 3: 12, 10: 1}",-0.9475081543709567
842,barabasi_albert,100,5,2,0,2.968,4.0,3.8704004960727256,"{15: 2, 19: 1, 24: 1, 12: 2, 4: 5, 6: 6, 18: 1, 9: 1, 3: 28, 7: 3, 2: 46, 5: 3, 8: 1}",-0.9475081543709567
843,barabasi_albert,100,5,2,0,3.0912,4.0,3.3226495451672298,"{5: 8, 19: 1, 11: 2, 20: 1, 10: 3, 3: 24, 7: 5, 8: 3, 4: 4, 2: 45, 14: 1, 6: 3}",-0.9475081543709567
844,barabasi_albert,100,5,2,0,3.0378,4.0,3.6959437225152656,"{17: 2, 9: 2, 27: 1, 10: 2, 4: 14, 7: 1, 3: 22, 12: 1, 6: 6, 2: 43, 13: 1, 5: 5}",-0.9475081543709567
845,barabasi_albert,100,5,2,0,2.9282,4.0,4.28485705712571,"{11: 1, 20: 1, 23: 1, 19: 1, 22: 2, 6: 5, 7: 3, 3: 21, 9: 1, 4: 10, 5: 4, 2: 50}",-0.9475081543709567
846,barabasi_albert,100,5,2,0,3.0442,4.0,3.6027767069303644,"{12: 1, 14: 1, 13: 1, 21: 1, 20: 1, 5: 9, 15: 1, 4: 12, 9: 4, 10: 1, 2: 48, 3: 18, 8: 2}",-0.9475081543709567
847,barabasi_albert,100,5,2,0,2.83,4.0,4.4788391353117385,"{18: 1, 26: 1, 11: 1, 19: 1, 25: 1, 14: 3, 2: 55, 3: 20, 8: 2, 4: 8, 5: 5, 9: 1, 7: 1}",-0.9475081543709567
848,barabasi_albert,100,5,2,0,2.9204,4.0,4.089009660052175,"{20: 1, 19: 1, 13: 1, 9: 1, 27: 1, 18: 1, 6: 5, 8: 1, 3: 12, 10: 2, 4: 12, 7: 2, 2: 54, 5: 6}",-0.9475081543709567
849,barabasi_albert,100,5,2,0,2.8366,4.0,4.4136152981427825,"{17: 1, 26: 1, 20: 1, 25: 1, 19: 1, 6: 4, 4: 12, 13: 1, 7: 3, 3: 21, 2: 50, 9: 1, 5: 3}",-0.9475081543709567
850,barabasi_albert,100,5,2,0,2.8956,4.0,4.230839160261236,"{13: 1, 21: 1, 17: 1, 18: 2, 28: 1, 4: 11, 3: 20, 2: 49, 6: 7, 5: 5, 9: 1, 7: 1}",-0.9475081543709567
851,barabasi_albert,100,5,2,0,2.8502,4.0,4.3335897360040905,"{23: 1, 14: 1, 26: 1, 15: 1, 22: 1, 9: 1, 16: 1, 2: 48, 10: 2, 3: 27, 5: 3, 4: 8, 6: 4, 7: 1}",-0.9475081543709567
852,barabasi_albert,100,5,2,0,3.0226,4.0,3.5805027579936315,"{16: 1, 20: 2, 17: 1, 10: 3, 6: 6, 8: 2, 3: 16, 4: 10, 2: 49, 12: 1, 5: 8, 7: 1}",-0.9475081543709567
853,barabasi_albert,100,5,2,0,2.8734,4.0,4.291852746774987,"{28: 1, 19: 1, 8: 3, 10: 3, 26: 1, 7: 2, 6: 4, 3: 20, 16: 1, 4: 11, 5: 3, 2: 50}",-0.9475081543709567
854,barabasi_albert,100,5,2,0,2.9104,4.0,4.047221268969612,"{26: 1, 16: 1, 15: 1, 11: 2, 17: 1, 5: 6, 18: 1, 13: 1, 10: 2, 4: 5, 3: 22, 6: 3, 8: 1, 2: 52, 7: 1}",-0.9475081543709567
855,barabasi_albert,100,5,2,0,2.9734,4.0,3.8987177379235853,"{14: 1, 12: 2, 19: 1, 28: 1, 17: 1, 6: 5, 8: 1, 11: 1, 3: 29, 9: 1, 4: 8, 5: 6, 2: 42, 7: 1}",-0.9475081543709567
856,barabasi_albert,100,5,2,0,2.8984,4.0,3.994996871087636,"{15: 1, 24: 1, 14: 1, 19: 1, 13: 1, 10: 3, 3: 26, 21: 1, 5: 4, 8: 2, 7: 2, 2: 47, 4: 9, 6: 1}",-0.9475081543709567
857,barabasi_albert,100,5,2,0,3.0156,4.0,3.5972211497209896,"{21: 2, 15: 1, 12: 1, 7: 5, 5: 6, 6: 2, 10: 2, 8: 2, 9: 2, 3: 18, 14: 1, 4: 8, 2: 50}",-0.9475081543709567
858,barabasi_albert,100,5,2,0,3.08,4.0,3.388214869219483,"{20: 1, 10: 2, 16: 1, 18: 1, 11: 1, 9: 3, 4: 9, 5: 9, 14: 1, 6: 3, 3: 21, 2: 45, 7: 2, 8: 1}",-0.9475081543709567
859,barabasi_albert,100,5,2,0,3.0448,4.0,3.63318042491699,"{17: 1, 12: 1, 8: 1, 23: 2, 4: 8, 5: 8, 7: 7, 10: 1, 3: 21, 6: 4, 2: 45, 9: 1}",-0.9475081543709567
860,barabasi_albert,100,5,2,0,2.7728,4.0,4.789572005931219,"{29: 1, 12: 1, 19: 1, 15: 1, 32: 1, 3: 16, 7: 2, 16: 1, 5: 8, 2: 55, 11: 1, 8: 1, 6: 1, 4: 10}",-0.9475081543709567
861,barabasi_albert,100,5,2,0,2.9522,4.0,3.8288379438153295,"{16: 1, 11: 4, 17: 1, 20: 2, 15: 1, 5: 3, 6: 2, 4: 9, 9: 1, 2: 49, 10: 1, 3: 24, 8: 2}",-0.9475081543709567
862,barabasi_albert,100,5,2,0,2.7424,4.0,5.041825066382213,"{12: 1, 33: 1, 20: 1, 9: 2, 34: 1, 7: 1, 5: 11, 4: 10, 6: 2, 17: 1, 3: 14, 2: 55}",-0.9475081543709567
863,barabasi_albert,100,5,2,0,2.7578,4.0,4.753945729601885,"{26: 1, 20: 2, 30: 1, 17: 1, 10: 1, 2: 56, 6: 4, 13: 1, 4: 11, 7: 2, 5: 2, 3: 17, 9: 1}",-0.9475081543709567
864,barabasi_albert,100,5,2,0,2.8914,4.0,4.469899327725402,"{13: 1, 16: 1, 35: 1, 15: 1, 21: 1, 7: 4, 4: 10, 11: 1, 9: 3, 5: 5, 3: 17, 2: 53, 6: 2}",-0.9475081543709567
865,barabasi_albert,100,5,2,0,3.0056,4.0,3.558089374931439,"{21: 1, 18: 1, 15: 1, 10: 1, 12: 2, 5: 5, 17: 1, 8: 2, 7: 5, 3: 24, 6: 3, 9: 1, 4: 7, 2: 46}",-0.9475081543709567
866,barabasi_albert,100,5,2,0,2.8972,4.0,4.370354676682432,"{13: 1, 20: 1, 18: 1, 32: 1, 19: 1, 5: 3, 3: 18, 4: 17, 9: 2, 2: 49, 12: 1, 8: 1, 6: 3, 7: 1}",-0.9475081543709567
867,barabasi_albert,100,5,2,0,2.927,4.0,4.1085277168348275,"{6: 3, 16: 2, 12: 1, 24: 1, 27: 1, 13: 1, 9: 1, 8: 1, 2: 48, 5: 6, 3: 21, 4: 11, 7: 2, 10: 1}",-0.9475081543709567
868,barabasi_albert,100,5,2,0,2.8952,4.0,4.147288270665544,"{27: 1, 25: 1, 17: 1, 13: 1, 14: 1, 10: 1, 4: 14, 3: 15, 8: 1, 7: 4, 6: 3, 2: 52, 11: 1, 5: 3, 9: 1}",-0.9475081543709567
869,barabasi_albert,100,5,2,0,3.0742,4.0,3.2924155266308657,"{11: 1, 14: 1, 10: 1, 15: 1, 17: 1, 8: 3, 20: 1, 5: 7, 4: 8, 3: 21, 2: 45, 6: 5, 7: 3, 9: 2}",-0.9475081543709567
870,barabasi_albert,100,5,2,0,2.8828,4.0,4.173727350941841,"{24: 2, 19: 1, 17: 1, 15: 1, 9: 1, 13: 1, 3: 17, 5: 6, 4: 11, 2: 52, 6: 4, 7: 1, 8: 1, 11: 1}",-0.9475081543709567
871,barabasi_albert,100,5,2,0,2.7432,4.0,4.959838707054898,"{28: 1, 17: 1, 36: 1, 14: 1, 19: 1, 3: 32, 9: 2, 12: 1, 5: 5, 7: 3, 4: 5, 2: 47}",-0.9475081543709567
872,barabasi_albert,100,5,2,0,2.882,4.0,4.161730409336962,"{9: 4, 20: 1, 21: 1, 19: 1, 25: 1, 17: 1, 8: 1, 5: 6, 3: 25, 2: 47, 4: 9, 7: 1, 6: 2}",-0.9475081543709567
873,barabasi_albert,100,5,2,0,2.9154,4.0,4.0024992192379,"{14: 1, 27: 1, 17: 2, 15: 1, 2: 56, 13: 1, 7: 1, 4: 11, 3: 11, 6: 5, 5: 6, 9: 2, 11: 1, 12: 1}",-0.9475081543709567
874,barabasi_albert,100,5,2,0,2.932,4.0,4.110960958218893,"{23: 1, 12: 1, 18: 1, 26: 1, 11: 1, 14: 2, 3: 17, 4: 10, 8: 3, 2: 53, 6: 3, 9: 1, 7: 2, 5: 4}",-0.9475081543709567
875,barabasi_albert,100,5,2,0,2.9058,4.0,4.202380277890139,"{29: 1, 14: 1, 16: 1, 21: 1, 15: 2, 3: 19, 11: 1, 9: 1, 5: 7, 4: 5, 2: 53, 6: 5, 7: 2, 8: 1}",-0.9475081543709567
876,barabasi_albert,100,5,2,0,2.9498,4.0,3.9217343102255158,"{25: 1, 23: 1, 12: 3, 19: 1, 3: 26, 5: 7, 6: 3, 8: 3, 4: 9, 9: 2, 2: 44}",-0.9475081543709567
877,barabasi_albert,100,5,2,0,2.966,4.0,3.7629775444453557,"{13: 1, 26: 1, 16: 1, 14: 1, 18: 1, 11: 2, 10: 1, 3: 28, 4: 9, 2: 43, 5: 4, 7: 4, 6: 3, 9: 1}",-0.9475081543709567
878,barabasi_albert,100,5,2,0,2.7964,4.0,4.747630988187687,"{14: 1, 28: 1, 31: 1, 10: 1, 23: 1, 5: 7, 4: 8, 16: 1, 3: 21, 7: 3, 8: 1, 2: 52, 6: 1, 9: 1}",-0.9475081543709567
879,barabasi_albert,100,5,2,0,2.881,4.0,4.18568990729127,"{15: 1, 24: 1, 18: 1, 9: 4, 19: 1, 12: 1, 2: 57, 6: 5, 4: 7, 23: 1, 5: 5, 3: 14, 7: 2}",-0.9475081543709567
880,barabasi_albert,100,5,2,0,2.8808,4.0,4.296510211788167,"{16: 1, 19: 1, 27: 1, 20: 2, 6: 5, 9: 2, 13: 1, 5: 4, 10: 1, 2: 52, 3: 21, 4: 8, 8: 1}",-0.9475081543709567
881,barabasi_albert,100,5,2,0,2.7892,4.0,4.777028364998475,"{11: 2, 15: 1, 41: 1, 14: 1, 21: 1, 7: 3, 4: 11, 3: 16, 5: 6, 2: 52, 6: 4, 8: 2}",-0.9475081543709567
882,barabasi_albert,100,5,2,0,3.021,4.0,3.591656999213594,"{6: 7, 11: 1, 21: 1, 17: 2, 13: 1, 3: 19, 19: 1, 5: 9, 4: 8, 8: 4, 2: 47}",-0.9475081543709567
883,barabasi_albert,100,5,2,0,2.9866,4.0,3.746998799039039,"{17: 2, 22: 1, 21: 1, 10: 2, 4: 11, 12: 1, 6: 4, 3: 20, 7: 5, 9: 1, 5: 3, 2: 48, 8: 1}",-0.9475081543709567
884,barabasi_albert,100,5,2,0,2.946,4.0,3.8704004960727256,"{22: 1, 15: 2, 18: 1, 10: 1, 17: 1, 7: 3, 3: 17, 11: 2, 9: 1, 4: 12, 16: 1, 5: 4, 2: 52, 6: 2}",-0.9475081543709567
885,barabasi_albert,100,5,2,0,2.8456,4.0,4.402272140611028,"{10: 3, 20: 1, 31: 1, 16: 2, 21: 1, 5: 6, 3: 29, 9: 1, 2: 46, 4: 7, 8: 1, 6: 2}",-0.9475081543709567
886,barabasi_albert,100,5,2,0,2.9686,4.0,3.7389838191679834,"{18: 1, 10: 1, 17: 2, 24: 1, 9: 2, 4: 8, 7: 7, 12: 1, 3: 19, 8: 1, 2: 50, 6: 3, 5: 4}",-0.9475081543709567
887,barabasi_albert,100,5,2,0,2.97,4.0,3.823610858861032,"{21: 1, 13: 2, 18: 2, 17: 1, 12: 1, 11: 1, 10: 1, 8: 2, 4: 11, 6: 2, 3: 19, 5: 4, 2: 51, 9: 1, 7: 1}",-0.9475081543709567
888,barabasi_albert,100,5,2,0,2.884,4.0,4.39089968002003,"{24: 1, 12: 2, 16: 2, 28: 1, 18: 1, 2: 52, 5: 3, 10: 1, 3: 21, 4: 11, 9: 2, 6: 1, 7: 2}",-0.9475081543709567
889,barabasi_albert,100,5,2,0,2.9968,4.0,3.5749125863438955,"{9: 5, 14: 2, 19: 2, 15: 1, 8: 4, 5: 6, 13: 1, 2: 51, 4: 9, 7: 1, 3: 18}",-0.9475081543709567
890,barabasi_albert,100,5,2,0,2.9272,4.0,4.0274061131204535,"{16: 1, 26: 1, 7: 6, 17: 1, 22: 1, 11: 2, 3: 20, 4: 5, 8: 1, 2: 53, 6: 3, 10: 1, 9: 2, 5: 3}",-0.9475081543709567
891,barabasi_albert,100,5,2,0,2.9908,4.0,3.760319135392633,"{14: 2, 16: 2, 18: 1, 22: 1, 6: 3, 10: 1, 3: 26, 9: 2, 5: 5, 4: 10, 8: 1, 2: 45, 13: 1}",-0.9475081543709567
892,barabasi_albert,100,5,2,0,2.9634,4.0,3.903844259188627,"{21: 1, 10: 2, 19: 1, 22: 1, 13: 1, 5: 5, 15: 1, 3: 18, 2: 54, 8: 3, 4: 6, 7: 2, 11: 1, 9: 2, 6: 2}",-0.9475081543709567
893,barabasi_albert,100,5,2,0,2.8388,4.0,4.379497688091638,"{19: 2, 28: 1, 12: 2, 20: 1, 6: 2, 3: 26, 17: 1, 9: 2, 2: 50, 4: 8, 8: 1, 5: 3, 10: 1}",-0.9475081543709567
894,barabasi_albert,100,5,2,0,3.034,4.0,3.5355339059327378,"{15: 1, 22: 1, 12: 2, 8: 2, 13: 2, 9: 2, 4: 11, 6: 2, 2: 47, 16: 1, 11: 1, 7: 2, 5: 5, 3: 21}",-0.9475081543709567
895,barabasi_albert,100,5,2,0,2.9022,4.0,4.216633728461603,"{19: 1, 13: 1, 18: 2, 30: 1, 7: 3, 10: 1, 2: 52, 4: 8, 3: 19, 11: 1, 6: 3, 5: 5, 8: 3}",-0.9475081543709567
896,barabasi_albert,100,5,2,0,2.9192,4.0,4.18568990729127,"{19: 2, 28: 1, 17: 1, 10: 2, 5: 5, 14: 1, 11: 1, 6: 3, 3: 24, 2: 49, 13: 1, 7: 2, 4: 8}",-0.9475081543709567
897,barabasi_albert,100,5,2,0,2.9644,4.0,3.9115214431215892,"{17: 1, 8: 4, 16: 1, 26: 1, 21: 1, 15: 1, 6: 2, 3: 26, 5: 4, 4: 10, 2: 44, 7: 5}",-0.9475081543709567
898,barabasi_albert,100,5,2,0,2.8976,4.0,3.954743986657038,"{21: 2, 11: 1, 17: 1, 15: 1, 14: 1, 13: 3, 8: 2, 9: 1, 7: 2, 3: 27, 2: 49, 5: 2, 6: 1, 4: 7}",-0.9475081543709567
899,barabasi_albert,100,5,2,0,3.0354,4.0,3.588871688985272,"{15: 1, 17: 1, 9: 3, 12: 4, 23: 1, 10: 1, 8: 1, 3: 21, 6: 3, 5: 7, 2: 49, 4: 6, 7: 2}",-0.9475081543709567
900,barabasi_albert,100,5,2,0,3.016,4.0,3.792097045171708,"{11: 1, 21: 1, 22: 1, 23: 1, 13: 1, 4: 10, 7: 5, 5: 7, 2: 45, 8: 2, 10: 1, 6: 3, 3: 22}",-0.9475081543709567
901,barabasi_albert,100,5,2,0,2.9856,4.0,3.6633318168028404,"{19: 3, 7: 3, 16: 1, 9: 2, 13: 1, 6: 5, 10: 2, 12: 1, 3: 27, 2: 45, 4: 8, 5: 2}",-0.9475081543709567
902,barabasi_albert,100,5,2,0,2.798,4.0,4.8270073544588685,"{11: 1, 13: 2, 16: 1, 38: 1, 20: 2, 4: 12, 6: 2, 7: 1, 3: 22, 2: 51, 10: 1, 9: 1, 5: 3}",-0.9475081543709567
903,barabasi_albert,100,5,2,0,2.695,4.0,5.431390245600108,"{14: 1, 16: 1, 34: 1, 42: 1, 7: 2, 5: 8, 3: 19, 2: 52, 4: 10, 8: 1, 6: 3, 13: 1}",-0.9475081543709567
904,barabasi_albert,100,5,2,0,2.9062,4.0,4.1952353926806065,"{29: 1, 18: 1, 19: 1, 10: 3, 20: 1, 7: 3, 5: 6, 6: 6, 3: 17, 12: 1, 2: 53, 4: 7}",-0.9475081543709567
905,barabasi_albert,100,5,2,0,2.818,4.0,4.758150901348127,"{37: 1, 11: 1, 7: 5, 21: 1, 19: 2, 8: 1, 12: 1, 3: 23, 9: 1, 5: 2, 4: 9, 2: 51, 6: 2}",-0.9475081543709567
906,barabasi_albert,100,5,2,0,2.9124,4.0,4.06201920231798,"{14: 1, 21: 1, 27: 1, 15: 1, 13: 1, 7: 4, 18: 1, 6: 5, 4: 8, 9: 1, 2: 54, 5: 7, 3: 14, 8: 1}",-0.9475081543709567
907,barabasi_albert,100,5,2,0,2.9282,4.0,3.97994974842648,"{28: 1, 13: 2, 19: 1, 6: 6, 12: 1, 16: 1, 2: 47, 8: 1, 5: 4, 11: 1, 7: 1, 14: 1, 4: 10, 3: 23}",-0.9475081543709567
908,barabasi_albert,100,5,2,0,2.8676,4.0,4.33589667773576,"{14: 1, 16: 1, 11: 2, 33: 1, 20: 1, 7: 5, 17: 1, 6: 1, 3: 26, 2: 47, 5: 9, 4: 5}",-0.9475081543709567
909,barabasi_albert,100,5,2,0,2.912,4.0,4.2,"{26: 2, 12: 1, 17: 1, 16: 1, 14: 1, 7: 1, 3: 14, 5: 8, 8: 2, 4: 13, 6: 3, 10: 1, 2: 52}",-0.9475081543709567
910,barabasi_albert,100,5,2,0,2.9132,4.0,4.089009660052175,"{27: 1, 11: 1, 12: 2, 20: 1, 17: 1, 7: 2, 8: 3, 5: 8, 6: 3, 3: 14, 19: 1, 2: 54, 4: 9}",-0.9475081543709567
911,barabasi_albert,100,5,2,0,2.8504,4.0,4.319722213291035,"{11: 2, 23: 1, 15: 1, 25: 2, 8: 1, 6: 4, 2: 54, 9: 2, 5: 5, 12: 1, 4: 6, 7: 2, 3: 19}",-0.9475081543709567
912,barabasi_albert,100,5,2,0,2.9884,4.0,3.9698866482558417,"{11: 3, 17: 1, 30: 1, 20: 1, 6: 8, 3: 19, 5: 7, 12: 1, 7: 2, 4: 10, 2: 47}",-0.9475081543709567
913,barabasi_albert,100,5,2,0,2.9396,4.0,4.064480286580315,"{29: 1, 13: 1, 20: 1, 16: 2, 10: 3, 6: 1, 8: 3, 4: 9, 2: 49, 5: 7, 7: 2, 3: 21}",-0.9475081543709567
914,barabasi_albert,100,5,2,0,2.9014,4.0,4.144876355212541,"{19: 1, 22: 1, 27: 1, 9: 3, 14: 1, 2: 53, 15: 1, 6: 3, 10: 2, 4: 9, 3: 17, 5: 6, 8: 1, 7: 1}",-0.9475081543709567
915,barabasi_albert,100,5,2,0,2.8846,4.0,4.171330722922842,"{15: 1, 14: 2, 13: 1, 27: 1, 25: 1, 9: 2, 7: 3, 2: 53, 4: 7, 6: 5, 5: 5, 3: 18, 10: 1}",-0.9475081543709567
916,barabasi_albert,100,5,2,0,3.008,4.0,3.757658845611187,"{10: 3, 18: 1, 26: 1, 16: 1, 6: 1, 2: 50, 13: 2, 7: 3, 5: 8, 8: 1, 4: 14, 3: 14, 11: 1}",-0.9475081543709567
917,barabasi_albert,100,5,2,0,2.969,4.0,3.6932370625238775,"{18: 1, 14: 1, 9: 2, 13: 1, 27: 1, 6: 9, 7: 3, 10: 3, 8: 1, 4: 13, 2: 52, 3: 12, 5: 1}",-0.9475081543709567
918,barabasi_albert,100,5,2,0,2.9588,4.0,4.079215610874228,"{7: 1, 26: 1, 23: 1, 15: 1, 6: 4, 10: 2, 2: 49, 9: 1, 20: 1, 8: 1, 3: 19, 5: 8, 4: 10, 13: 1}",-0.9475081543709567
919,barabasi_albert,100,5,2,0,2.8866,4.0,4.161730409336962,"{14: 2, 15: 2, 28: 1, 12: 2, 21: 1, 5: 5, 2: 53, 4: 11, 7: 3, 3: 17, 8: 2, 6: 1}",-0.9475081543709567
920,barabasi_albert,100,5,2,0,3.0316,4.0,3.5972211497209896,"{9: 2, 13: 1, 19: 2, 18: 1, 6: 6, 17: 1, 10: 1, 7: 1, 11: 1, 3: 20, 8: 1, 2: 47, 5: 6, 4: 10}",-0.9475081543709567
921,barabasi_albert,100,5,2,0,2.829,4.0,4.4362146025637665,"{14: 2, 23: 1, 20: 1, 25: 1, 24: 1, 10: 1, 7: 3, 3: 18, 4: 8, 5: 9, 2: 53, 6: 2}",-0.9475081543709567
922,barabasi_albert,100,5,2,0,3.0006,4.0,3.6959437225152656,"{17: 1, 19: 1, 12: 2, 16: 1, 13: 1, 14: 1, 2: 51, 11: 1, 3: 24, 5: 2, 6: 3, 8: 3, 15: 1, 9: 2, 4: 5, 7: 1}",-0.9475081543709567
923,barabasi_albert,100,5,2,0,2.9006,4.0,4.1085277168348275,"{15: 1, 24: 1, 20: 1, 22: 1, 17: 1, 6: 3, 5: 8, 11: 1, 12: 1, 3: 16, 4: 11, 10: 1, 7: 1, 8: 1, 2: 52}",-0.9475081543709567
924,barabasi_albert,100,5,2,0,2.8818,4.0,4.268489194082608,"{17: 1, 21: 1, 27: 1, 18: 2, 6: 4, 4: 11, 9: 2, 2: 52, 15: 1, 3: 18, 5: 5, 8: 1, 7: 1}",-0.9475081543709567
925,barabasi_albert,100,5,2,0,3.0076,4.0,4.1303752856126765,"{23: 1, 9: 2, 20: 1, 28: 1, 16: 1, 6: 4, 3: 22, 5: 7, 11: 1, 4: 13, 2: 45, 10: 1, 7: 1}",-0.9475081543709567
926,barabasi_albert,100,5,2,0,2.9894,4.0,3.9089640571384128,"{14: 2, 9: 1, 31: 1, 15: 1, 7: 1, 3: 26, 6: 3, 5: 9, 4: 5, 11: 1, 10: 2, 12: 1, 8: 2, 2: 45}",-0.9475081543709567
927,barabasi_albert,100,5,2,0,3.1162,4.0,3.181194744117373,"{9: 2, 8: 1, 14: 2, 13: 1, 19: 1, 17: 1, 2: 39, 11: 1, 3: 25, 6: 8, 5: 9, 4: 10}",-0.9475081543709567
928,barabasi_albert,100,5,2,0,2.7698,4.0,4.868264577855234,"{15: 2, 16: 1, 34: 1, 30: 1, 10: 1, 7: 5, 8: 1, 9: 1, 2: 53, 4: 8, 3: 23, 5: 2, 11: 1}",-0.9475081543709567
929,barabasi_albert,100,5,2,0,2.8582,4.0,4.294182110716778,"{22: 1, 18: 2, 9: 3, 30: 1, 4: 9, 3: 28, 6: 5, 13: 1, 12: 1, 2: 45, 5: 4}",-0.9475081543709567
930,barabasi_albert,100,5,2,0,3.1022,4.0,3.5071355833500366,"{14: 2, 25: 1, 9: 1, 7: 2, 15: 2, 6: 5, 10: 1, 11: 1, 3: 28, 2: 38, 8: 1, 4: 15, 5: 3}",-0.9475081543709567
931,barabasi_albert,100,5,2,0,2.8674,4.0,4.3886216514983385,"{18: 1, 30: 1, 8: 3, 9: 1, 14: 1, 27: 1, 12: 1, 7: 2, 4: 16, 10: 1, 6: 3, 5: 2, 2: 51, 3: 16}",-0.9475081543709567
932,barabasi_albert,100,5,2,0,2.905,4.0,3.9673668849754744,"{24: 1, 22: 1, 18: 2, 9: 2, 7: 6, 13: 1, 11: 1, 2: 46, 3: 26, 4: 9, 5: 2, 6: 3}",-0.9475081543709567
933,barabasi_albert,100,5,2,0,2.8516,4.0,4.266145801540309,"{21: 1, 15: 1, 24: 1, 13: 1, 26: 1, 5: 2, 8: 5, 7: 3, 9: 2, 10: 1, 2: 56, 3: 18, 4: 6, 6: 2}",-0.9475081543709567
934,barabasi_albert,100,5,2,0,2.9236,4.0,4.08656334834051,"{12: 3, 21: 1, 20: 1, 10: 1, 27: 1, 2: 50, 5: 5, 9: 2, 11: 1, 3: 22, 7: 2, 4: 8, 6: 2, 8: 1}",-0.9475081543709567
935,barabasi_albert,100,5,2,0,2.9934,4.0,3.7735924528226414,"{12: 1, 13: 1, 11: 1, 22: 1, 19: 1, 18: 2, 6: 1, 3: 20, 7: 5, 9: 1, 5: 7, 2: 47, 4: 12}",-0.9475081543709567
936,barabasi_albert,100,5,2,0,2.9888,4.0,3.760319135392633,"{16: 1, 21: 2, 10: 1, 18: 1, 12: 1, 6: 5, 7: 3, 11: 2, 5: 6, 2: 51, 4: 10, 3: 16, 9: 1}",-0.9475081543709567
937,barabasi_albert,100,5,2,0,2.8204,4.0,4.3886216514983385,"{19: 1, 32: 1, 15: 1, 18: 1, 13: 1, 5: 6, 17: 1, 11: 1, 4: 11, 8: 2, 2: 52, 6: 3, 3: 18, 9: 1}",-0.9475081543709567
938,barabasi_albert,100,5,2,0,3.063,4.0,3.3436506994600976,"{22: 1, 15: 1, 14: 3, 9: 3, 8: 3, 10: 1, 6: 6, 2: 40, 4: 12, 5: 3, 3: 27}",-0.9475081543709567
939,barabasi_albert,100,5,2,0,2.9086,4.0,4.132795663954365,"{8: 3, 21: 1, 18: 1, 25: 1, 20: 1, 4: 8, 15: 1, 2: 51, 14: 1, 6: 7, 3: 19, 5: 6}",-0.9475081543709567
940,barabasi_albert,100,5,2,0,2.9552,4.0,4.047221268969612,"{6: 4, 28: 1, 13: 2, 18: 1, 19: 1, 11: 2, 4: 10, 7: 2, 2: 50, 3: 18, 5: 8, 15: 1}",-0.9475081543709567
941,barabasi_albert,100,5,2,0,2.931,4.0,4.13763217311544,"{11: 1, 17: 1, 22: 2, 21: 1, 8: 1, 15: 1, 3: 17, 4: 10, 6: 3, 7: 2, 12: 2, 9: 1, 2: 54, 5: 4}",-0.9475081543709567
942,barabasi_albert,100,5,2,0,2.8806,4.0,4.451965857910413,"{11: 3, 24: 1, 12: 1, 31: 1, 17: 1, 5: 5, 18: 1, 6: 3, 4: 12, 7: 1, 3: 18, 2: 52, 9: 1}",-0.9475081543709567
943,barabasi_albert,100,5,2,0,2.7492,4.0,4.913247398615299,"{20: 2, 13: 1, 39: 1, 18: 1, 17: 1, 5: 8, 4: 9, 3: 30, 6: 2, 7: 1, 2: 44}",-0.9475081543709567
944,barabasi_albert,100,5,2,0,2.889,4.0,4.282522621072771,"{12: 1, 13: 1, 23: 1, 19: 1, 26: 1, 14: 1, 18: 1, 6: 3, 4: 7, 8: 2, 2: 50, 3: 24, 5: 6, 11: 1}",-0.9475081543709567
945,barabasi_albert,100,5,2,0,2.9374,4.0,3.9370039370059056,"{15: 1, 29: 1, 17: 1, 16: 1, 14: 1, 3: 17, 6: 3, 7: 5, 4: 10, 9: 1, 2: 50, 11: 1, 5: 7, 10: 1}",-0.9475081543709567
946,barabasi_albert,100,5,2,0,2.8996,4.0,4.132795663954365,"{21: 1, 18: 2, 12: 1, 28: 1, 9: 1, 7: 1, 11: 1, 10: 1, 3: 23, 6: 4, 2: 48, 5: 5, 8: 2, 4: 9}",-0.9475081543709567
947,barabasi_albert,100,5,2,0,2.9654,4.0,3.722902093797257,"{18: 1, 22: 1, 13: 1, 17: 2, 6: 2, 5: 6, 2: 51, 7: 5, 12: 1, 10: 1, 4: 8, 8: 1, 3: 18, 9: 2}",-0.9475081543709567
948,barabasi_albert,100,5,2,0,3.0052,4.0,3.655133376499413,"{17: 3, 10: 1, 22: 1, 14: 1, 9: 2, 8: 2, 5: 5, 3: 17, 6: 4, 2: 51, 4: 8, 7: 5}",-0.9475081543709567
949,barabasi_albert,100,5,2,0,2.934,4.0,4.047221268969612,"{17: 2, 25: 2, 10: 1, 5: 4, 6: 5, 8: 2, 3: 26, 9: 1, 4: 7, 7: 3, 2: 46, 12: 1}",-0.9475081543709567
950,barabasi_albert,100,5,2,0,2.8712,4.0,4.381780460041329,"{20: 1, 16: 1, 11: 1, 14: 1, 36: 1, 3: 19, 5: 9, 4: 9, 10: 1, 2: 49, 8: 2, 6: 3, 7: 2, 9: 1}",-0.9475081543709567
951,barabasi_albert,100,5,2,0,2.8988,4.0,4.18568990729127,"{19: 1, 12: 3, 20: 1, 21: 1, 26: 1, 2: 51, 8: 2, 7: 4, 4: 8, 3: 21, 5: 5, 6: 2}",-0.9475081543709567
952,barabasi_albert,100,5,2,0,2.8782,4.0,4.449719092257398,"{8: 4, 33: 1, 22: 1, 16: 1, 21: 1, 6: 4, 3: 21, 4: 11, 5: 4, 10: 2, 2: 49, 7: 1}",-0.9475081543709567
953,barabasi_albert,100,5,2,0,2.9138,4.0,3.9597979746446663,"{19: 2, 20: 3, 2: 45, 4: 11, 7: 4, 6: 4, 11: 1, 3: 26, 8: 1, 9: 1, 5: 2}",-0.9475081543709567
954,barabasi_albert,100,5,2,0,3.0688,4.0,3.518522417151836,"{20: 1, 14: 3, 18: 1, 11: 1, 2: 49, 12: 2, 6: 4, 7: 2, 5: 5, 9: 1, 4: 12, 8: 2, 3: 17}",-0.9475081543709567
955,barabasi_albert,100,5,2,0,2.962,4.0,3.939543120718442,"{24: 2, 21: 1, 10: 1, 13: 1, 6: 5, 5: 8, 7: 4, 8: 4, 2: 50, 3: 18, 4: 6}",-0.9475081543709567
956,barabasi_albert,100,5,2,0,2.8958,4.0,4.381780460041329,"{18: 2, 16: 2, 13: 1, 34: 1, 8: 1, 6: 5, 2: 43, 4: 10, 3: 29, 5: 4, 7: 2}",-0.9475081543709567
957,barabasi_albert,100,5,2,0,2.9302,4.0,4.142463035441596,"{25: 1, 14: 1, 26: 1, 7: 8, 16: 1, 6: 4, 3: 23, 4: 8, 19: 1, 5: 3, 8: 1, 2: 48}",-0.9475081543709567
958,barabasi_albert,100,5,2,0,2.9556,4.0,3.9522145690739006,"{26: 1, 19: 2, 12: 1, 18: 1, 10: 3, 6: 3, 5: 5, 2: 46, 4: 11, 3: 23, 7: 4}",-0.9475081543709567
959,barabasi_albert,100,5,2,0,2.8568,4.0,4.324349662087931,"{15: 1, 20: 1, 30: 1, 6: 4, 17: 2, 13: 1, 3: 23, 16: 1, 5: 5, 4: 11, 2: 48, 7: 2}",-0.9475081543709567
960,barabasi_albert,100,5,2,0,2.799,4.0,4.878524367060187,"{20: 1, 15: 1, 16: 1, 29: 1, 34: 1, 8: 3, 6: 4, 4: 8, 2: 49, 3: 27, 5: 2, 10: 1, 7: 1}",-0.9475081543709567
961,barabasi_albert,100,5,2,0,2.9844,4.0,3.671511950137164,"{14: 1, 8: 3, 23: 1, 19: 1, 10: 2, 13: 1, 6: 3, 5: 4, 3: 15, 15: 1, 11: 1, 4: 11, 7: 3, 9: 1, 2: 52}",-0.9475081543709567
962,barabasi_albert,100,5,2,0,2.8208,4.0,4.818713521262703,"{18: 1, 30: 1, 25: 1, 13: 1, 27: 1, 6: 2, 4: 8, 12: 1, 9: 1, 3: 20, 8: 2, 2: 55, 7: 3, 5: 3}",-0.9475081543709567
963,barabasi_albert,100,5,2,0,2.9634,4.0,3.9344631145812006,"{17: 1, 25: 2, 9: 2, 16: 1, 7: 7, 5: 8, 6: 2, 3: 20, 4: 9, 8: 1, 2: 47}",-0.9475081543709567
964,barabasi_albert,100,5,2,0,2.9336,4.0,3.9522145690739006,"{21: 1, 9: 3, 17: 1, 19: 1, 24: 1, 5: 3, 6: 6, 7: 3, 3: 17, 11: 1, 10: 2, 2: 53, 4: 8}",-0.9475081543709567
965,barabasi_albert,100,5,2,0,2.9212,4.0,4.009987531152684,"{20: 1, 22: 1, 13: 2, 24: 1, 10: 1, 15: 1, 6: 6, 2: 52, 3: 18, 8: 1, 5: 9, 7: 1, 9: 1, 4: 5}",-0.9475081543709567
966,barabasi_albert,100,5,2,0,2.9974,4.0,3.8755644750152203,"{20: 1, 11: 1, 12: 2, 25: 1, 21: 1, 7: 5, 9: 1, 5: 6, 6: 4, 3: 23, 4: 7, 2: 47, 10: 1}",-0.9475081543709567
967,barabasi_albert,100,5,2,0,3.0646,4.0,3.3105890714493698,"{18: 2, 13: 1, 12: 2, 16: 1, 3: 23, 10: 1, 8: 2, 6: 3, 9: 2, 4: 10, 2: 43, 7: 2, 5: 8}",-0.9475081543709567
968,barabasi_albert,100,5,2,0,2.992,4.0,3.792097045171708,"{9: 1, 23: 1, 16: 1, 15: 1, 21: 1, 7: 6, 5: 5, 10: 2, 3: 18, 4: 11, 2: 50, 6: 1, 12: 1, 13: 1}",-0.9475081543709567
969,barabasi_albert,100,5,2,0,2.9238,4.0,4.047221268969612,"{32: 1, 9: 2, 15: 1, 17: 1, 13: 1, 10: 1, 7: 3, 2: 49, 8: 3, 11: 2, 4: 11, 5: 4, 6: 1, 3: 20}",-0.9475081543709567
970,barabasi_albert,100,5,2,0,3.0196,4.0,3.7416573867739413,"{16: 1, 23: 1, 10: 3, 19: 1, 18: 1, 7: 4, 6: 3, 2: 46, 5: 5, 3: 23, 9: 1, 13: 1, 4: 10}",-0.9475081543709567
971,barabasi_albert,100,5,2,0,2.9152,4.0,3.9774363602702683,"{21: 2, 17: 1, 12: 1, 19: 1, 8: 2, 11: 1, 10: 2, 5: 7, 4: 11, 2: 54, 15: 1, 9: 1, 3: 15, 7: 1}",-0.9475081543709567
972,barabasi_albert,100,5,2,0,2.9806,4.0,3.752332607858744,"{21: 1, 17: 2, 18: 1, 13: 1, 11: 1, 8: 1, 4: 13, 9: 2, 6: 3, 5: 2, 7: 4, 15: 1, 3: 18, 2: 50}",-0.9475081543709567
973,barabasi_albert,100,5,2,0,2.8576,4.0,4.467661580737736,"{17: 2, 20: 1, 33: 1, 15: 1, 16: 1, 6: 6, 10: 1, 5: 7, 3: 24, 7: 1, 2: 49, 4: 6}",-0.9475081543709567
974,barabasi_albert,100,5,2,0,2.8974,4.0,4.159326868617084,"{25: 1, 11: 1, 17: 1, 23: 1, 21: 1, 3: 22, 8: 1, 4: 15, 6: 3, 15: 1, 2: 46, 5: 5, 10: 1, 9: 1}",-0.9475081543709567
975,barabasi_albert,100,5,2,0,2.866,4.0,4.256759330758553,"{24: 1, 25: 1, 7: 4, 12: 1, 26: 1, 9: 2, 8: 2, 5: 5, 13: 1, 6: 1, 4: 13, 3: 19, 2: 49}",-0.9475081543709567
976,barabasi_albert,100,5,2,0,3.0254,4.0,3.5270384177096794,"{15: 2, 12: 2, 5: 7, 11: 1, 21: 1, 14: 2, 7: 3, 2: 49, 8: 2, 3: 20, 9: 2, 6: 1, 4: 8}",-0.9475081543709567
977,barabasi_albert,100,5,2,0,2.9966,4.0,3.749666651850535,"{16: 3, 11: 1, 12: 1, 27: 1, 4: 13, 6: 5, 10: 2, 2: 45, 7: 2, 8: 1, 3: 21, 5: 5}",-0.9475081543709567
978,barabasi_albert,100,5,2,0,2.8336,4.0,4.57602447545902,"{26: 1, 17: 1, 10: 1, 9: 1, 33: 1, 19: 1, 4: 6, 6: 2, 7: 2, 8: 4, 3: 26, 5: 6, 2: 48}",-0.9475081543709567
979,barabasi_albert,100,5,2,0,3.0202,4.0,3.714835124201342,"{18: 2, 27: 1, 9: 2, 12: 1, 10: 2, 8: 1, 2: 46, 5: 7, 3: 19, 4: 11, 6: 5, 7: 3}",-0.9475081543709567
980,barabasi_albert,100,5,2,0,3.0164,4.0,3.5383612025908264,"{17: 1, 14: 2, 19: 1, 21: 1, 4: 12, 7: 4, 9: 3, 5: 5, 6: 4, 3: 21, 10: 1, 2: 45}",-0.9475081543709567
981,barabasi_albert,100,5,2,0,2.8234,4.0,4.503332099679081,"{33: 1, 13: 2, 20: 1, 19: 1, 12: 1, 8: 2, 18: 1, 4: 13, 5: 5, 2: 49, 3: 22, 9: 1, 6: 1}",-0.9475081543709567
982,barabasi_albert,100,5,2,0,2.997,4.0,3.8652296180175374,"{14: 1, 13: 1, 17: 1, 25: 1, 16: 2, 5: 4, 4: 9, 11: 2, 6: 3, 7: 3, 8: 3, 2: 52, 3: 18}",-0.9475081543709567
983,barabasi_albert,100,5,2,0,3.0226,4.0,3.3763886032268267,"{9: 3, 8: 2, 18: 1, 10: 2, 15: 2, 12: 1, 2: 50, 11: 1, 13: 2, 4: 5, 6: 3, 3: 20, 7: 1, 5: 7}",-0.9475081543709567
984,barabasi_albert,100,5,2,0,2.983,4.0,3.789459064299283,"{20: 1, 10: 2, 8: 3, 14: 1, 22: 1, 5: 6, 21: 1, 6: 3, 4: 13, 3: 23, 2: 44, 15: 1, 7: 1}",-0.9475081543709567
985,barabasi_albert,100,5,2,0,2.8158,4.0,4.469899327725402,"{21: 1, 20: 1, 26: 1, 30: 1, 5: 8, 6: 6, 10: 1, 4: 13, 2: 47, 3: 19, 7: 2}",-0.9475081543709567
986,barabasi_albert,100,5,2,0,2.9382,4.0,3.939543120718442,"{29: 1, 15: 1, 11: 3, 16: 1, 12: 2, 13: 1, 3: 25, 7: 4, 4: 11, 10: 1, 2: 47, 6: 1, 8: 1, 5: 1}",-0.9475081543709567
987,barabasi_albert,100,5,2,0,2.8816,4.0,4.242640687119285,"{16: 1, 11: 2, 14: 1, 28: 1, 27: 1, 5: 5, 2: 53, 3: 16, 4: 9, 8: 2, 7: 2, 9: 2, 6: 5}",-0.9475081543709567
988,barabasi_albert,100,5,2,0,2.8388,4.0,4.340506882842141,"{15: 1, 14: 2, 23: 1, 13: 1, 32: 1, 4: 9, 5: 10, 7: 3, 12: 1, 3: 16, 6: 3, 2: 52}",-0.9475081543709567
989,barabasi_albert,100,5,2,0,2.8902,4.0,4.411349000022556,"{34: 1, 21: 1, 12: 1, 8: 2, 19: 1, 6: 3, 4: 11, 3: 17, 2: 50, 16: 1, 7: 2, 10: 1, 5: 9}",-0.9475081543709567
990,barabasi_albert,100,5,2,0,2.8212,4.0,4.547526800360829,"{18: 2, 20: 1, 24: 2, 22: 1, 2: 51, 4: 9, 5: 4, 3: 23, 10: 1, 6: 5, 7: 1}",-0.9475081543709567
991,barabasi_albert,100,5,2,0,2.945,4.0,4.06201920231798,"{17: 1, 19: 1, 16: 1, 21: 1, 24: 1, 10: 2, 4: 10, 5: 8, 2: 47, 3: 24, 12: 1, 7: 2, 11: 1}",-0.9475081543709567
992,barabasi_albert,100,5,2,0,3.0152,4.0,3.752332607858744,"{18: 2, 19: 3, 8: 1, 9: 2, 4: 9, 6: 6, 7: 3, 5: 8, 2: 50, 3: 16}",-0.9475081543709567
993,barabasi_albert,100,5,2,0,2.9102,4.0,4.024922359499621,"{17: 2, 27: 1, 18: 1, 14: 1, 11: 4, 6: 3, 8: 1, 4: 9, 3: 22, 7: 1, 2: 49, 5: 6}",-0.9475081543709567
994,barabasi_albert,100,5,2,0,3.0016,4.0,3.872983346207417,"{20: 1, 13: 1, 16: 1, 26: 1, 7: 4, 9: 2, 3: 13, 4: 15, 11: 2, 6: 2, 10: 1, 12: 1, 2: 53, 8: 1, 5: 2}",-0.9475081543709567
995,barabasi_albert,100,5,2,0,2.917,4.0,4.154515615568198,"{20: 1, 15: 1, 26: 1, 18: 1, 21: 1, 7: 4, 8: 2, 9: 1, 10: 1, 4: 10, 3: 17, 6: 5, 5: 2, 2: 53}",-0.9475081543709567
996,barabasi_albert,100,5,2,0,2.8356,4.0,4.422668877499196,"{23: 1, 18: 1, 15: 1, 30: 1, 16: 2, 5: 5, 4: 11, 9: 1, 2: 53, 3: 17, 8: 1, 6: 3, 7: 3}",-0.9475081543709567
997,barabasi_albert,100,5,2,0,2.9272,4.0,4.2708313008125245,"{15: 1, 14: 1, 32: 1, 24: 1, 16: 1, 3: 25, 8: 1, 4: 13, 2: 42, 5: 9, 6: 3, 7: 1, 10: 1}",-0.9475081543709567
998,barabasi_albert,100,5,2,0,2.897,4.0,4.071854614300467,"{14: 3, 33: 1, 11: 2, 12: 1, 7: 2, 2: 51, 10: 2, 8: 1, 3: 18, 5: 7, 6: 5, 4: 7}",-0.9475081543709567
999,barabasi_albert,100,5,2,0,3.0224,4.0,3.919183588453085,"{13: 1, 22: 1, 21: 1, 11: 2, 24: 1, 2: 46, 10: 2, 5: 5, 6: 4, 7: 3, 4: 9, 3: 24, 8: 1}",-0.9475081543709567
1000,barabasi_albert,100,5,2,0,2.915,4.0,4.123105625617661,"{27: 1, 20: 1, 16: 1, 15: 1, 18: 1, 8: 4, 5: 7, 14: 1, 7: 1, 2: 45, 3: 30, 12: 1, 4: 6}",-0.9475081543709567
