graph_id,model,n_nodes,n_edges_target,m0,w,average_degree_of_separation,mean_degree_of_connection,standard_deviation_of_degrees_of_connection,degree_distribution,pearson_correlation_mean_separation_vs_degree_stdev
1,barabasi_albert,100,150,5,2,3.9206,3.0,2.227105745132009,"{8: 1, 12: 2, 6: 2, 13: 1, 4: 15, 1: 24, 2: 28, 5: 9, 3: 17, 7: 1}",-0.8072982537804587
2,barabasi_albert,100,150,5,2,4.1012,3.0,2.08806130178211,"{9: 2, 6: 5, 8: 3, 10: 1, 7: 2, 3: 23, 4: 10, 1: 28, 5: 5, 2: 21}",-0.8072982537804587
3,barabasi_albert,100,150,5,2,3.8548,3.0,2.181742422927143,"{5: 7, 12: 3, 9: 1, 7: 2, 3: 24, 6: 1, 2: 27, 4: 13, 1: 22}",-0.8072982537804587
4,barabasi_albert,100,150,5,2,3.5878,3.0,2.6229754097208002,"{12: 1, 7: 3, 14: 1, 15: 1, 13: 1, 6: 2, 1: 29, 3: 20, 4: 11, 5: 6, 2: 25}",-0.8072982537804587
5,barabasi_albert,100,150,5,2,3.864,3.0,2.2494443758403984,"{6: 2, 10: 1, 11: 1, 12: 1, 1: 22, 13: 1, 4: 19, 2: 29, 3: 20, 8: 2, 5: 2}",-0.8072982537804587
6,barabasi_albert,100,150,5,2,3.8448,3.0,2.4166091947189146,"{11: 1, 15: 2, 6: 1, 8: 1, 4: 12, 7: 3, 5: 6, 2: 38, 3: 17, 1: 19}",-0.8072982537804587
7,barabasi_albert,100,150,5,2,3.958,3.0,2.420743687382041,"{9: 4, 13: 1, 5: 4, 7: 2, 14: 1, 3: 23, 1: 28, 8: 1, 2: 23, 4: 13}",-0.8072982537804587
8,barabasi_albert,100,150,5,2,4.038,3.0,2.23159136044214,"{8: 2, 9: 3, 12: 1, 11: 1, 7: 1, 4: 12, 3: 20, 2: 31, 5: 2, 6: 4, 1: 23}",-0.8072982537804587
9,barabasi_albert,100,150,5,2,3.9298,3.0,2.3664319132398464,"{12: 1, 9: 1, 13: 1, 7: 1, 15: 1, 1: 23, 3: 28, 4: 9, 6: 4, 5: 5, 2: 26}",-0.8072982537804587
10,barabasi_albert,100,150,5,2,4.0966,3.0,2.0639767440550294,"{5: 3, 8: 2, 9: 1, 10: 3, 4: 15, 6: 4, 3: 17, 7: 1, 2: 34, 1: 20}",-0.8072982537804587
11,barabasi_albert,100,150,5,2,4.1318,3.0,1.9078784028338913,"{8: 2, 10: 2, 6: 4, 3: 20, 5: 10, 2: 29, 7: 1, 4: 11, 1: 21}",-0.8072982537804587
12,barabasi_albert,100,150,5,2,3.85,3.0,2.16794833886788,"{9: 2, 11: 1, 10: 2, 6: 5, 5: 5, 2: 33, 4: 9, 3: 19, 1: 22, 8: 1, 7: 1}",-0.8072982537804587
13,barabasi_albert,100,150,5,2,3.923,3.0,2.23606797749979,"{8: 2, 12: 2, 11: 1, 9: 1, 3: 22, 2: 29, 6: 4, 4: 11, 5: 5, 1: 23}",-0.8072982537804587
14,barabasi_albert,100,150,5,2,4.086,3.0,1.9949937343260002,"{11: 1, 6: 4, 8: 1, 10: 1, 5: 5, 7: 4, 4: 16, 1: 25, 3: 19, 2: 24}",-0.8072982537804587
15,barabasi_albert,100,150,5,2,4.0232,3.0,2.1071307505705477,"{7: 4, 12: 1, 9: 2, 6: 1, 4: 12, 11: 1, 3: 18, 2: 34, 1: 20, 5: 7}",-0.8072982537804587
16,barabasi_albert,100,150,5,2,3.9008,3.0,2.2891046284519194,"{11: 1, 4: 16, 9: 2, 7: 1, 16: 1, 6: 2, 8: 1, 1: 25, 2: 24, 5: 5, 3: 22}",-0.8072982537804587
17,barabasi_albert,100,150,5,2,3.9794,3.0,2.1540659228538015,"{9: 3, 6: 3, 8: 1, 10: 1, 11: 1, 2: 25, 4: 14, 5: 7, 1: 27, 3: 17, 7: 1}",-0.8072982537804587
18,barabasi_albert,100,150,5,2,4.1538,3.0,1.9544820285692064,"{10: 2, 9: 1, 8: 1, 7: 2, 6: 6, 3: 26, 4: 8, 2: 29, 5: 5, 1: 20}",-0.8072982537804587
19,barabasi_albert,100,150,5,2,3.6826,3.0,2.6267851073127395,"{7: 2, 5: 3, 12: 2, 19: 1, 3: 21, 4: 9, 6: 3, 2: 36, 9: 2, 1: 21}",-0.8072982537804587
20,barabasi_albert,100,150,5,2,4.117,3.0,2.004993765576342,"{7: 3, 9: 1, 14: 1, 4: 18, 5: 3, 2: 32, 3: 22, 6: 2, 1: 17, 10: 1}",-0.8072982537804587
21,barabasi_albert,100,150,5,2,3.9568,3.0,2.130727575266252,"{6: 3, 12: 1, 11: 1, 5: 4, 13: 1, 4: 13, 8: 2, 1: 18, 3: 26, 2: 31}",-0.8072982537804587
22,barabasi_albert,100,150,5,2,3.8554,3.0,2.2045407685048604,"{7: 2, 15: 1, 9: 1, 4: 16, 10: 1, 6: 3, 2: 36, 8: 2, 5: 4, 1: 20, 3: 14}",-0.8072982537804587
23,barabasi_albert,100,150,5,2,3.8024,3.0,2.3706539182259396,"{7: 2, 9: 2, 16: 1, 11: 1, 2: 34, 4: 15, 1: 23, 8: 2, 5: 4, 3: 14, 6: 2}",-0.8072982537804587
24,barabasi_albert,100,150,5,2,3.9638,3.0,2.083266665599966,"{8: 4, 10: 2, 7: 5, 3: 21, 2: 37, 1: 19, 5: 5, 6: 2, 4: 5}",-0.8072982537804587
25,barabasi_albert,100,150,5,2,4.0266,3.0,2.039607805437114,"{9: 1, 10: 1, 12: 2, 6: 3, 5: 7, 3: 23, 4: 13, 2: 33, 1: 17}",-0.8072982537804587
26,barabasi_albert,100,150,5,2,3.8822,3.0,2.32379000772445,"{12: 1, 7: 3, 11: 3, 8: 1, 1: 25, 6: 3, 2: 32, 3: 15, 5: 6, 4: 11}",-0.8072982537804587
27,barabasi_albert,100,150,5,2,3.9702,3.0,2.1071307505705477,"{9: 3, 11: 1, 10: 1, 7: 2, 4: 16, 5: 2, 2: 35, 1: 20, 3: 16, 8: 1, 6: 3}",-0.8072982537804587
28,barabasi_albert,100,150,5,2,3.978,3.0,2.0248456731316584,"{9: 2, 6: 3, 8: 1, 12: 1, 3: 17, 7: 2, 5: 9, 1: 24, 4: 14, 2: 27}",-0.8072982537804587
29,barabasi_albert,100,150,5,2,3.9638,3.0,2.0542638584174138,"{9: 1, 10: 3, 6: 6, 4: 11, 3: 22, 5: 5, 1: 24, 7: 2, 2: 26}",-0.8072982537804587
30,barabasi_albert,100,150,5,2,3.7876,3.0,2.3579652245103193,"{14: 2, 6: 6, 10: 1, 7: 2, 3: 21, 5: 3, 2: 26, 8: 1, 4: 12, 1: 26}",-0.8072982537804587
31,barabasi_albert,100,150,5,2,3.7986,3.0,2.4819347291981715,"{17: 1, 8: 2, 5: 3, 13: 1, 10: 1, 6: 6, 1: 24, 7: 1, 3: 18, 2: 32, 4: 11}",-0.8072982537804587
32,barabasi_albert,100,150,5,2,4.0104,3.0,2.209072203437452,"{6: 4, 15: 1, 10: 2, 3: 23, 4: 11, 2: 27, 9: 1, 5: 7, 1: 23, 7: 1}",-0.8072982537804587
33,barabasi_albert,100,150,5,2,3.9814,3.0,2.181742422927143,"{10: 2, 9: 2, 12: 1, 7: 2, 6: 4, 1: 23, 3: 13, 2: 33, 4: 16, 5: 4}",-0.8072982537804587
34,barabasi_albert,100,150,5,2,3.9684,3.0,2.08806130178211,"{12: 2, 6: 7, 8: 2, 5: 5, 4: 10, 3: 21, 2: 31, 1: 21, 7: 1}",-0.8072982537804587
35,barabasi_albert,100,150,5,2,3.758,3.0,2.328089345364563,"{6: 5, 10: 1, 14: 2, 8: 1, 1: 22, 7: 2, 5: 5, 3: 21, 2: 32, 4: 9}",-0.8072982537804587
36,barabasi_albert,100,150,5,2,3.9236,3.0,2.181742422927143,"{8: 1, 12: 1, 10: 1, 9: 1, 13: 1, 4: 11, 2: 23, 3: 27, 5: 7, 6: 3, 1: 24}",-0.8072982537804587
37,barabasi_albert,100,150,5,2,3.7582,3.0,2.4041630560342617,"{9: 1, 8: 2, 13: 1, 7: 2, 16: 1, 4: 11, 6: 4, 2: 28, 1: 25, 3: 21, 5: 4}",-0.8072982537804587
38,barabasi_albert,100,150,5,2,4.14,3.0,2.1071307505705477,"{4: 15, 5: 8, 8: 1, 6: 2, 11: 1, 16: 1, 3: 23, 2: 29, 1: 19, 7: 1}",-0.8072982537804587
39,barabasi_albert,100,150,5,2,3.8208,3.0,2.2759613353482084,"{15: 1, 7: 2, 11: 1, 10: 1, 9: 1, 1: 20, 4: 14, 2: 36, 3: 16, 6: 2, 5: 5, 8: 1}",-0.8072982537804587
40,barabasi_albert,100,150,5,2,3.8032,3.0,2.4166091947189146,"{10: 2, 7: 2, 8: 2, 5: 4, 6: 3, 15: 1, 1: 26, 4: 10, 3: 17, 9: 2, 2: 31}",-0.8072982537804587
41,barabasi_albert,100,150,5,2,4.0498,3.0,2.181742422927143,"{10: 2, 4: 14, 8: 2, 13: 1, 5: 8, 7: 2, 3: 18, 2: 24, 6: 2, 1: 27}",-0.8072982537804587
42,barabasi_albert,100,150,5,2,3.8258,3.0,2.3065125189341593,"{6: 4, 10: 2, 12: 2, 8: 1, 4: 8, 9: 1, 3: 23, 5: 3, 2: 31, 1: 23, 7: 2}",-0.8072982537804587
43,barabasi_albert,100,150,5,2,3.8024,3.0,2.340939982143925,"{5: 8, 6: 5, 8: 3, 9: 1, 7: 2, 16: 1, 2: 20, 1: 32, 4: 11, 3: 17}",-0.8072982537804587
44,barabasi_albert,100,150,5,2,4.0502,3.0,2.2494443758403984,"{12: 1, 7: 6, 13: 1, 9: 2, 8: 1, 2: 35, 3: 26, 5: 4, 4: 5, 1: 19}",-0.8072982537804587
45,barabasi_albert,100,150,5,2,3.8234,3.0,2.2671568097509267,"{10: 2, 8: 1, 7: 3, 16: 1, 5: 9, 6: 1, 3: 23, 4: 9, 2: 28, 1: 23}",-0.8072982537804587
46,barabasi_albert,100,150,5,2,3.8812,3.0,2.3151673805580453,"{7: 2, 8: 2, 13: 2, 9: 1, 4: 15, 10: 1, 2: 24, 1: 26, 3: 23, 5: 2, 6: 2}",-0.8072982537804587
47,barabasi_albert,100,150,5,2,3.8554,3.0,2.5337718918639855,"{11: 1, 10: 2, 17: 1, 9: 2, 2: 28, 3: 23, 5: 3, 7: 2, 6: 3, 4: 9, 1: 26}",-0.8072982537804587
48,barabasi_albert,100,150,5,2,3.781,3.0,2.3579652245103193,"{9: 2, 10: 1, 8: 2, 17: 1, 4: 11, 5: 3, 6: 3, 2: 23, 3: 28, 7: 1, 1: 25}",-0.8072982537804587
49,barabasi_albert,100,150,5,2,3.7822,3.0,2.340939982143925,"{19: 1, 11: 1, 6: 2, 4: 10, 7: 3, 5: 10, 1: 20, 2: 32, 3: 21}",-0.8072982537804587
50,barabasi_albert,100,150,5,2,3.9314,3.0,2.222611077089287,"{7: 1, 12: 2, 10: 1, 8: 3, 5: 9, 4: 10, 1: 25, 3: 19, 2: 28, 6: 2}",-0.8072982537804587
51,barabasi_albert,100,150,5,2,4.1198,3.0,2.039607805437114,"{7: 2, 5: 8, 12: 1, 8: 2, 4: 16, 11: 1, 3: 20, 1: 25, 2: 23, 6: 2}",-0.8072982537804587
52,barabasi_albert,100,150,5,2,4.1694,3.0,2.039607805437114,"{9: 3, 6: 5, 1: 29, 4: 19, 7: 3, 10: 1, 5: 3, 3: 18, 2: 19}",-0.8072982537804587
53,barabasi_albert,100,150,5,2,4.1052,3.0,2.06881608655772,"{7: 2, 11: 1, 13: 1, 9: 1, 6: 5, 4: 15, 3: 20, 5: 5, 1: 22, 2: 28}",-0.8072982537804587
54,barabasi_albert,100,150,5,2,3.8836,3.0,2.349468024894146,"{10: 1, 12: 1, 8: 2, 9: 1, 7: 3, 4: 11, 3: 17, 14: 1, 2: 32, 5: 7, 1: 24}",-0.8072982537804587
55,barabasi_albert,100,150,5,2,3.9668,3.0,2.0639767440550294,"{12: 1, 11: 1, 10: 1, 8: 2, 6: 3, 3: 24, 7: 2, 2: 36, 4: 11, 5: 3, 1: 16}",-0.8072982537804587
56,barabasi_albert,100,150,5,2,3.6092,3.0,2.6608269391300143,"{7: 2, 12: 2, 16: 1, 11: 2, 9: 1, 4: 10, 2: 33, 3: 17, 1: 26, 5: 4, 6: 2}",-0.8072982537804587
57,barabasi_albert,100,150,5,2,3.789,3.0,2.4041630560342617,"{9: 1, 14: 3, 6: 4, 3: 24, 2: 36, 5: 7, 4: 7, 1: 18}",-0.8072982537804587
58,barabasi_albert,100,150,5,2,4.0764,3.0,1.9183326093250879,"{10: 2, 9: 1, 6: 6, 3: 22, 2: 24, 4: 16, 7: 2, 5: 4, 1: 23}",-0.8072982537804587
59,barabasi_albert,100,150,5,2,3.9332,3.0,2.3366642891095846,"{10: 1, 7: 3, 8: 1, 6: 4, 9: 1, 1: 28, 4: 12, 16: 1, 5: 8, 3: 14, 2: 27}",-0.8072982537804587
60,barabasi_albert,100,150,5,2,3.6852,3.0,2.5219040425836985,"{7: 3, 12: 2, 17: 1, 11: 1, 3: 18, 4: 14, 6: 2, 2: 34, 5: 3, 1: 22}",-0.8072982537804587
61,barabasi_albert,100,150,5,2,4.0044,3.0,2.2181073012818833,"{5: 7, 9: 3, 15: 1, 6: 4, 10: 1, 2: 29, 4: 10, 3: 23, 1: 22}",-0.8072982537804587
62,barabasi_albert,100,150,5,2,4.085,3.0,2.177154105707724,"{9: 1, 6: 1, 12: 1, 8: 2, 13: 1, 4: 21, 3: 22, 2: 29, 11: 1, 1: 20, 5: 1}",-0.8072982537804587
63,barabasi_albert,100,150,5,2,3.9842,3.0,2.1166010488516727,"{6: 5, 11: 1, 10: 2, 13: 1, 4: 11, 5: 6, 2: 34, 3: 22, 1: 18}",-0.8072982537804587
64,barabasi_albert,100,150,5,2,3.967,3.0,2.2715633383201093,"{9: 1, 6: 3, 10: 1, 17: 1, 4: 17, 7: 2, 3: 18, 8: 1, 2: 30, 1: 22, 5: 4}",-0.8072982537804587
65,barabasi_albert,100,150,5,2,3.9378,3.0,2.3323807579381204,"{15: 1, 10: 1, 7: 1, 11: 1, 8: 3, 4: 11, 3: 19, 6: 4, 1: 25, 2: 29, 5: 5}",-0.8072982537804587
66,barabasi_albert,100,150,5,2,4.0074,3.0,2.029778313018444,"{9: 1, 11: 1, 5: 5, 10: 1, 6: 8, 4: 12, 3: 21, 7: 2, 1: 26, 2: 23}",-0.8072982537804587
67,barabasi_albert,100,150,5,2,3.7734,3.0,2.3916521486202797,"{7: 4, 14: 1, 11: 1, 12: 1, 13: 1, 5: 4, 2: 34, 3: 22, 4: 12, 1: 20}",-0.8072982537804587
68,barabasi_albert,100,150,5,2,3.9712,3.0,2.240535650240808,"{10: 2, 7: 3, 9: 2, 13: 1, 4: 12, 5: 4, 3: 22, 2: 25, 1: 26, 6: 3}",-0.8072982537804587
69,barabasi_albert,100,150,5,2,3.8538,3.0,2.4576411454889016,"{7: 2, 14: 1, 11: 1, 17: 1, 5: 3, 1: 20, 2: 32, 6: 2, 4: 13, 3: 24, 9: 1}",-0.8072982537804587
70,barabasi_albert,100,150,5,2,3.8572,3.0,2.186321110907545,"{8: 2, 13: 1, 9: 2, 12: 1, 4: 13, 6: 2, 1: 20, 7: 1, 2: 32, 5: 4, 3: 22}",-0.8072982537804587
71,barabasi_albert,100,150,5,2,4.0224,3.0,2.1540659228538015,"{7: 1, 8: 1, 10: 1, 6: 2, 14: 1, 4: 13, 9: 2, 1: 22, 2: 30, 5: 8, 3: 19}",-0.8072982537804587
72,barabasi_albert,100,150,5,2,3.9644,3.0,2.1260291625469296,"{11: 1, 9: 3, 5: 6, 1: 22, 3: 18, 4: 9, 2: 33, 6: 5, 7: 2, 10: 1}",-0.8072982537804587
73,barabasi_albert,100,150,5,2,3.9762,3.0,2.23159136044214,"{13: 1, 6: 3, 8: 1, 4: 9, 11: 2, 5: 5, 7: 4, 1: 25, 3: 25, 2: 25}",-0.8072982537804587
74,barabasi_albert,100,150,5,2,4.0352,3.0,2.0,"{8: 2, 9: 2, 6: 5, 7: 3, 4: 14, 10: 1, 2: 34, 3: 17, 1: 20, 5: 2}",-0.8072982537804587
75,barabasi_albert,100,150,5,2,3.8522,3.0,2.2847319317591723,"{15: 1, 7: 3, 13: 1, 9: 1, 6: 1, 1: 22, 5: 7, 3: 19, 4: 13, 8: 1, 2: 31}",-0.8072982537804587
76,barabasi_albert,100,150,5,2,4.1534,3.0,1.96468827043885,"{6: 6, 8: 3, 10: 1, 5: 7, 3: 16, 1: 26, 9: 1, 4: 16, 2: 24}",-0.8072982537804587
77,barabasi_albert,100,150,5,2,3.9454,3.0,2.172556098240043,"{10: 1, 9: 2, 12: 1, 6: 5, 7: 3, 3: 25, 2: 22, 5: 3, 4: 10, 8: 1, 1: 27}",-0.8072982537804587
78,barabasi_albert,100,150,5,2,3.8904,3.0,2.3790754506740637,"{10: 2, 12: 2, 6: 4, 5: 4, 9: 1, 4: 10, 2: 22, 3: 22, 8: 2, 1: 30, 7: 1}",-0.8072982537804587
79,barabasi_albert,100,150,5,2,3.9466,3.0,2.0976176963403033,"{8: 1, 15: 1, 6: 9, 9: 1, 7: 1, 4: 9, 2: 29, 3: 24, 1: 21, 5: 4}",-0.8072982537804587
80,barabasi_albert,100,150,5,2,4.0168,3.0,2.130727575266252,"{6: 2, 9: 2, 15: 1, 5: 7, 7: 2, 8: 2, 2: 41, 4: 9, 1: 15, 3: 19}",-0.8072982537804587
81,barabasi_albert,100,150,5,2,3.9996,3.0,2.04939015319192,"{7: 1, 9: 3, 10: 1, 3: 18, 4: 14, 11: 1, 5: 5, 6: 4, 2: 33, 1: 20}",-0.8072982537804587
82,barabasi_albert,100,150,5,2,4.0288,3.0,1.98997487421324,"{7: 1, 8: 3, 11: 1, 10: 1, 4: 16, 3: 19, 5: 7, 6: 3, 2: 25, 1: 24}",-0.8072982537804587
83,barabasi_albert,100,150,5,2,3.8462,3.0,2.3790754506740637,"{6: 6, 20: 1, 5: 5, 8: 2, 7: 1, 4: 18, 2: 35, 3: 11, 1: 21}",-0.8072982537804587
84,barabasi_albert,100,150,5,2,3.866,3.0,2.177154105707724,"{9: 1, 7: 2, 10: 1, 13: 1, 5: 7, 3: 23, 8: 2, 4: 10, 1: 28, 6: 4, 2: 21}",-0.8072982537804587
85,barabasi_albert,100,150,5,2,3.742,3.0,2.5219040425836985,"{11: 2, 9: 3, 14: 1, 3: 18, 10: 2, 4: 11, 6: 1, 2: 33, 1: 25, 5: 3, 7: 1}",-0.8072982537804587
86,barabasi_albert,100,150,5,2,3.9052,3.0,2.08806130178211,"{9: 2, 14: 1, 4: 9, 5: 11, 3: 21, 7: 2, 6: 4, 2: 26, 1: 24}",-0.8072982537804587
87,barabasi_albert,100,150,5,2,4.0418,3.0,2.078460969082653,"{6: 3, 13: 1, 8: 3, 9: 1, 3: 27, 4: 11, 7: 3, 2: 23, 5: 4, 1: 24}",-0.8072982537804587
88,barabasi_albert,100,150,5,2,3.9708,3.0,2.0542638584174138,"{9: 2, 8: 2, 11: 1, 7: 2, 5: 1, 10: 1, 6: 3, 3: 21, 1: 19, 4: 15, 2: 33}",-0.8072982537804587
89,barabasi_albert,100,150,5,2,4.0978,3.0,2.1587033144922905,"{9: 1, 10: 1, 6: 2, 11: 1, 14: 1, 4: 14, 3: 21, 5: 8, 2: 28, 1: 22, 7: 1}",-0.8072982537804587
90,barabasi_albert,100,150,5,2,3.9554,3.0,2.06881608655772,"{10: 1, 9: 1, 7: 5, 12: 1, 3: 26, 4: 6, 5: 11, 1: 25, 2: 23, 6: 1}",-0.8072982537804587
91,barabasi_albert,100,150,5,2,3.7952,3.0,2.195449840010015,"{14: 1, 8: 2, 10: 1, 6: 4, 4: 11, 11: 1, 1: 17, 2: 39, 3: 19, 7: 2, 5: 3}",-0.8072982537804587
92,barabasi_albert,100,150,5,2,3.9416,3.0,2.253885533916929,"{6: 5, 12: 1, 8: 1, 14: 1, 4: 7, 5: 6, 9: 1, 3: 20, 2: 33, 7: 3, 1: 22}",-0.8072982537804587
93,barabasi_albert,100,150,5,2,4.0048,3.0,2.073644135332772,"{8: 1, 14: 1, 9: 1, 4: 15, 6: 5, 3: 15, 2: 28, 7: 2, 5: 8, 1: 24}",-0.8072982537804587
94,barabasi_albert,100,150,5,2,3.8564,3.0,2.32379000772445,"{6: 3, 16: 1, 10: 1, 8: 2, 13: 1, 5: 6, 4: 8, 1: 22, 3: 31, 2: 25}",-0.8072982537804587
95,barabasi_albert,100,150,5,2,3.991,3.0,2.073644135332772,"{5: 11, 12: 2, 6: 4, 3: 18, 11: 1, 2: 32, 1: 20, 4: 12}",-0.8072982537804587
96,barabasi_albert,100,150,5,2,3.914,3.0,2.353720459187964,"{11: 2, 15: 1, 9: 2, 5: 8, 2: 27, 4: 8, 3: 23, 1: 25, 7: 1, 6: 3}",-0.8072982537804587
97,barabasi_albert,100,150,5,2,3.9654,3.0,2.0976176963403033,"{11: 1, 12: 1, 4: 12, 6: 6, 9: 1, 5: 8, 7: 2, 1: 26, 3: 18, 2: 25}",-0.8072982537804587
98,barabasi_albert,100,150,5,2,3.8166,3.0,2.2847319317591723,"{13: 1, 8: 2, 5: 5, 16: 1, 4: 14, 3: 23, 7: 1, 9: 1, 2: 32, 1: 19, 6: 1}",-0.8072982537804587
99,barabasi_albert,100,150,5,2,3.867,3.0,2.172556098240043,"{9: 1, 5: 8, 14: 1, 12: 1, 3: 24, 8: 2, 4: 12, 7: 1, 2: 27, 1: 22, 6: 1}",-0.8072982537804587
100,barabasi_albert,100,150,5,2,4.0146,3.0,1.96468827043885,"{9: 1, 5: 7, 10: 1, 6: 5, 13: 1, 4: 18, 1: 20, 3: 17, 2: 30}",-0.8072982537804587
101,barabasi_albert,100,150,5,2,3.9528,3.0,2.029778313018444,"{7: 4, 8: 3, 11: 1, 5: 7, 6: 1, 2: 21, 3: 25, 4: 11, 9: 1, 1: 26}",-0.8072982537804587
102,barabasi_albert,100,150,5,2,4.0304,3.0,1.9183326093250879,"{9: 4, 10: 1, 4: 16, 5: 8, 6: 2, 2: 29, 3: 20, 1: 20}",-0.8072982537804587
103,barabasi_albert,100,150,5,2,3.8722,3.0,2.244994432064365,"{5: 6, 6: 3, 4: 14, 9: 1, 18: 1, 8: 1, 3: 23, 2: 32, 1: 18, 10: 1}",-0.8072982537804587
104,barabasi_albert,100,150,5,2,3.9746,3.0,2.195449840010015,"{6: 4, 9: 3, 10: 1, 8: 1, 12: 1, 4: 10, 5: 4, 7: 2, 3: 21, 1: 24, 2: 29}",-0.8072982537804587
105,barabasi_albert,100,150,5,2,3.8878,3.0,2.2759613353482084,"{11: 2, 5: 6, 8: 1, 13: 1, 6: 6, 3: 22, 2: 28, 4: 7, 1: 25, 9: 1, 7: 1}",-0.8072982537804587
106,barabasi_albert,100,150,5,2,3.991,3.0,2.2135943621178655,"{9: 2, 7: 3, 12: 1, 8: 2, 4: 10, 5: 7, 1: 27, 10: 1, 6: 2, 2: 26, 3: 19}",-0.8072982537804587
107,barabasi_albert,100,150,5,2,4.0338,3.0,1.9798989873223332,"{12: 1, 8: 4, 5: 8, 6: 4, 2: 28, 7: 1, 3: 21, 4: 11, 1: 22}",-0.8072982537804587
108,barabasi_albert,100,150,5,2,3.8382,3.0,2.3323807579381204,"{6: 4, 8: 2, 16: 1, 7: 2, 12: 1, 4: 11, 5: 8, 3: 19, 2: 25, 1: 27}",-0.8072982537804587
109,barabasi_albert,100,150,5,2,4.0344,3.0,2.195449840010015,"{12: 1, 11: 1, 10: 1, 8: 3, 3: 23, 4: 11, 2: 30, 6: 4, 1: 22, 5: 3, 9: 1}",-0.8072982537804587
110,barabasi_albert,100,150,5,2,4.1888,3.0,2.0,"{12: 1, 7: 2, 10: 1, 9: 1, 6: 3, 4: 15, 2: 39, 5: 7, 3: 13, 8: 1, 1: 17}",-0.8072982537804587
111,barabasi_albert,100,150,5,2,4.2094,3.0,1.865475810617763,"{12: 1, 7: 2, 9: 2, 6: 4, 4: 12, 5: 5, 3: 27, 2: 31, 1: 16}",-0.8072982537804587
112,barabasi_albert,100,150,5,2,3.9404,3.0,2.04939015319192,"{7: 1, 5: 10, 8: 2, 11: 1, 3: 23, 12: 1, 1: 24, 9: 1, 4: 14, 2: 23}",-0.8072982537804587
113,barabasi_albert,100,150,5,2,3.8892,3.0,2.2181073012818833,"{8: 1, 6: 3, 12: 2, 13: 1, 4: 12, 5: 8, 3: 20, 2: 30, 1: 22, 7: 1}",-0.8072982537804587
114,barabasi_albert,100,150,5,2,3.6384,3.0,2.5059928172283334,"{13: 2, 8: 1, 7: 2, 17: 1, 1: 21, 4: 10, 3: 17, 2: 36, 6: 1, 5: 9}",-0.8072982537804587
115,barabasi_albert,100,150,5,2,3.8946,3.0,2.16794833886788,"{5: 3, 9: 1, 12: 1, 13: 1, 7: 5, 6: 3, 4: 14, 2: 28, 3: 21, 1: 23}",-0.8072982537804587
116,barabasi_albert,100,150,5,2,4.1932,3.0,1.9849433241279208,"{5: 8, 8: 2, 9: 2, 6: 3, 13: 1, 4: 10, 3: 25, 2: 31, 1: 18}",-0.8072982537804587
117,barabasi_albert,100,150,5,2,3.699,3.0,2.445403852127497,"{8: 2, 10: 1, 14: 1, 13: 2, 5: 3, 2: 41, 4: 9, 3: 23, 7: 1, 9: 1, 1: 16}",-0.8072982537804587
118,barabasi_albert,100,150,5,2,3.7772,3.0,2.701851217221259,"{21: 1, 6: 7, 10: 1, 11: 1, 12: 1, 3: 30, 1: 24, 2: 27, 7: 1, 4: 6, 5: 1}",-0.8072982537804587
119,barabasi_albert,100,150,5,2,3.8248,3.0,2.445403852127497,"{10: 1, 12: 2, 15: 1, 8: 1, 4: 9, 2: 26, 3: 21, 7: 1, 6: 3, 5: 8, 1: 27}",-0.8072982537804587
120,barabasi_albert,100,150,5,2,3.8692,3.0,2.3622023622035435,"{12: 2, 13: 1, 10: 1, 9: 1, 2: 35, 1: 20, 4: 8, 5: 5, 3: 23, 8: 2, 6: 2}",-0.8072982537804587
121,barabasi_albert,100,150,5,2,4.01,3.0,1.8867962264113207,"{10: 1, 5: 10, 9: 1, 11: 1, 4: 14, 1: 21, 6: 3, 2: 26, 7: 1, 3: 22}",-0.8072982537804587
122,barabasi_albert,100,150,5,2,3.9416,3.0,2.280350850198276,"{9: 1, 5: 9, 15: 1, 7: 1, 3: 17, 11: 1, 4: 11, 2: 33, 10: 1, 8: 1, 1: 22, 6: 2}",-0.8072982537804587
123,barabasi_albert,100,150,5,2,4.2082,3.0,2.08806130178211,"{7: 2, 8: 1, 12: 1, 10: 1, 6: 2, 4: 11, 5: 9, 1: 24, 3: 24, 11: 1, 2: 24}",-0.8072982537804587
124,barabasi_albert,100,150,5,2,3.8592,3.0,2.4289915602982237,"{14: 1, 15: 1, 10: 1, 9: 2, 7: 3, 5: 1, 2: 23, 4: 16, 3: 25, 6: 1, 1: 26}",-0.8072982537804587
125,barabasi_albert,100,150,5,2,3.9292,3.0,2.1354156504062622,"{13: 1, 5: 8, 7: 7, 8: 1, 9: 1, 1: 24, 4: 7, 3: 19, 2: 30, 6: 2}",-0.8072982537804587
126,barabasi_albert,100,150,5,2,3.8378,3.0,2.5019992006393608,"{6: 5, 14: 2, 7: 3, 4: 9, 13: 1, 3: 23, 2: 26, 9: 1, 1: 27, 5: 3}",-0.8072982537804587
127,barabasi_albert,100,150,5,2,3.982,3.0,2.06881608655772,"{13: 1, 6: 2, 8: 2, 7: 3, 10: 1, 5: 6, 3: 21, 4: 16, 2: 23, 1: 25}",-0.8072982537804587
128,barabasi_albert,100,150,5,2,4.1404,3.0,1.8920887928424501,"{7: 4, 12: 1, 9: 1, 6: 4, 5: 5, 3: 21, 4: 15, 1: 19, 2: 30}",-0.8072982537804587
129,barabasi_albert,100,150,5,2,3.7194,3.0,2.5806975801127883,"{16: 1, 4: 15, 9: 1, 14: 1, 10: 1, 13: 1, 1: 22, 2: 35, 3: 17, 7: 2, 5: 3, 6: 1}",-0.8072982537804587
130,barabasi_albert,100,150,5,2,3.7354,3.0,2.3579652245103193,"{11: 1, 18: 1, 7: 1, 8: 2, 6: 3, 4: 14, 5: 9, 3: 14, 2: 32, 1: 23}",-0.8072982537804587
131,barabasi_albert,100,150,5,2,4.1388,3.0,1.9390719429665315,"{9: 3, 10: 2, 7: 1, 5: 7, 2: 34, 3: 25, 4: 10, 6: 2, 1: 16}",-0.8072982537804587
132,barabasi_albert,100,150,5,2,4.2172,3.0,2.1166010488516727,"{13: 1, 11: 1, 8: 3, 9: 1, 6: 4, 3: 28, 4: 12, 2: 25, 1: 22, 5: 3}",-0.8072982537804587
133,barabasi_albert,100,150,5,2,3.9846,3.0,2.227105745132009,"{11: 1, 14: 1, 7: 2, 10: 1, 9: 1, 3: 23, 6: 3, 8: 1, 5: 5, 4: 9, 2: 33, 1: 20}",-0.8072982537804587
134,barabasi_albert,100,150,5,2,3.8942,3.0,2.2978250586152114,"{10: 1, 7: 4, 11: 2, 12: 1, 3: 22, 4: 12, 8: 1, 2: 23, 6: 2, 5: 4, 1: 28}",-0.8072982537804587
135,barabasi_albert,100,150,5,2,3.9996,3.0,2.08806130178211,"{8: 2, 10: 1, 4: 14, 14: 1, 7: 2, 3: 22, 5: 8, 2: 24, 1: 24, 6: 2}",-0.8072982537804587
136,barabasi_albert,100,150,5,2,4.2412,3.0,2.0,"{12: 1, 6: 3, 7: 4, 11: 1, 2: 33, 4: 10, 5: 6, 3: 23, 1: 18, 8: 1}",-0.8072982537804587
137,barabasi_albert,100,150,5,2,3.7934,3.0,2.3748684174075834,"{12: 2, 9: 3, 3: 19, 2: 30, 5: 5, 6: 1, 4: 12, 10: 2, 1: 25, 8: 1}",-0.8072982537804587
138,barabasi_albert,100,150,5,2,3.9986,3.0,2.078460969082653,"{9: 1, 10: 1, 8: 2, 6: 3, 12: 1, 4: 5, 5: 9, 7: 2, 2: 28, 3: 26, 1: 22}",-0.8072982537804587
139,barabasi_albert,100,150,5,2,3.7594,3.0,2.4413111231467406,"{15: 1, 9: 2, 11: 1, 7: 2, 4: 8, 6: 3, 3: 20, 2: 30, 8: 2, 10: 1, 5: 4, 1: 26}",-0.8072982537804587
140,barabasi_albert,100,150,5,2,3.9416,3.0,2.227105745132009,"{12: 1, 9: 1, 8: 3, 7: 2, 10: 2, 2: 29, 3: 23, 4: 7, 6: 2, 1: 24, 5: 6}",-0.8072982537804587
141,barabasi_albert,100,150,5,2,3.9792,3.0,2.1447610589527217,"{8: 2, 13: 1, 5: 6, 7: 2, 10: 1, 3: 21, 6: 5, 4: 7, 2: 33, 9: 1, 1: 21}",-0.8072982537804587
142,barabasi_albert,100,150,5,2,4.1698,3.0,1.8973665961010275,"{8: 3, 5: 6, 10: 1, 7: 1, 6: 4, 9: 1, 3: 23, 2: 27, 4: 13, 1: 21}",-0.8072982537804587
143,barabasi_albert,100,150,5,2,4.1382,3.0,2.078460969082653,"{9: 2, 10: 2, 8: 2, 5: 9, 6: 3, 4: 15, 2: 22, 1: 28, 3: 17}",-0.8072982537804587
144,barabasi_albert,100,150,5,2,3.8606,3.0,2.345207879911715,"{9: 1, 15: 1, 10: 2, 5: 8, 13: 1, 3: 19, 4: 12, 2: 36, 1: 19, 7: 1}",-0.8072982537804587
145,barabasi_albert,100,150,5,2,3.8302,3.0,2.4819347291981715,"{15: 1, 7: 2, 17: 1, 9: 1, 8: 1, 3: 19, 2: 37, 6: 3, 1: 20, 5: 8, 4: 7}",-0.8072982537804587
146,barabasi_albert,100,150,5,2,3.9574,3.0,2.328089345364563,"{13: 2, 8: 3, 10: 2, 5: 4, 4: 14, 7: 1, 1: 24, 2: 27, 3: 23}",-0.8072982537804587
147,barabasi_albert,100,150,5,2,3.8834,3.0,2.2715633383201093,"{9: 1, 13: 1, 6: 4, 14: 1, 3: 20, 4: 11, 1: 21, 5: 8, 2: 32, 11: 1}",-0.8072982537804587
148,barabasi_albert,100,150,5,2,4.0142,3.0,2.0199009876724157,"{12: 1, 7: 4, 10: 2, 3: 26, 9: 1, 2: 30, 5: 3, 1: 18, 4: 15}",-0.8072982537804587
149,barabasi_albert,100,150,5,2,3.8006,3.0,2.3151673805580453,"{10: 2, 8: 1, 12: 1, 14: 1, 5: 8, 3: 23, 6: 2, 2: 30, 1: 23, 7: 2, 4: 7}",-0.8072982537804587
150,barabasi_albert,100,150,5,2,4.0402,3.0,2.0248456731316584,"{9: 3, 11: 2, 7: 2, 4: 12, 5: 5, 3: 25, 2: 33, 1: 17, 6: 1}",-0.8072982537804587
151,barabasi_albert,100,150,5,2,4.0694,3.0,2.258317958127243,"{13: 2, 7: 2, 8: 1, 10: 1, 3: 17, 4: 15, 9: 1, 5: 6, 2: 32, 6: 1, 1: 22}",-0.8072982537804587
152,barabasi_albert,100,150,5,2,3.8772,3.0,2.328089345364563,"{10: 2, 9: 1, 16: 1, 8: 3, 2: 26, 5: 2, 4: 11, 1: 23, 3: 28, 6: 3}",-0.8072982537804587
153,barabasi_albert,100,150,5,2,4.0112,3.0,2.2671568097509267,"{8: 1, 7: 3, 18: 1, 9: 1, 3: 25, 6: 3, 2: 27, 4: 10, 5: 7, 1: 22}",-0.8072982537804587
154,barabasi_albert,100,150,5,2,3.7648,3.0,2.493992782667985,"{12: 2, 13: 2, 8: 2, 5: 4, 6: 4, 3: 24, 2: 26, 7: 1, 4: 8, 1: 27}",-0.8072982537804587
155,barabasi_albert,100,150,5,2,3.983,3.0,2.0445048300260873,"{7: 2, 9: 1, 5: 5, 8: 2, 12: 1, 4: 17, 3: 18, 2: 33, 11: 1, 6: 1, 1: 19}",-0.8072982537804587
156,barabasi_albert,100,150,5,2,3.7914,3.0,2.2891046284519194,"{8: 1, 9: 1, 10: 1, 13: 1, 11: 2, 6: 3, 1: 23, 2: 32, 4: 15, 3: 16, 5: 5}",-0.8072982537804587
157,barabasi_albert,100,150,5,2,3.9132,3.0,2.1908902300206643,"{6: 3, 8: 2, 12: 1, 9: 2, 5: 8, 11: 1, 7: 1, 1: 25, 3: 19, 4: 10, 2: 28}",-0.8072982537804587
158,barabasi_albert,100,150,5,2,3.9432,3.0,2.23159136044214,"{4: 10, 11: 1, 7: 3, 8: 2, 12: 1, 9: 2, 2: 34, 3: 16, 6: 3, 5: 5, 1: 23}",-0.8072982537804587
159,barabasi_albert,100,150,5,2,4.0036,3.0,2.3748684174075834,"{14: 1, 11: 1, 15: 1, 4: 11, 7: 2, 5: 9, 2: 25, 3: 21, 1: 26, 6: 3}",-0.8072982537804587
160,barabasi_albert,100,150,5,2,3.73,3.0,2.4083189157584592,"{9: 1, 7: 3, 6: 4, 12: 1, 15: 1, 5: 4, 11: 1, 2: 35, 1: 22, 3: 20, 8: 1, 4: 7}",-0.8072982537804587
161,barabasi_albert,100,150,5,2,3.806,3.0,2.253885533916929,"{7: 2, 11: 2, 12: 2, 1: 23, 4: 10, 3: 20, 5: 9, 2: 30, 6: 2}",-0.8072982537804587
162,barabasi_albert,100,150,5,2,3.884,3.0,2.177154105707724,"{13: 2, 6: 2, 10: 1, 8: 1, 4: 18, 3: 22, 9: 1, 5: 4, 1: 21, 2: 28}",-0.8072982537804587
163,barabasi_albert,100,150,5,2,3.8448,3.0,2.253885533916929,"{7: 3, 10: 2, 14: 1, 4: 10, 8: 3, 3: 16, 6: 2, 2: 38, 5: 5, 1: 20}",-0.8072982537804587
164,barabasi_albert,100,150,5,2,3.9154,3.0,2.23606797749979,"{7: 3, 6: 4, 8: 3, 13: 1, 5: 5, 3: 17, 4: 11, 2: 26, 9: 2, 1: 28}",-0.8072982537804587
165,barabasi_albert,100,150,5,2,3.9282,3.0,2.1400934559032696,"{7: 4, 6: 3, 14: 1, 9: 2, 4: 10, 2: 35, 3: 18, 8: 1, 1: 20, 5: 6}",-0.8072982537804587
166,barabasi_albert,100,150,5,2,3.9092,3.0,2.083266665599966,"{9: 2, 6: 5, 10: 1, 12: 1, 1: 23, 4: 11, 5: 6, 2: 28, 3: 21, 7: 2}",-0.8072982537804587
167,barabasi_albert,100,150,5,2,3.7692,3.0,2.4819347291981715,"{8: 1, 7: 3, 16: 1, 17: 1, 6: 4, 3: 23, 4: 12, 5: 3, 2: 30, 1: 22}",-0.8072982537804587
168,barabasi_albert,100,150,5,2,4.0866,3.0,1.9390719429665315,"{8: 3, 11: 1, 10: 1, 6: 2, 2: 32, 4: 14, 9: 1, 5: 5, 3: 24, 1: 17}",-0.8072982537804587
169,barabasi_albert,100,150,5,2,3.8372,3.0,2.3622023622035435,"{8: 1, 10: 1, 12: 1, 6: 5, 16: 1, 2: 30, 9: 1, 4: 11, 3: 21, 5: 5, 1: 23}",-0.8072982537804587
170,barabasi_albert,100,150,5,2,3.8978,3.0,2.2181073012818833,"{13: 1, 7: 4, 9: 3, 3: 20, 2: 34, 8: 2, 6: 2, 1: 22, 5: 6, 4: 6}",-0.8072982537804587
171,barabasi_albert,100,150,5,2,3.7892,3.0,2.449489742783178,"{11: 1, 16: 1, 10: 1, 13: 1, 5: 8, 1: 21, 2: 34, 8: 2, 3: 21, 6: 1, 4: 9}",-0.8072982537804587
172,barabasi_albert,100,150,5,2,3.9794,3.0,2.1908902300206643,"{14: 1, 6: 6, 5: 8, 11: 1, 3: 16, 4: 9, 7: 3, 1: 24, 2: 31, 8: 1}",-0.8072982537804587
173,barabasi_albert,100,150,5,2,3.9266,3.0,2.2135943621178655,"{8: 3, 4: 12, 13: 1, 12: 1, 10: 1, 7: 2, 6: 2, 5: 3, 2: 35, 3: 21, 1: 19}",-0.8072982537804587
174,barabasi_albert,100,150,5,2,3.8554,3.0,2.2891046284519194,"{15: 1, 13: 1, 9: 1, 7: 5, 2: 29, 5: 5, 6: 2, 1: 22, 3: 25, 4: 9}",-0.8072982537804587
175,barabasi_albert,100,150,5,2,3.8128,3.0,2.477902338672773,"{17: 1, 9: 2, 10: 1, 7: 2, 3: 12, 5: 8, 4: 11, 8: 2, 6: 3, 2: 29, 1: 29}",-0.8072982537804587
176,barabasi_albert,100,150,5,2,3.9162,3.0,2.181742422927143,"{8: 1, 7: 4, 11: 3, 3: 21, 4: 7, 5: 5, 6: 5, 2: 31, 1: 23}",-0.8072982537804587
177,barabasi_albert,100,150,5,2,3.7726,3.0,2.2715633383201093,"{15: 1, 7: 3, 12: 1, 8: 1, 5: 6, 1: 20, 2: 35, 10: 1, 6: 2, 4: 12, 3: 18}",-0.8072982537804587
178,barabasi_albert,100,150,5,2,3.857,3.0,2.1587033144922905,"{9: 2, 8: 1, 6: 4, 7: 1, 4: 13, 2: 28, 13: 1, 3: 21, 11: 1, 1: 23, 5: 5}",-0.8072982537804587
179,barabasi_albert,100,150,5,2,3.905,3.0,2.3151673805580453,"{7: 1, 6: 4, 8: 1, 10: 1, 17: 1, 11: 1, 4: 15, 3: 22, 5: 4, 2: 27, 1: 23}",-0.8072982537804587
180,barabasi_albert,100,150,5,2,3.8704,3.0,2.262741699796952,"{13: 1, 8: 3, 6: 8, 11: 1, 1: 29, 3: 17, 9: 1, 4: 13, 2: 24, 5: 3}",-0.8072982537804587
181,barabasi_albert,100,150,5,2,4.0856,3.0,1.8920887928424501,"{6: 4, 5: 9, 9: 1, 13: 1, 4: 16, 3: 22, 2: 25, 8: 1, 1: 21}",-0.8072982537804587
182,barabasi_albert,100,150,5,2,3.9584,3.0,2.3579652245103193,"{10: 1, 9: 2, 11: 1, 8: 1, 16: 1, 3: 20, 2: 32, 5: 7, 6: 2, 4: 11, 1: 22}",-0.8072982537804587
183,barabasi_albert,100,150,5,2,3.9882,3.0,2.209072203437452,"{10: 2, 12: 1, 7: 2, 11: 1, 5: 11, 2: 28, 3: 21, 9: 1, 4: 9, 1: 24}",-0.8072982537804587
184,barabasi_albert,100,150,5,2,3.9204,3.0,2.345207879911715,"{6: 4, 14: 2, 12: 1, 7: 2, 4: 12, 3: 28, 5: 5, 1: 27, 2: 19}",-0.8072982537804587
185,barabasi_albert,100,150,5,2,3.9146,3.0,2.258317958127243,"{8: 2, 12: 1, 9: 2, 10: 1, 7: 3, 5: 7, 6: 4, 3: 18, 1: 28, 2: 27, 4: 7}",-0.8072982537804587
186,barabasi_albert,100,150,5,2,4.08,3.0,2.353720459187964,"{17: 1, 9: 1, 10: 1, 7: 3, 11: 1, 2: 28, 3: 27, 4: 8, 5: 7, 1: 22, 6: 1}",-0.8072982537804587
187,barabasi_albert,100,150,5,2,3.9816,3.0,2.209072203437452,"{6: 5, 9: 1, 5: 5, 14: 1, 10: 1, 3: 26, 2: 31, 4: 10, 1: 19, 13: 1}",-0.8072982537804587
188,barabasi_albert,100,150,5,2,4.05,3.0,2.1118712081942874,"{6: 5, 15: 1, 8: 1, 5: 6, 4: 10, 7: 3, 9: 1, 2: 30, 3: 22, 1: 21}",-0.8072982537804587
189,barabasi_albert,100,150,5,2,3.8306,3.0,2.3916521486202797,"{15: 1, 12: 1, 8: 1, 14: 1, 6: 3, 4: 10, 7: 2, 3: 27, 2: 28, 5: 4, 1: 22}",-0.8072982537804587
190,barabasi_albert,100,150,5,2,3.9476,3.0,2.186321110907545,"{8: 3, 5: 10, 14: 1, 6: 1, 3: 19, 4: 12, 1: 23, 2: 29, 9: 1, 11: 1}",-0.8072982537804587
191,barabasi_albert,100,150,5,2,3.8252,3.0,2.3108440016582685,"{8: 1, 10: 2, 13: 2, 4: 10, 5: 7, 3: 25, 2: 22, 6: 3, 1: 27, 7: 1}",-0.8072982537804587
192,barabasi_albert,100,150,5,2,4.1048,3.0,1.96468827043885,"{5: 5, 7: 2, 13: 1, 6: 5, 8: 1, 4: 11, 10: 1, 2: 28, 3: 27, 1: 19}",-0.8072982537804587
193,barabasi_albert,100,150,5,2,3.8136,3.0,2.4576411454889016,"{10: 3, 12: 1, 9: 1, 15: 1, 4: 7, 3: 23, 1: 23, 2: 32, 7: 2, 6: 1, 5: 6}",-0.8072982537804587
194,barabasi_albert,100,150,5,2,3.9924,3.0,2.293468988235943,"{10: 1, 7: 5, 9: 1, 15: 1, 5: 10, 6: 4, 3: 18, 2: 28, 4: 5, 1: 27}",-0.8072982537804587
195,barabasi_albert,100,150,5,2,4.144,3.0,1.8814887722226779,"{7: 3, 9: 1, 8: 2, 10: 1, 5: 6, 4: 8, 1: 18, 2: 31, 6: 4, 3: 26}",-0.8072982537804587
196,barabasi_albert,100,150,5,2,3.8814,3.0,2.4899799195977463,"{9: 2, 14: 1, 16: 1, 6: 2, 2: 26, 8: 2, 7: 2, 3: 25, 1: 26, 4: 8, 5: 5}",-0.8072982537804587
197,barabasi_albert,100,150,5,2,3.8272,3.0,2.3874672772626644,"{17: 1, 9: 3, 8: 3, 7: 3, 3: 21, 2: 38, 4: 8, 1: 19, 5: 3, 6: 1}",-0.8072982537804587
198,barabasi_albert,100,150,5,2,3.8366,3.0,2.3366642891095846,"{11: 2, 7: 2, 12: 1, 8: 2, 4: 9, 2: 33, 5: 8, 1: 24, 9: 1, 3: 17, 10: 1}",-0.8072982537804587
199,barabasi_albert,100,150,5,2,3.853,3.0,2.3622023622035435,"{8: 2, 11: 2, 9: 2, 12: 1, 1: 28, 5: 5, 6: 5, 7: 1, 3: 20, 4: 7, 2: 27}",-0.8072982537804587
200,barabasi_albert,100,150,5,2,4.1336,3.0,1.9287301521985911,"{6: 5, 7: 3, 10: 1, 8: 2, 4: 10, 3: 25, 9: 1, 5: 5, 2: 26, 1: 22}",-0.8072982537804587
201,barabasi_albert,100,150,5,2,4.1396,3.0,2.083266665599966,"{8: 2, 7: 2, 11: 1, 10: 1, 5: 10, 3: 16, 9: 1, 2: 30, 4: 10, 6: 3, 1: 24}",-0.8072982537804587
202,barabasi_albert,100,150,5,2,3.841,3.0,2.240535650240808,"{10: 4, 12: 1, 11: 1, 2: 32, 5: 5, 6: 2, 3: 24, 4: 11, 1: 20}",-0.8072982537804587
203,barabasi_albert,100,150,5,2,3.867,3.0,2.2,"{12: 2, 11: 1, 8: 2, 6: 4, 7: 2, 3: 24, 5: 4, 2: 31, 1: 21, 4: 9}",-0.8072982537804587
204,barabasi_albert,100,150,5,2,3.9802,3.0,2.149418526020468,"{6: 3, 13: 1, 10: 2, 5: 5, 2: 31, 4: 14, 3: 18, 7: 3, 9: 1, 1: 22}",-0.8072982537804587
205,barabasi_albert,100,150,5,2,3.8934,3.0,2.349468024894146,"{8: 1, 6: 4, 16: 2, 3: 18, 4: 15, 5: 7, 1: 19, 2: 34}",-0.8072982537804587
206,barabasi_albert,100,150,5,2,3.798,3.0,2.4698178070456938,"{9: 3, 5: 10, 14: 1, 13: 1, 12: 1, 4: 12, 2: 27, 3: 16, 1: 28, 6: 1}",-0.8072982537804587
207,barabasi_albert,100,150,5,2,3.8014,3.0,2.3108440016582685,"{9: 2, 18: 1, 7: 2, 8: 2, 2: 32, 3: 26, 6: 2, 5: 5, 4: 9, 1: 19}",-0.8072982537804587
208,barabasi_albert,100,150,5,2,3.791,3.0,2.4041630560342617,"{10: 2, 13: 1, 14: 1, 6: 4, 9: 1, 4: 14, 3: 21, 2: 28, 7: 1, 8: 1, 1: 25, 5: 1}",-0.8072982537804587
209,barabasi_albert,100,150,5,2,4.0256,3.0,2.0591260281974,"{10: 3, 9: 1, 7: 3, 5: 6, 6: 4, 2: 26, 3: 22, 4: 11, 1: 24}",-0.8072982537804587
210,barabasi_albert,100,150,5,2,3.9382,3.0,2.1213203435596424,"{8: 2, 7: 2, 9: 2, 11: 1, 6: 5, 3: 15, 5: 10, 4: 9, 2: 26, 1: 28}",-0.8072982537804587
211,barabasi_albert,100,150,5,2,3.9166,3.0,2.195449840010015,"{8: 5, 6: 5, 10: 1, 11: 1, 1: 24, 2: 31, 9: 1, 3: 20, 5: 3, 7: 1, 4: 8}",-0.8072982537804587
212,barabasi_albert,100,150,5,2,3.9528,3.0,2.2045407685048604,"{7: 4, 11: 2, 6: 6, 12: 1, 2: 31, 4: 8, 3: 18, 5: 6, 1: 24}",-0.8072982537804587
213,barabasi_albert,100,150,5,2,3.8536,3.0,2.1260291625469296,"{8: 3, 9: 3, 13: 1, 5: 8, 3: 22, 2: 29, 6: 1, 4: 11, 1: 22}",-0.8072982537804587
214,barabasi_albert,100,150,5,2,3.9014,3.0,2.1213203435596424,"{13: 1, 8: 3, 9: 2, 7: 3, 2: 30, 5: 3, 4: 11, 3: 24, 6: 2, 1: 21}",-0.8072982537804587
215,barabasi_albert,100,150,5,2,3.976,3.0,2.04939015319192,"{9: 2, 4: 10, 13: 1, 8: 2, 3: 24, 2: 27, 6: 5, 5: 7, 1: 22}",-0.8072982537804587
216,barabasi_albert,100,150,5,2,3.9774,3.0,2.1071307505705477,"{7: 2, 8: 1, 9: 1, 16: 1, 5: 10, 2: 34, 3: 21, 6: 3, 1: 18, 4: 9}",-0.8072982537804587
217,barabasi_albert,100,150,5,2,4.0578,3.0,2.1908902300206643,"{11: 1, 5: 10, 15: 1, 12: 1, 7: 1, 6: 2, 3: 21, 4: 11, 2: 34, 1: 18}",-0.8072982537804587
218,barabasi_albert,100,150,5,2,4.058,3.0,2.083266665599966,"{9: 2, 7: 3, 10: 1, 8: 1, 4: 11, 11: 1, 5: 5, 2: 30, 3: 21, 1: 22, 6: 3}",-0.8072982537804587
219,barabasi_albert,100,150,5,2,3.8546,3.0,2.293468988235943,"{11: 1, 13: 1, 12: 1, 10: 1, 8: 1, 5: 6, 4: 8, 7: 1, 1: 24, 3: 25, 2: 27, 6: 4}",-0.8072982537804587
220,barabasi_albert,100,150,5,2,3.917,3.0,2.23159136044214,"{8: 5, 14: 1, 10: 1, 3: 21, 4: 14, 5: 7, 2: 20, 1: 29, 6: 1, 7: 1}",-0.8072982537804587
221,barabasi_albert,100,150,5,2,3.9072,3.0,2.227105745132009,"{10: 2, 11: 2, 12: 1, 7: 1, 2: 34, 5: 5, 4: 17, 6: 2, 3: 15, 1: 21}",-0.8072982537804587
222,barabasi_albert,100,150,5,2,3.9226,3.0,2.2759613353482084,"{12: 1, 17: 1, 7: 3, 8: 1, 6: 4, 3: 30, 2: 26, 1: 21, 5: 3, 4: 10}",-0.8072982537804587
223,barabasi_albert,100,150,5,2,4.0732,3.0,1.8973665961010275,"{14: 1, 8: 1, 9: 1, 7: 2, 4: 15, 5: 7, 3: 26, 1: 16, 2: 30, 6: 1}",-0.8072982537804587
224,barabasi_albert,100,150,5,2,3.9032,3.0,2.092844953645635,"{10: 2, 11: 1, 12: 1, 5: 6, 4: 14, 1: 19, 6: 1, 8: 1, 3: 23, 2: 31, 7: 1}",-0.8072982537804587
225,barabasi_albert,100,150,5,2,3.96,3.0,2.2,"{9: 1, 8: 2, 13: 1, 4: 13, 3: 21, 11: 1, 5: 6, 1: 27, 2: 23, 6: 2, 7: 3}",-0.8072982537804587
226,barabasi_albert,100,150,5,2,3.993,3.0,2.149418526020468,"{8: 2, 9: 1, 11: 1, 10: 2, 6: 4, 3: 20, 2: 27, 5: 6, 4: 11, 7: 1, 1: 25}",-0.8072982537804587
227,barabasi_albert,100,150,5,2,3.9008,3.0,2.2,"{10: 3, 9: 1, 12: 1, 7: 2, 3: 30, 4: 11, 2: 17, 5: 3, 1: 28, 6: 4}",-0.8072982537804587
228,barabasi_albert,100,150,5,2,3.8492,3.0,2.4041630560342617,"{6: 4, 8: 2, 16: 1, 10: 1, 12: 1, 3: 15, 5: 10, 2: 25, 1: 29, 4: 12}",-0.8072982537804587
229,barabasi_albert,100,150,5,2,3.8844,3.0,2.186321110907545,"{7: 3, 11: 1, 13: 1, 12: 1, 2: 30, 5: 7, 6: 3, 3: 20, 4: 12, 1: 22}",-0.8072982537804587
230,barabasi_albert,100,150,5,2,3.7728,3.0,2.6981475126464085,"{11: 1, 10: 1, 9: 1, 7: 1, 23: 1, 4: 15, 2: 35, 3: 18, 5: 6, 6: 1, 1: 20}",-0.8072982537804587
231,barabasi_albert,100,150,5,2,3.8506,3.0,2.4,"{11: 1, 17: 1, 4: 8, 8: 2, 9: 1, 3: 22, 6: 5, 5: 7, 2: 25, 7: 1, 1: 27}",-0.8072982537804587
232,barabasi_albert,100,150,5,2,4.0458,3.0,2.1587033144922905,"{13: 1, 9: 1, 6: 5, 10: 1, 7: 4, 3: 15, 4: 12, 5: 7, 2: 28, 1: 26}",-0.8072982537804587
233,barabasi_albert,100,150,5,2,4.0502,3.0,1.944222209522358,"{5: 6, 7: 6, 12: 1, 8: 1, 2: 29, 1: 21, 6: 3, 4: 12, 3: 21}",-0.8072982537804587
234,barabasi_albert,100,150,5,2,3.986,3.0,2.186321110907545,"{8: 4, 6: 8, 7: 2, 14: 1, 3: 19, 4: 10, 2: 27, 5: 3, 1: 26}",-0.8072982537804587
235,barabasi_albert,100,150,5,2,4.1058,3.0,1.9544820285692064,"{9: 1, 8: 3, 5: 9, 11: 1, 7: 2, 3: 19, 4: 14, 2: 28, 1: 22, 6: 1}",-0.8072982537804587
236,barabasi_albert,100,150,5,2,3.7734,3.0,2.5806975801127883,"{6: 6, 11: 1, 13: 1, 12: 1, 15: 1, 3: 25, 2: 22, 9: 1, 4: 8, 1: 30, 5: 3, 8: 1}",-0.8072982537804587
237,barabasi_albert,100,150,5,2,3.969,3.0,2.186321110907545,"{11: 1, 7: 3, 12: 1, 8: 2, 9: 1, 6: 5, 2: 26, 4: 12, 5: 3, 1: 26, 3: 20}",-0.8072982537804587
238,barabasi_albert,100,150,5,2,3.9798,3.0,2.1447610589527217,"{8: 4, 7: 4, 13: 1, 4: 12, 5: 4, 3: 22, 2: 27, 9: 1, 1: 24, 6: 1}",-0.8072982537804587
239,barabasi_albert,100,150,5,2,3.8766,3.0,2.227105745132009,"{13: 2, 9: 1, 10: 1, 7: 3, 5: 6, 1: 22, 4: 13, 6: 1, 3: 22, 2: 29}",-0.8072982537804587
240,barabasi_albert,100,150,5,2,4.0402,3.0,1.9390719429665315,"{12: 1, 7: 4, 8: 3, 6: 2, 5: 4, 3: 27, 2: 25, 4: 13, 1: 21}",-0.8072982537804587
241,barabasi_albert,100,150,5,2,4.3108,3.0,1.697056274847714,"{5: 7, 9: 3, 6: 2, 3: 32, 1: 16, 4: 12, 2: 26, 7: 2}",-0.8072982537804587
242,barabasi_albert,100,150,5,2,3.8698,3.0,2.453568829277059,"{9: 1, 20: 1, 6: 3, 7: 1, 11: 1, 3: 22, 5: 9, 4: 12, 1: 24, 2: 26}",-0.8072982537804587
243,barabasi_albert,100,150,5,2,4.0026,3.0,2.1633307652783933,"{9: 1, 7: 3, 11: 1, 8: 1, 4: 9, 6: 5, 5: 5, 3: 22, 2: 29, 13: 1, 1: 23}",-0.8072982537804587
244,barabasi_albert,100,150,5,2,4.033,3.0,2.222611077089287,"{6: 3, 12: 1, 5: 4, 13: 1, 9: 2, 4: 15, 7: 2, 3: 20, 1: 25, 2: 26, 8: 1}",-0.8072982537804587
245,barabasi_albert,100,150,5,2,3.9952,3.0,2.258317958127243,"{9: 1, 8: 1, 14: 1, 7: 4, 11: 1, 5: 5, 2: 28, 3: 17, 6: 4, 4: 12, 1: 26}",-0.8072982537804587
246,barabasi_albert,100,150,5,2,4.0542,3.0,2.1447610589527217,"{14: 1, 8: 1, 7: 2, 10: 2, 6: 4, 3: 26, 5: 4, 2: 23, 4: 13, 1: 24}",-0.8072982537804587
247,barabasi_albert,100,150,5,2,4.0812,3.0,2.0591260281974,"{6: 8, 7: 2, 4: 7, 14: 1, 9: 1, 3: 24, 2: 31, 8: 1, 5: 5, 1: 20}",-0.8072982537804587
248,barabasi_albert,100,150,5,2,3.6024,3.0,2.939387691339814,"{9: 1, 23: 1, 5: 6, 16: 1, 6: 5, 1: 27, 10: 1, 2: 26, 4: 7, 3: 25}",-0.8072982537804587
249,barabasi_albert,100,150,5,2,4.0256,3.0,2.06881608655772,"{9: 3, 7: 3, 5: 5, 6: 3, 3: 17, 2: 30, 11: 1, 8: 1, 1: 23, 4: 14}",-0.8072982537804587
250,barabasi_albert,100,150,5,2,3.8494,3.0,2.2181073012818833,"{11: 1, 8: 3, 9: 1, 15: 1, 6: 3, 1: 23, 3: 23, 4: 16, 2: 26, 5: 3}",-0.8072982537804587
251,barabasi_albert,100,150,5,2,3.9716,3.0,2.1118712081942874,"{5: 9, 15: 1, 11: 1, 6: 2, 7: 2, 3: 20, 8: 1, 4: 14, 2: 29, 1: 21}",-0.8072982537804587
252,barabasi_albert,100,150,5,2,4.0102,3.0,2.009975124224178,"{6: 2, 11: 2, 9: 1, 10: 1, 7: 1, 3: 29, 4: 13, 1: 19, 2: 27, 8: 1, 5: 4}",-0.8072982537804587
253,barabasi_albert,100,150,5,2,3.9826,3.0,2.2135943621178655,"{9: 2, 10: 2, 12: 1, 7: 4, 6: 3, 2: 34, 4: 10, 1: 22, 3: 18, 5: 4}",-0.8072982537804587
254,barabasi_albert,100,150,5,2,4.0336,3.0,2.1447610589527217,"{10: 2, 12: 1, 11: 1, 4: 14, 3: 17, 7: 3, 2: 36, 5: 4, 1: 19, 6: 3}",-0.8072982537804587
255,barabasi_albert,100,150,5,2,3.6126,3.0,2.7640549922170505,"{8: 1, 6: 5, 9: 2, 13: 1, 22: 1, 5: 4, 2: 35, 3: 22, 7: 1, 4: 6, 1: 22}",-0.8072982537804587
256,barabasi_albert,100,150,5,2,3.7548,3.0,2.477902338672773,"{7: 1, 9: 1, 16: 1, 5: 7, 13: 1, 2: 29, 8: 4, 4: 10, 3: 17, 6: 2, 1: 27}",-0.8072982537804587
257,barabasi_albert,100,150,5,2,4.0384,3.0,2.083266665599966,"{6: 3, 10: 1, 8: 3, 7: 1, 13: 1, 5: 3, 4: 11, 9: 1, 1: 20, 3: 28, 2: 28}",-0.8072982537804587
258,barabasi_albert,100,150,5,2,3.7138,3.0,2.5179356624028344,"{7: 1, 19: 1, 8: 1, 10: 1, 5: 3, 4: 17, 3: 17, 2: 31, 13: 1, 1: 23, 6: 4}",-0.8072982537804587
259,barabasi_albert,100,150,5,2,4.057,3.0,1.969771560359221,"{10: 2, 9: 2, 7: 1, 6: 3, 3: 22, 2: 34, 4: 15, 1: 17, 8: 2, 5: 2}",-0.8072982537804587
260,barabasi_albert,100,150,5,2,4.04,3.0,2.1023796041628637,"{8: 2, 9: 2, 11: 1, 10: 1, 5: 6, 7: 2, 1: 23, 2: 29, 6: 2, 3: 20, 4: 12}",-0.8072982537804587
261,barabasi_albert,100,150,5,2,3.8702,3.0,2.2,"{6: 3, 12: 2, 8: 2, 7: 1, 10: 1, 5: 10, 3: 16, 2: 29, 4: 11, 1: 25}",-0.8072982537804587
262,barabasi_albert,100,150,5,2,3.8804,3.0,2.195449840010015,"{6: 5, 10: 2, 15: 1, 3: 25, 5: 6, 9: 1, 2: 31, 4: 8, 7: 1, 1: 20}",-0.8072982537804587
263,barabasi_albert,100,150,5,2,3.9642,3.0,2.181742422927143,"{8: 1, 10: 1, 6: 2, 15: 1, 11: 1, 4: 11, 5: 3, 3: 31, 2: 29, 9: 1, 7: 1, 1: 18}",-0.8072982537804587
264,barabasi_albert,100,150,5,2,3.799,3.0,2.2847319317591723,"{11: 1, 12: 1, 10: 1, 8: 1, 9: 2, 5: 3, 6: 7, 3: 21, 4: 8, 2: 28, 1: 26, 7: 1}",-0.8072982537804587
265,barabasi_albert,100,150,5,2,3.9268,3.0,2.240535650240808,"{10: 2, 12: 1, 8: 1, 7: 3, 6: 4, 5: 6, 1: 29, 3: 15, 4: 13, 2: 25, 9: 1}",-0.8072982537804587
266,barabasi_albert,100,150,5,2,3.953,3.0,2.244994432064365,"{12: 2, 6: 4, 8: 3, 11: 1, 3: 16, 5: 7, 4: 12, 2: 31, 1: 24}",-0.8072982537804587
267,barabasi_albert,100,150,5,2,3.924,3.0,2.1587033144922905,"{9: 3, 13: 1, 11: 1, 6: 5, 4: 14, 2: 27, 5: 4, 3: 22, 1: 23}",-0.8072982537804587
268,barabasi_albert,100,150,5,2,3.7292,3.0,2.6,"{12: 2, 17: 1, 11: 2, 5: 2, 3: 29, 6: 2, 1: 24, 2: 27, 4: 9, 7: 2}",-0.8072982537804587
269,barabasi_albert,100,150,5,2,4.0828,3.0,2.0542638584174138,"{12: 1, 8: 2, 11: 1, 9: 1, 5: 9, 7: 1, 4: 12, 3: 16, 1: 18, 6: 2, 2: 37}",-0.8072982537804587
270,barabasi_albert,100,150,5,2,4.0256,3.0,2.1540659228538015,"{9: 2, 8: 3, 6: 5, 11: 1, 4: 12, 3: 22, 1: 27, 5: 4, 2: 23, 10: 1}",-0.8072982537804587
271,barabasi_albert,100,150,5,2,3.8466,3.0,2.2045407685048604,"{16: 1, 6: 3, 9: 2, 8: 1, 7: 2, 3: 26, 5: 7, 4: 11, 1: 25, 2: 22}",-0.8072982537804587
272,barabasi_albert,100,150,5,2,3.7766,3.0,2.4738633753705965,"{14: 2, 11: 1, 10: 1, 6: 4, 2: 27, 3: 23, 9: 1, 5: 3, 1: 26, 7: 2, 4: 10}",-0.8072982537804587
273,barabasi_albert,100,150,5,2,3.9596,3.0,2.2847319317591723,"{12: 1, 9: 2, 6: 4, 13: 1, 8: 2, 2: 23, 7: 2, 4: 12, 3: 24, 5: 2, 1: 27}",-0.8072982537804587
274,barabasi_albert,100,150,5,2,4.068,3.0,2.0542638584174138,"{7: 3, 8: 4, 6: 4, 12: 1, 5: 6, 2: 30, 3: 18, 4: 11, 1: 23}",-0.8072982537804587
275,barabasi_albert,100,150,5,2,3.7908,3.0,2.253885533916929,"{8: 2, 7: 1, 15: 1, 12: 1, 6: 4, 5: 4, 3: 24, 1: 18, 4: 9, 2: 35, 10: 1}",-0.8072982537804587
276,barabasi_albert,100,150,5,2,3.809,3.0,2.4657656011875906,"{18: 1, 14: 1, 7: 2, 9: 1, 4: 16, 2: 31, 3: 19, 5: 4, 8: 1, 1: 22, 6: 2}",-0.8072982537804587
277,barabasi_albert,100,150,5,2,4.0326,3.0,2.092844953645635,"{10: 1, 9: 2, 11: 1, 6: 5, 8: 2, 2: 27, 4: 11, 7: 1, 3: 24, 1: 23, 5: 3}",-0.8072982537804587
278,barabasi_albert,100,150,5,2,3.8502,3.0,2.4083189157584592,"{10: 2, 8: 2, 16: 1, 7: 4, 9: 1, 4: 11, 5: 3, 2: 27, 3: 22, 1: 26, 6: 1}",-0.8072982537804587
279,barabasi_albert,100,150,5,2,3.8688,3.0,2.16794833886788,"{4: 9, 8: 3, 11: 1, 7: 1, 14: 1, 3: 21, 6: 5, 5: 6, 2: 32, 1: 21}",-0.8072982537804587
280,barabasi_albert,100,150,5,2,4.0064,3.0,1.9287301521985911,"{12: 1, 9: 1, 7: 3, 5: 5, 8: 1, 3: 26, 4: 7, 6: 6, 2: 33, 1: 17}",-0.8072982537804587
281,barabasi_albert,100,150,5,2,3.9696,3.0,2.1587033144922905,"{17: 1, 8: 1, 5: 8, 7: 4, 4: 8, 3: 20, 2: 37, 6: 4, 1: 17}",-0.8072982537804587
282,barabasi_albert,100,150,5,2,3.7328,3.0,2.5019992006393608,"{10: 2, 8: 2, 16: 1, 11: 1, 5: 10, 4: 11, 7: 1, 9: 1, 1: 28, 3: 13, 2: 30}",-0.8072982537804587
283,barabasi_albert,100,150,5,2,3.8336,3.0,2.3664319132398464,"{8: 1, 12: 1, 14: 1, 7: 3, 13: 1, 4: 20, 6: 3, 1: 25, 3: 13, 5: 2, 2: 30}",-0.8072982537804587
284,barabasi_albert,100,150,5,2,3.922,3.0,2.3916521486202797,"{17: 1, 8: 1, 11: 2, 9: 1, 3: 21, 5: 4, 4: 14, 2: 29, 6: 4, 1: 23}",-0.8072982537804587
285,barabasi_albert,100,150,5,2,3.898,3.0,2.209072203437452,"{9: 2, 13: 1, 6: 4, 10: 2, 4: 11, 2: 27, 5: 7, 1: 25, 3: 20, 7: 1}",-0.8072982537804587
286,barabasi_albert,100,150,5,2,4.045,3.0,2.2,"{9: 1, 5: 6, 6: 4, 15: 1, 12: 1, 2: 29, 4: 14, 3: 20, 7: 2, 1: 22}",-0.8072982537804587
287,barabasi_albert,100,150,5,2,4.0332,3.0,2.04939015319192,"{7: 5, 8: 3, 13: 1, 6: 4, 1: 19, 4: 8, 3: 24, 5: 3, 2: 33}",-0.8072982537804587
288,barabasi_albert,100,150,5,2,4.016,3.0,2.130727575266252,"{14: 1, 9: 1, 8: 1, 12: 1, 5: 5, 2: 25, 3: 25, 7: 1, 6: 3, 4: 15, 1: 22}",-0.8072982537804587
289,barabasi_albert,100,150,5,2,4.1646,3.0,2.1354156504062622,"{13: 1, 4: 13, 7: 3, 9: 3, 10: 1, 5: 4, 3: 24, 6: 1, 2: 29, 1: 21}",-0.8072982537804587
290,barabasi_albert,100,150,5,2,4.1436,3.0,1.9493588689617927,"{10: 1, 6: 6, 8: 1, 11: 1, 9: 1, 3: 25, 4: 11, 2: 25, 5: 7, 1: 22}",-0.8072982537804587
291,barabasi_albert,100,150,5,2,4.124,3.0,2.073644135332772,"{7: 2, 8: 3, 12: 1, 6: 5, 5: 5, 4: 13, 2: 24, 9: 1, 1: 26, 3: 20}",-0.8072982537804587
292,barabasi_albert,100,150,5,2,4.0138,3.0,2.0542638584174138,"{6: 1, 8: 3, 12: 1, 10: 1, 5: 7, 9: 1, 2: 27, 3: 23, 4: 13, 1: 22, 7: 1}",-0.8072982537804587
293,barabasi_albert,100,150,5,2,3.7766,3.0,2.3706539182259396,"{16: 1, 10: 2, 11: 1, 5: 10, 3: 20, 2: 31, 8: 2, 4: 9, 1: 23, 6: 1}",-0.8072982537804587
294,barabasi_albert,100,150,5,2,3.757,3.0,2.8,"{23: 1, 6: 2, 12: 1, 7: 2, 10: 1, 3: 17, 2: 27, 4: 17, 1: 27, 9: 1, 5: 4}",-0.8072982537804587
295,barabasi_albert,100,150,5,2,4.0404,3.0,2.004993765576342,"{7: 3, 10: 2, 9: 2, 3: 24, 4: 13, 8: 1, 5: 4, 2: 28, 6: 2, 1: 21}",-0.8072982537804587
296,barabasi_albert,100,150,5,2,3.9132,3.0,2.2847319317591723,"{11: 2, 14: 1, 6: 2, 10: 1, 4: 17, 7: 3, 2: 29, 5: 4, 3: 17, 1: 24}",-0.8072982537804587
297,barabasi_albert,100,150,5,2,4.1502,3.0,1.9390719429665315,"{6: 4, 7: 5, 10: 1, 9: 2, 2: 28, 5: 4, 4: 11, 3: 24, 1: 21}",-0.8072982537804587
298,barabasi_albert,100,150,5,2,4.0594,3.0,1.9798989873223332,"{5: 5, 4: 12, 10: 2, 7: 4, 6: 3, 3: 23, 11: 1, 2: 31, 1: 19}",-0.8072982537804587
299,barabasi_albert,100,150,5,2,3.8546,3.0,2.2759613353482084,"{15: 1, 13: 1, 6: 3, 9: 2, 5: 11, 3: 20, 2: 29, 1: 23, 4: 10}",-0.8072982537804587
300,barabasi_albert,100,150,5,2,3.9726,3.0,2.2759613353482084,"{13: 1, 12: 1, 5: 5, 7: 3, 8: 1, 3: 22, 1: 26, 9: 1, 4: 12, 2: 25, 6: 2, 10: 1}",-0.8072982537804587
301,barabasi_albert,100,150,5,2,3.7528,3.0,2.3622023622035435,"{13: 1, 8: 1, 10: 2, 14: 1, 1: 25, 4: 10, 5: 10, 6: 2, 2: 30, 3: 17, 7: 1}",-0.8072982537804587
302,barabasi_albert,100,150,5,2,3.625,3.0,2.8,"{16: 1, 14: 1, 17: 1, 5: 2, 7: 3, 2: 27, 3: 25, 6: 4, 8: 1, 1: 28, 4: 6, 9: 1}",-0.8072982537804587
303,barabasi_albert,100,150,5,2,3.8616,3.0,2.1587033144922905,"{7: 2, 9: 1, 10: 2, 6: 2, 13: 1, 8: 2, 3: 24, 5: 5, 1: 17, 2: 37, 4: 7}",-0.8072982537804587
304,barabasi_albert,100,150,5,2,3.9586,3.0,2.2,"{9: 1, 8: 3, 14: 1, 13: 1, 1: 23, 4: 14, 6: 1, 3: 31, 5: 4, 2: 21}",-0.8072982537804587
305,barabasi_albert,100,150,5,2,3.9412,3.0,2.2,"{10: 1, 5: 5, 9: 1, 7: 3, 16: 1, 3: 19, 4: 13, 6: 4, 2: 33, 1: 20}",-0.8072982537804587
306,barabasi_albert,100,150,5,2,3.9626,3.0,2.244994432064365,"{14: 1, 8: 3, 6: 2, 12: 1, 11: 1, 3: 28, 4: 13, 1: 23, 2: 24, 5: 4}",-0.8072982537804587
307,barabasi_albert,100,150,5,2,3.8554,3.0,2.5806975801127883,"{7: 2, 14: 1, 13: 2, 12: 1, 1: 23, 3: 19, 2: 34, 11: 1, 6: 2, 4: 12, 5: 3}",-0.8072982537804587
308,barabasi_albert,100,150,5,2,4.1784,3.0,1.9798989873223332,"{7: 3, 10: 1, 5: 5, 9: 1, 12: 1, 4: 13, 3: 23, 2: 29, 6: 4, 1: 20}",-0.8072982537804587
309,barabasi_albert,100,150,5,2,4.0774,3.0,2.4083189157584592,"{13: 1, 17: 1, 4: 11, 6: 4, 10: 1, 8: 1, 5: 6, 2: 27, 3: 23, 1: 24, 7: 1}",-0.8072982537804587
310,barabasi_albert,100,150,5,2,4.1824,3.0,2.181742422927143,"{11: 1, 10: 1, 13: 1, 8: 3, 3: 19, 4: 15, 5: 4, 2: 32, 7: 2, 6: 1, 1: 21}",-0.8072982537804587
311,barabasi_albert,100,150,5,2,3.7892,3.0,2.2181073012818833,"{11: 1, 8: 4, 10: 1, 14: 1, 6: 4, 2: 31, 3: 30, 5: 2, 1: 19, 4: 7}",-0.8072982537804587
312,barabasi_albert,100,150,5,2,3.8858,3.0,2.32379000772445,"{15: 1, 13: 1, 8: 1, 7: 2, 10: 1, 6: 3, 3: 24, 4: 14, 2: 21, 5: 5, 1: 27}",-0.8072982537804587
313,barabasi_albert,100,150,5,2,3.8688,3.0,2.3108440016582685,"{7: 2, 9: 4, 15: 1, 3: 22, 2: 30, 6: 4, 5: 5, 8: 1, 1: 24, 4: 7}",-0.8072982537804587
314,barabasi_albert,100,150,5,2,3.7968,3.0,2.340939982143925,"{9: 3, 18: 1, 6: 2, 3: 26, 4: 7, 2: 33, 5: 6, 8: 1, 7: 2, 1: 19}",-0.8072982537804587
315,barabasi_albert,100,150,5,2,4.1494,3.0,1.9949937343260002,"{8: 1, 14: 1, 9: 1, 5: 2, 7: 3, 2: 30, 4: 13, 1: 18, 6: 5, 3: 26}",-0.8072982537804587
316,barabasi_albert,100,150,5,2,3.9964,3.0,2.04939015319192,"{12: 1, 10: 1, 8: 1, 6: 2, 13: 1, 5: 4, 4: 15, 3: 28, 7: 1, 2: 28, 1: 18}",-0.8072982537804587
317,barabasi_albert,100,150,5,2,3.8008,3.0,2.2847319317591723,"{11: 1, 10: 2, 7: 5, 14: 1, 3: 18, 2: 35, 4: 11, 1: 21, 5: 5, 6: 1}",-0.8072982537804587
318,barabasi_albert,100,150,5,2,4.011,3.0,2.004993765576342,"{8: 2, 10: 2, 9: 1, 6: 4, 4: 7, 2: 35, 5: 8, 7: 2, 1: 19, 3: 20}",-0.8072982537804587
319,barabasi_albert,100,150,5,2,3.7044,3.0,2.4576411454889016,"{10: 2, 8: 3, 16: 1, 7: 2, 9: 1, 4: 7, 1: 26, 3: 19, 2: 31, 5: 4, 6: 4}",-0.8072982537804587
320,barabasi_albert,100,150,5,2,3.9944,3.0,2.177154105707724,"{9: 3, 7: 1, 14: 1, 1: 24, 4: 11, 8: 1, 3: 18, 5: 8, 2: 29, 6: 4}",-0.8072982537804587
321,barabasi_albert,100,150,5,2,3.9846,3.0,2.078460969082653,"{9: 1, 8: 2, 12: 2, 7: 1, 2: 38, 5: 8, 4: 12, 3: 17, 6: 2, 1: 17}",-0.8072982537804587
322,barabasi_albert,100,150,5,2,4.063,3.0,2.0248456731316584,"{8: 2, 9: 1, 6: 5, 11: 1, 4: 10, 7: 4, 3: 20, 5: 5, 2: 29, 1: 23}",-0.8072982537804587
323,barabasi_albert,100,150,5,2,3.9938,3.0,2.2494443758403984,"{11: 1, 6: 4, 14: 1, 8: 3, 10: 1, 5: 7, 3: 28, 2: 22, 1: 26, 4: 7}",-0.8072982537804587
324,barabasi_albert,100,150,5,2,3.7778,3.0,2.3366642891095846,"{6: 4, 8: 4, 11: 1, 15: 1, 3: 19, 9: 1, 4: 10, 2: 28, 5: 6, 1: 26}",-0.8072982537804587
325,barabasi_albert,100,150,5,2,4.1238,3.0,2.0,"{8: 3, 10: 1, 7: 2, 12: 1, 2: 29, 3: 25, 5: 9, 1: 20, 4: 9, 6: 1}",-0.8072982537804587
326,barabasi_albert,100,150,5,2,3.9006,3.0,2.262741699796952,"{11: 1, 9: 2, 7: 2, 10: 2, 3: 19, 2: 22, 4: 12, 8: 2, 6: 2, 1: 30, 5: 6}",-0.8072982537804587
327,barabasi_albert,100,150,5,2,3.9144,3.0,2.195449840010015,"{10: 4, 8: 3, 4: 11, 1: 28, 3: 17, 5: 9, 6: 3, 2: 25}",-0.8072982537804587
328,barabasi_albert,100,150,5,2,3.8644,3.0,2.584569596664017,"{16: 1, 4: 13, 7: 1, 8: 2, 18: 1, 5: 7, 3: 15, 6: 4, 1: 25, 2: 31}",-0.8072982537804587
329,barabasi_albert,100,150,5,2,3.995,3.0,2.083266665599966,"{8: 2, 5: 9, 13: 1, 9: 1, 2: 32, 1: 21, 10: 1, 7: 1, 3: 17, 4: 13, 6: 2}",-0.8072982537804587
330,barabasi_albert,100,150,5,2,4.0372,3.0,2.039607805437114,"{9: 3, 11: 1, 7: 1, 5: 8, 6: 6, 4: 14, 3: 14, 1: 25, 2: 28}",-0.8072982537804587
331,barabasi_albert,100,150,5,2,3.8506,3.0,2.1633307652783933,"{5: 5, 6: 4, 13: 2, 8: 1, 9: 1, 4: 7, 2: 24, 1: 22, 3: 32, 7: 2}",-0.8072982537804587
332,barabasi_albert,100,150,5,2,4.0926,3.0,2.3065125189341593,"{9: 2, 17: 1, 6: 3, 7: 3, 8: 1, 5: 6, 2: 24, 3: 22, 4: 12, 1: 26}",-0.8072982537804587
333,barabasi_albert,100,150,5,2,4.1284,3.0,1.8275666882497066,"{7: 2, 6: 3, 8: 2, 5: 9, 12: 1, 4: 10, 2: 30, 3: 26, 1: 17}",-0.8072982537804587
334,barabasi_albert,100,150,5,2,4.1366,3.0,1.9078784028338913,"{6: 6, 7: 2, 14: 1, 5: 5, 4: 14, 2: 34, 8: 1, 3: 21, 1: 16}",-0.8072982537804587
335,barabasi_albert,100,150,5,2,3.6868,3.0,2.694438717061496,"{12: 1, 22: 1, 10: 1, 4: 14, 6: 6, 2: 26, 3: 21, 5: 3, 8: 1, 1: 26}",-0.8072982537804587
336,barabasi_albert,100,150,5,2,3.7874,3.0,2.4,"{13: 1, 7: 3, 9: 1, 8: 2, 12: 2, 5: 8, 1: 24, 4: 8, 6: 1, 3: 15, 2: 35}",-0.8072982537804587
337,barabasi_albert,100,150,5,2,3.922,3.0,2.262741699796952,"{8: 3, 12: 2, 9: 1, 4: 12, 3: 17, 6: 3, 7: 4, 2: 32, 5: 2, 1: 24}",-0.8072982537804587
338,barabasi_albert,100,150,5,2,3.9752,3.0,2.0591260281974,"{10: 1, 7: 3, 8: 1, 13: 1, 2: 29, 4: 12, 5: 8, 9: 1, 3: 22, 1: 21, 6: 1}",-0.8072982537804587
339,barabasi_albert,100,150,5,2,3.894,3.0,2.2494443758403984,"{11: 2, 9: 2, 7: 2, 12: 1, 4: 16, 2: 27, 3: 19, 5: 4, 1: 25, 6: 1, 8: 1}",-0.8072982537804587
340,barabasi_albert,100,150,5,2,3.7774,3.0,2.2847319317591723,"{8: 1, 10: 1, 5: 6, 11: 2, 6: 4, 4: 8, 14: 1, 7: 1, 1: 20, 2: 35, 3: 21}",-0.8072982537804587
341,barabasi_albert,100,150,5,2,4.0004,3.0,1.96468827043885,"{7: 5, 9: 2, 10: 1, 4: 11, 3: 25, 6: 5, 5: 3, 1: 23, 2: 25}",-0.8072982537804587
342,barabasi_albert,100,150,5,2,3.7616,3.0,2.4698178070456938,"{13: 2, 8: 1, 10: 1, 14: 1, 5: 6, 2: 33, 3: 23, 9: 1, 1: 22, 4: 7, 6: 3}",-0.8072982537804587
343,barabasi_albert,100,150,5,2,4.1242,3.0,1.9748417658131499,"{10: 2, 7: 4, 6: 4, 8: 1, 5: 8, 4: 11, 1: 25, 3: 21, 2: 24}",-0.8072982537804587
344,barabasi_albert,100,150,5,2,3.7998,3.0,2.2715633383201093,"{13: 1, 11: 1, 6: 4, 12: 1, 5: 4, 4: 11, 7: 5, 3: 20, 2: 28, 1: 25}",-0.8072982537804587
345,barabasi_albert,100,150,5,2,3.9672,3.0,2.08806130178211,"{11: 1, 6: 6, 12: 1, 9: 1, 3: 28, 2: 27, 1: 21, 5: 4, 10: 1, 4: 9, 7: 1}",-0.8072982537804587
346,barabasi_albert,100,150,5,2,4.0258,3.0,2.16794833886788,"{10: 2, 12: 1, 8: 2, 9: 1, 3: 21, 7: 2, 2: 31, 4: 11, 5: 4, 1: 22, 6: 3}",-0.8072982537804587
347,barabasi_albert,100,150,5,2,3.9342,3.0,2.1540659228538015,"{8: 2, 12: 2, 7: 5, 4: 11, 2: 35, 6: 2, 3: 16, 5: 6, 1: 21}",-0.8072982537804587
348,barabasi_albert,100,150,5,2,4.0952,3.0,2.0,"{10: 2, 8: 2, 7: 5, 3: 16, 1: 21, 5: 6, 4: 13, 2: 33, 6: 2}",-0.8072982537804587
349,barabasi_albert,100,150,5,2,3.9132,3.0,2.209072203437452,"{11: 2, 12: 2, 9: 1, 4: 9, 2: 31, 3: 27, 1: 19, 6: 2, 5: 7}",-0.8072982537804587
350,barabasi_albert,100,150,5,2,4.0018,3.0,2.0639767440550294,"{11: 2, 8: 5, 4: 13, 9: 1, 5: 3, 3: 23, 2: 35, 1: 17, 6: 1}",-0.8072982537804587
351,barabasi_albert,100,150,5,2,4.143,3.0,2.1633307652783933,"{8: 1, 9: 1, 14: 1, 11: 1, 5: 10, 4: 12, 6: 3, 3: 21, 1: 26, 2: 23, 7: 1}",-0.8072982537804587
352,barabasi_albert,100,150,5,2,3.9102,3.0,2.262741699796952,"{7: 2, 15: 1, 9: 1, 6: 3, 8: 1, 3: 27, 13: 1, 5: 8, 4: 5, 2: 31, 1: 20}",-0.8072982537804587
353,barabasi_albert,100,150,5,2,4.054,3.0,2.1587033144922905,"{11: 1, 12: 1, 9: 2, 10: 1, 6: 3, 2: 26, 1: 24, 3: 21, 4: 15, 7: 1, 5: 5}",-0.8072982537804587
354,barabasi_albert,100,150,5,2,3.9536,3.0,2.3065125189341593,"{14: 1, 4: 11, 13: 1, 5: 5, 10: 1, 3: 27, 6: 6, 8: 1, 2: 16, 1: 30, 7: 1}",-0.8072982537804587
355,barabasi_albert,100,150,5,2,3.9396,3.0,2.2715633383201093,"{8: 5, 6: 3, 11: 2, 3: 18, 5: 4, 2: 25, 9: 1, 4: 11, 1: 29, 7: 2}",-0.8072982537804587
356,barabasi_albert,100,150,5,2,3.9832,3.0,2.1260291625469296,"{6: 9, 9: 1, 16: 1, 4: 11, 5: 6, 3: 19, 2: 31, 1: 21, 7: 1}",-0.8072982537804587
357,barabasi_albert,100,150,5,2,3.9116,3.0,2.345207879911715,"{5: 6, 15: 1, 6: 4, 9: 1, 13: 1, 10: 1, 4: 13, 3: 18, 8: 1, 1: 23, 2: 31}",-0.8072982537804587
358,barabasi_albert,100,150,5,2,3.9068,3.0,2.1354156504062622,"{9: 1, 12: 1, 10: 2, 8: 1, 4: 18, 5: 6, 3: 17, 2: 23, 1: 27, 6: 3, 7: 1}",-0.8072982537804587
359,barabasi_albert,100,150,5,2,3.8404,3.0,2.3323807579381204,"{9: 2, 7: 1, 8: 1, 10: 2, 1: 26, 11: 2, 6: 5, 5: 5, 3: 20, 4: 6, 2: 30}",-0.8072982537804587
360,barabasi_albert,100,150,5,2,4.0032,3.0,2.227105745132009,"{12: 1, 10: 1, 6: 4, 15: 1, 5: 8, 4: 10, 9: 1, 1: 18, 2: 36, 3: 20}",-0.8072982537804587
361,barabasi_albert,100,150,5,2,3.9156,3.0,2.1587033144922905,"{12: 1, 8: 6, 9: 1, 5: 5, 1: 22, 2: 36, 4: 12, 6: 3, 3: 13, 7: 1}",-0.8072982537804587
362,barabasi_albert,100,150,5,2,3.8832,3.0,2.3579652245103193,"{6: 5, 17: 1, 8: 2, 10: 1, 7: 4, 2: 24, 4: 12, 3: 22, 1: 27, 5: 2}",-0.8072982537804587
363,barabasi_albert,100,150,5,2,3.8842,3.0,2.4248711305964283,"{6: 3, 9: 2, 7: 1, 13: 1, 15: 1, 5: 9, 1: 23, 2: 32, 3: 22, 11: 1, 4: 5}",-0.8072982537804587
364,barabasi_albert,100,150,5,2,4.1228,3.0,2.1166010488516727,"{7: 3, 5: 9, 11: 2, 10: 1, 3: 16, 2: 27, 9: 1, 4: 15, 1: 25, 6: 1}",-0.8072982537804587
365,barabasi_albert,100,150,5,2,3.9078,3.0,2.227105745132009,"{10: 1, 11: 2, 7: 2, 13: 1, 2: 33, 4: 12, 6: 2, 1: 22, 5: 9, 3: 16}",-0.8072982537804587
366,barabasi_albert,100,150,5,2,4.127,3.0,1.8973665961010275,"{10: 2, 4: 17, 9: 2, 5: 7, 3: 14, 1: 16, 2: 38, 6: 3, 7: 1}",-0.8072982537804587
367,barabasi_albert,100,150,5,2,3.79,3.0,2.3706539182259396,"{8: 2, 15: 2, 7: 1, 1: 24, 5: 8, 3: 26, 4: 10, 2: 25, 9: 1, 6: 1}",-0.8072982537804587
368,barabasi_albert,100,150,5,2,3.9332,3.0,2.0591260281974,"{11: 2, 8: 1, 9: 2, 7: 3, 3: 24, 5: 7, 6: 1, 2: 34, 1: 18, 4: 8}",-0.8072982537804587
369,barabasi_albert,100,150,5,2,3.944,3.0,2.004993765576342,"{6: 4, 9: 2, 5: 8, 14: 1, 2: 29, 3: 25, 8: 1, 4: 11, 1: 19}",-0.8072982537804587
370,barabasi_albert,100,150,5,2,4.0852,3.0,2.4248711305964283,"{7: 2, 8: 3, 11: 2, 18: 1, 4: 9, 5: 2, 2: 38, 3: 26, 1: 16, 6: 1}",-0.8072982537804587
371,barabasi_albert,100,150,5,2,3.8296,3.0,2.328089345364563,"{8: 1, 5: 4, 10: 2, 11: 1, 9: 1, 13: 1, 4: 14, 3: 18, 2: 28, 7: 3, 1: 26, 6: 1}",-0.8072982537804587
372,barabasi_albert,100,150,5,2,3.6826,3.0,2.545584412271571,"{8: 1, 14: 1, 9: 1, 15: 1, 12: 1, 3: 23, 5: 2, 4: 12, 2: 20, 1: 31, 6: 5, 7: 2}",-0.8072982537804587
373,barabasi_albert,100,150,5,2,3.9312,3.0,2.340939982143925,"{13: 1, 7: 2, 10: 1, 17: 1, 2: 32, 4: 10, 5: 10, 1: 20, 3: 22, 6: 1}",-0.8072982537804587
374,barabasi_albert,100,150,5,2,3.7512,3.0,2.4166091947189146,"{11: 1, 5: 8, 17: 1, 7: 1, 6: 4, 2: 25, 4: 8, 8: 2, 1: 27, 3: 22, 10: 1}",-0.8072982537804587
375,barabasi_albert,100,150,5,2,4.1024,3.0,2.0,"{6: 5, 10: 1, 12: 1, 8: 1, 9: 1, 4: 14, 2: 26, 3: 23, 1: 22, 7: 1, 5: 5}",-0.8072982537804587
376,barabasi_albert,100,150,5,2,3.9446,3.0,2.1400934559032696,"{13: 1, 7: 1, 9: 2, 11: 1, 8: 1, 5: 9, 2: 32, 4: 11, 6: 2, 3: 19, 1: 21}",-0.8072982537804587
377,barabasi_albert,100,150,5,2,3.9288,3.0,2.0542638584174138,"{12: 1, 9: 2, 8: 2, 7: 4, 3: 26, 4: 12, 2: 23, 5: 6, 1: 24}",-0.8072982537804587
378,barabasi_albert,100,150,5,2,3.9182,3.0,2.1908902300206643,"{13: 1, 7: 3, 11: 2, 10: 1, 3: 26, 5: 4, 6: 2, 2: 30, 4: 11, 1: 20}",-0.8072982537804587
379,barabasi_albert,100,150,5,2,3.8462,3.0,2.1447610589527217,"{4: 8, 7: 4, 13: 1, 10: 1, 11: 1, 5: 8, 1: 21, 2: 32, 6: 3, 3: 21}",-0.8072982537804587
380,barabasi_albert,100,150,5,2,4.204,3.0,1.9235384061671346,"{11: 1, 9: 1, 7: 2, 10: 1, 8: 1, 5: 5, 3: 24, 2: 25, 4: 17, 1: 21, 6: 2}",-0.8072982537804587
381,barabasi_albert,100,150,5,2,3.8712,3.0,2.3790754506740637,"{8: 2, 15: 1, 14: 1, 10: 1, 6: 2, 7: 3, 4: 10, 2: 34, 3: 23, 1: 20, 5: 3}",-0.8072982537804587
382,barabasi_albert,100,150,5,2,3.9444,3.0,2.1447610589527217,"{13: 1, 7: 2, 8: 1, 11: 1, 10: 1, 2: 34, 3: 19, 6: 5, 5: 5, 4: 11, 1: 20}",-0.8072982537804587
383,barabasi_albert,100,150,5,2,4.1018,3.0,1.96468827043885,"{9: 1, 11: 1, 10: 1, 8: 3, 4: 14, 6: 2, 2: 30, 5: 6, 3: 23, 1: 19}",-0.8072982537804587
384,barabasi_albert,100,150,5,2,3.916,3.0,2.280350850198276,"{8: 4, 14: 1, 9: 1, 11: 1, 7: 2, 5: 4, 2: 34, 3: 23, 4: 6, 1: 21, 6: 3}",-0.8072982537804587
385,barabasi_albert,100,150,5,2,3.762,3.0,2.3108440016582685,"{6: 7, 10: 1, 7: 3, 16: 1, 9: 1, 5: 4, 2: 34, 4: 6, 3: 20, 8: 1, 1: 22}",-0.8072982537804587
386,barabasi_albert,100,150,5,2,3.9804,3.0,2.1118712081942874,"{5: 2, 11: 1, 15: 1, 10: 2, 3: 34, 4: 18, 2: 22, 7: 1, 1: 19}",-0.8072982537804587
387,barabasi_albert,100,150,5,2,3.816,3.0,2.4657656011875906,"{5: 5, 12: 1, 18: 1, 6: 2, 9: 2, 4: 15, 8: 2, 1: 25, 3: 20, 2: 27}",-0.8072982537804587
388,barabasi_albert,100,150,5,2,3.7704,3.0,2.5258661880630178,"{6: 4, 11: 1, 5: 9, 10: 1, 18: 1, 4: 10, 8: 1, 3: 14, 2: 29, 7: 1, 1: 28, 9: 1}",-0.8072982537804587
389,barabasi_albert,100,150,5,2,4.0606,3.0,2.2045407685048604,"{8: 3, 15: 1, 9: 2, 6: 3, 4: 9, 5: 6, 2: 27, 3: 25, 1: 23, 7: 1}",-0.8072982537804587
390,barabasi_albert,100,150,5,2,3.9808,3.0,2.172556098240043,"{11: 2, 6: 3, 7: 5, 12: 1, 4: 15, 5: 4, 1: 24, 2: 29, 3: 17}",-0.8072982537804587
391,barabasi_albert,100,150,5,2,3.801,3.0,2.4819347291981715,"{17: 1, 8: 1, 12: 1, 9: 2, 11: 1, 7: 1, 5: 8, 3: 21, 4: 9, 2: 33, 1: 22}",-0.8072982537804587
392,barabasi_albert,100,150,5,2,3.8514,3.0,2.177154105707724,"{11: 2, 12: 1, 6: 4, 7: 4, 4: 16, 5: 5, 2: 29, 3: 14, 1: 25}",-0.8072982537804587
393,barabasi_albert,100,150,5,2,4.0294,3.0,2.073644135332772,"{9: 2, 7: 2, 10: 1, 13: 1, 6: 3, 4: 10, 1: 21, 2: 28, 5: 7, 3: 25}",-0.8072982537804587
394,barabasi_albert,100,150,5,2,3.8196,3.0,2.3958297101421877,"{13: 1, 8: 1, 17: 1, 10: 1, 9: 1, 4: 14, 3: 22, 5: 7, 6: 1, 2: 29, 1: 22}",-0.8072982537804587
395,barabasi_albert,100,150,5,2,3.8644,3.0,2.1633307652783933,"{14: 1, 8: 2, 9: 2, 6: 4, 7: 2, 3: 22, 4: 14, 5: 4, 1: 26, 2: 23}",-0.8072982537804587
396,barabasi_albert,100,150,5,2,4.1382,3.0,1.8920887928424501,"{7: 4, 9: 1, 8: 1, 12: 1, 3: 28, 5: 3, 2: 28, 6: 3, 4: 13, 1: 18}",-0.8072982537804587
397,barabasi_albert,100,150,5,2,3.8644,3.0,2.4819347291981715,"{6: 4, 11: 2, 12: 1, 17: 1, 3: 27, 2: 31, 5: 4, 9: 1, 4: 8, 1: 21}",-0.8072982537804587
398,barabasi_albert,100,150,5,2,4.0094,3.0,2.1540659228538015,"{9: 1, 8: 6, 2: 23, 4: 9, 10: 1, 3: 20, 1: 29, 6: 5, 7: 1, 5: 5}",-0.8072982537804587
399,barabasi_albert,100,150,5,2,3.916,3.0,2.195449840010015,"{10: 1, 8: 1, 5: 9, 17: 1, 2: 35, 7: 1, 3: 21, 4: 12, 1: 17, 9: 1, 6: 1}",-0.8072982537804587
400,barabasi_albert,100,150,5,2,3.9386,3.0,2.181742422927143,"{9: 1, 14: 1, 6: 3, 11: 2, 4: 14, 2: 34, 5: 6, 7: 1, 3: 19, 1: 19}",-0.8072982537804587
401,barabasi_albert,100,150,5,2,3.6474,3.0,2.778488797889961,"{4: 13, 24: 1, 8: 3, 11: 1, 6: 3, 3: 23, 5: 3, 1: 24, 2: 28, 7: 1}",-0.8072982537804587
402,barabasi_albert,100,150,5,2,4.0002,3.0,2.244994432064365,"{7: 2, 13: 1, 11: 1, 12: 1, 5: 9, 6: 2, 1: 26, 4: 10, 3: 24, 9: 1, 2: 23}",-0.8072982537804587
403,barabasi_albert,100,150,5,2,4.0298,3.0,2.1071307505705477,"{7: 2, 12: 1, 10: 2, 9: 2, 4: 14, 2: 29, 3: 23, 5: 4, 1: 21, 6: 2}",-0.8072982537804587
404,barabasi_albert,100,150,5,2,3.817,3.0,2.293468988235943,"{11: 2, 8: 1, 10: 1, 12: 1, 4: 11, 9: 1, 3: 19, 2: 29, 6: 3, 7: 1, 1: 25, 5: 6}",-0.8072982537804587
405,barabasi_albert,100,150,5,2,4.0618,3.0,2.004993765576342,"{7: 2, 12: 1, 10: 1, 6: 7, 9: 1, 1: 22, 3: 22, 5: 3, 2: 27, 4: 14}",-0.8072982537804587
406,barabasi_albert,100,150,5,2,3.695,3.0,2.4738633753705965,"{12: 2, 5: 7, 10: 1, 15: 1, 4: 12, 11: 1, 1: 25, 3: 21, 2: 28, 7: 1, 6: 1}",-0.8072982537804587
407,barabasi_albert,100,150,5,2,3.8382,3.0,2.3579652245103193,"{6: 3, 13: 1, 11: 2, 8: 2, 10: 1, 4: 13, 7: 2, 1: 27, 2: 29, 5: 5, 3: 15}",-0.8072982537804587
408,barabasi_albert,100,150,5,2,4.0604,3.0,2.078460969082653,"{7: 3, 14: 1, 12: 1, 6: 4, 5: 7, 2: 31, 4: 11, 3: 23, 1: 19}",-0.8072982537804587
409,barabasi_albert,100,150,5,2,3.8276,3.0,2.23159136044214,"{8: 2, 11: 1, 10: 3, 7: 4, 3: 23, 2: 28, 1: 25, 5: 5, 4: 7, 6: 2}",-0.8072982537804587
410,barabasi_albert,100,150,5,2,3.9368,3.0,2.2715633383201093,"{5: 4, 10: 4, 11: 1, 6: 5, 3: 22, 2: 25, 1: 27, 9: 1, 4: 10, 7: 1}",-0.8072982537804587
411,barabasi_albert,100,150,5,2,3.7914,3.0,2.513961017995307,"{11: 1, 7: 4, 10: 1, 20: 1, 6: 3, 2: 32, 5: 3, 3: 23, 4: 11, 1: 21}",-0.8072982537804587
412,barabasi_albert,100,150,5,2,3.7904,3.0,2.3958297101421877,"{10: 1, 9: 2, 7: 4, 15: 1, 8: 2, 2: 32, 6: 3, 5: 7, 3: 18, 1: 26, 4: 4}",-0.8072982537804587
413,barabasi_albert,100,150,5,2,3.919,3.0,2.3622023622035435,"{12: 1, 6: 1, 11: 1, 7: 4, 13: 1, 5: 1, 10: 1, 2: 29, 4: 12, 1: 24, 8: 2, 3: 23}",-0.8072982537804587
414,barabasi_albert,100,150,5,2,3.962,3.0,2.0591260281974,"{11: 2, 9: 1, 6: 3, 8: 2, 3: 23, 2: 25, 7: 1, 4: 10, 1: 24, 5: 9}",-0.8072982537804587
415,barabasi_albert,100,150,5,2,3.9042,3.0,2.181742422927143,"{10: 2, 8: 4, 13: 1, 1: 20, 4: 10, 6: 3, 5: 3, 3: 23, 2: 33, 7: 1}",-0.8072982537804587
416,barabasi_albert,100,150,5,2,4.19,3.0,1.9235384061671346,"{9: 1, 6: 4, 10: 1, 11: 1, 5: 8, 4: 15, 3: 22, 1: 22, 2: 25, 8: 1}",-0.8072982537804587
417,barabasi_albert,100,150,5,2,3.938,3.0,2.1633307652783933,"{11: 1, 8: 7, 5: 5, 3: 25, 6: 1, 1: 23, 2: 29, 9: 2, 4: 7}",-0.8072982537804587
418,barabasi_albert,100,150,5,2,3.9922,3.0,2.4,"{15: 2, 7: 4, 5: 3, 9: 1, 4: 10, 3: 24, 2: 36, 10: 1, 6: 1, 1: 18}",-0.8072982537804587
419,barabasi_albert,100,150,5,2,3.837,3.0,2.2181073012818833,"{6: 5, 11: 3, 5: 8, 2: 27, 3: 16, 7: 1, 4: 11, 8: 1, 1: 27, 9: 1}",-0.8072982537804587
420,barabasi_albert,100,150,5,2,3.9076,3.0,2.244994432064365,"{12: 1, 5: 8, 14: 1, 11: 1, 2: 33, 8: 2, 3: 22, 6: 2, 4: 9, 1: 20, 7: 1}",-0.8072982537804587
421,barabasi_albert,100,150,5,2,3.98,3.0,2.1354156504062622,"{11: 2, 7: 5, 10: 1, 8: 1, 5: 5, 3: 17, 6: 2, 2: 31, 4: 13, 1: 23}",-0.8072982537804587
422,barabasi_albert,100,150,5,2,3.9358,3.0,2.1166010488516727,"{8: 1, 6: 4, 12: 1, 13: 1, 7: 2, 3: 24, 4: 12, 5: 4, 1: 20, 2: 30, 9: 1}",-0.8072982537804587
423,barabasi_albert,100,150,5,2,3.9144,3.0,2.2045407685048604,"{8: 2, 7: 3, 10: 1, 14: 1, 5: 6, 6: 2, 9: 1, 3: 22, 4: 12, 2: 24, 1: 26}",-0.8072982537804587
424,barabasi_albert,100,150,5,2,3.7658,3.0,2.353720459187964,"{19: 1, 8: 3, 5: 7, 11: 1, 1: 21, 4: 12, 2: 26, 6: 1, 3: 28}",-0.8072982537804587
425,barabasi_albert,100,150,5,2,4.1312,3.0,2.0248456731316584,"{8: 3, 7: 3, 13: 1, 1: 24, 4: 15, 2: 25, 3: 20, 5: 6, 6: 3}",-0.8072982537804587
426,barabasi_albert,100,150,5,2,4.1794,3.0,1.9235384061671346,"{9: 1, 12: 1, 6: 5, 11: 1, 4: 11, 5: 5, 3: 29, 1: 17, 7: 1, 2: 29}",-0.8072982537804587
427,barabasi_albert,100,150,5,2,3.8714,3.0,2.345207879911715,"{16: 1, 5: 7, 8: 1, 13: 1, 11: 1, 4: 11, 3: 23, 1: 22, 2: 29, 6: 4}",-0.8072982537804587
428,barabasi_albert,100,150,5,2,3.8208,3.0,2.4,"{19: 1, 7: 2, 10: 2, 4: 12, 6: 3, 5: 7, 2: 23, 1: 25, 3: 25}",-0.8072982537804587
429,barabasi_albert,100,150,5,2,3.9322,3.0,2.3323807579381204,"{10: 1, 8: 3, 7: 4, 17: 1, 5: 6, 2: 43, 4: 7, 1: 17, 6: 2, 3: 16}",-0.8072982537804587
430,barabasi_albert,100,150,5,2,4.0654,3.0,2.06881608655772,"{6: 7, 10: 1, 8: 2, 12: 1, 9: 1, 5: 5, 2: 27, 1: 23, 4: 10, 3: 23}",-0.8072982537804587
431,barabasi_albert,100,150,5,2,3.779,3.0,2.3366642891095846,"{6: 5, 9: 2, 13: 1, 5: 4, 15: 1, 7: 2, 3: 20, 4: 12, 1: 24, 2: 29}",-0.8072982537804587
432,barabasi_albert,100,150,5,2,4.3372,3.0,1.8601075237738274,"{6: 5, 7: 1, 9: 2, 8: 2, 4: 15, 3: 17, 5: 8, 2: 28, 1: 22}",-0.8072982537804587
433,barabasi_albert,100,150,5,2,3.9026,3.0,2.2891046284519194,"{14: 1, 6: 5, 9: 1, 10: 1, 11: 1, 4: 9, 3: 17, 2: 32, 1: 24, 7: 3, 5: 6}",-0.8072982537804587
434,barabasi_albert,100,150,5,2,4.0624,3.0,2.1447610589527217,"{6: 2, 12: 2, 10: 1, 9: 1, 3: 19, 2: 28, 4: 15, 1: 23, 7: 2, 5: 7}",-0.8072982537804587
435,barabasi_albert,100,150,5,2,4.073,3.0,2.1540659228538015,"{10: 1, 9: 2, 15: 1, 7: 1, 6: 5, 3: 27, 2: 27, 4: 11, 1: 21, 5: 4}",-0.8072982537804587
436,barabasi_albert,100,150,5,2,3.9788,3.0,2.04939015319192,"{6: 3, 7: 3, 11: 1, 9: 1, 8: 2, 10: 1, 3: 24, 4: 6, 1: 20, 2: 32, 5: 7}",-0.8072982537804587
437,barabasi_albert,100,150,5,2,3.7356,3.0,2.5298221281347035,"{7: 2, 10: 1, 6: 3, 8: 2, 21: 1, 5: 8, 2: 31, 1: 22, 3: 23, 4: 7}",-0.8072982537804587
438,barabasi_albert,100,150,5,2,3.6972,3.0,2.592296279363144,"{9: 1, 4: 14, 10: 2, 19: 1, 8: 1, 11: 1, 5: 3, 7: 2, 1: 23, 3: 17, 6: 1, 2: 34}",-0.8072982537804587
439,barabasi_albert,100,150,5,2,4.0916,3.0,1.9849433241279208,"{9: 1, 6: 4, 12: 1, 11: 1, 4: 11, 2: 33, 3: 24, 7: 1, 8: 1, 5: 6, 1: 17}",-0.8072982537804587
440,barabasi_albert,100,150,5,2,4.0304,3.0,2.0248456731316584,"{10: 1, 9: 2, 11: 1, 7: 3, 3: 25, 2: 31, 1: 19, 8: 1, 5: 4, 4: 11, 6: 2}",-0.8072982537804587
441,barabasi_albert,100,150,5,2,3.9056,3.0,2.1447610589527217,"{12: 1, 10: 2, 6: 2, 13: 1, 3: 24, 4: 14, 7: 1, 2: 29, 5: 6, 1: 20}",-0.8072982537804587
442,barabasi_albert,100,150,5,2,3.8628,3.0,2.2978250586152114,"{8: 1, 14: 2, 9: 1, 7: 3, 5: 7, 4: 12, 1: 27, 6: 1, 3: 26, 2: 20}",-0.8072982537804587
443,barabasi_albert,100,150,5,2,3.8814,3.0,2.345207879911715,"{12: 1, 4: 14, 9: 1, 5: 9, 18: 1, 3: 20, 6: 4, 2: 26, 1: 24}",-0.8072982537804587
444,barabasi_albert,100,150,5,2,3.8244,3.0,2.293468988235943,"{13: 1, 10: 1, 11: 2, 8: 3, 4: 16, 5: 5, 2: 34, 3: 15, 1: 22, 7: 1}",-0.8072982537804587
445,barabasi_albert,100,150,5,2,3.8836,3.0,2.345207879911715,"{7: 1, 8: 4, 10: 1, 17: 1, 3: 21, 6: 3, 4: 7, 5: 8, 2: 31, 1: 23}",-0.8072982537804587
446,barabasi_albert,100,150,5,2,4.0616,3.0,1.9595917942265424,"{9: 2, 6: 3, 8: 2, 13: 1, 3: 23, 4: 13, 2: 34, 5: 6, 1: 16}",-0.8072982537804587
447,barabasi_albert,100,150,5,2,4.08,3.0,2.186321110907545,"{7: 1, 9: 2, 8: 2, 16: 1, 4: 8, 5: 8, 6: 3, 2: 40, 1: 16, 3: 19}",-0.8072982537804587
448,barabasi_albert,100,150,5,2,3.8226,3.0,2.4083189157584592,"{7: 3, 5: 6, 16: 1, 14: 1, 4: 12, 9: 1, 6: 2, 1: 25, 3: 21, 2: 27, 8: 1}",-0.8072982537804587
449,barabasi_albert,100,150,5,2,3.9478,3.0,2.1633307652783933,"{12: 1, 7: 1, 15: 1, 6: 2, 8: 1, 5: 8, 2: 30, 3: 26, 9: 1, 4: 10, 1: 19}",-0.8072982537804587
450,barabasi_albert,100,150,5,2,3.9658,3.0,2.16794833886788,"{8: 3, 11: 1, 10: 1, 13: 1, 1: 20, 7: 1, 3: 21, 5: 6, 2: 33, 6: 2, 4: 11}",-0.8072982537804587
451,barabasi_albert,100,150,5,2,3.9768,3.0,2.073644135332772,"{10: 2, 12: 1, 9: 1, 5: 7, 3: 19, 2: 31, 7: 2, 4: 13, 1: 21, 6: 3}",-0.8072982537804587
452,barabasi_albert,100,150,5,2,3.9988,3.0,2.1023796041628637,"{8: 2, 9: 2, 12: 1, 6: 3, 3: 21, 4: 12, 2: 31, 7: 1, 5: 5, 1: 21, 10: 1}",-0.8072982537804587
453,barabasi_albert,100,150,5,2,4.0184,3.0,2.078460969082653,"{8: 4, 11: 2, 7: 2, 4: 11, 2: 36, 5: 9, 3: 15, 6: 1, 1: 20}",-0.8072982537804587
454,barabasi_albert,100,150,5,2,4.0962,3.0,2.1071307505705477,"{9: 1, 7: 1, 11: 2, 12: 1, 3: 23, 2: 35, 5: 4, 6: 3, 4: 12, 1: 17, 8: 1}",-0.8072982537804587
455,barabasi_albert,100,150,5,2,3.8384,3.0,2.1540659228538015,"{5: 10, 13: 1, 11: 1, 12: 1, 4: 11, 9: 1, 6: 2, 1: 22, 3: 25, 2: 26}",-0.8072982537804587
456,barabasi_albert,100,150,5,2,4.1318,3.0,2.0639767440550294,"{13: 1, 11: 2, 6: 3, 7: 2, 5: 6, 3: 31, 2: 25, 4: 10, 1: 20}",-0.8072982537804587
457,barabasi_albert,100,150,5,2,3.7732,3.0,2.349468024894146,"{13: 2, 7: 4, 4: 11, 5: 5, 3: 21, 2: 31, 10: 2, 9: 1, 1: 23}",-0.8072982537804587
458,barabasi_albert,100,150,5,2,3.99,3.0,2.3323807579381204,"{6: 4, 8: 1, 7: 2, 15: 1, 11: 2, 5: 10, 4: 7, 1: 26, 3: 19, 2: 28}",-0.8072982537804587
459,barabasi_albert,100,150,5,2,4.0042,3.0,2.009975124224178,"{11: 1, 6: 4, 5: 9, 10: 2, 7: 2, 1: 25, 3: 19, 4: 14, 2: 24}",-0.8072982537804587
460,barabasi_albert,100,150,5,2,3.818,3.0,2.5337718918639855,"{14: 1, 9: 1, 7: 1, 18: 1, 8: 3, 5: 4, 4: 20, 1: 27, 2: 25, 3: 17}",-0.8072982537804587
461,barabasi_albert,100,150,5,2,3.7318,3.0,2.2978250586152114,"{11: 2, 12: 1, 14: 1, 6: 2, 3: 22, 4: 11, 2: 33, 1: 20, 7: 2, 5: 6}",-0.8072982537804587
462,barabasi_albert,100,150,5,2,3.9264,3.0,2.2181073012818833,"{14: 1, 9: 1, 5: 6, 11: 1, 7: 4, 6: 3, 2: 27, 3: 24, 8: 1, 1: 24, 4: 8}",-0.8072982537804587
463,barabasi_albert,100,150,5,2,3.8768,3.0,2.2715633383201093,"{14: 2, 7: 1, 8: 1, 9: 2, 6: 3, 4: 14, 3: 26, 2: 28, 5: 2, 1: 21}",-0.8072982537804587
464,barabasi_albert,100,150,5,2,3.8352,3.0,2.3366642891095846,"{8: 3, 6: 3, 11: 1, 15: 1, 10: 1, 4: 9, 5: 10, 1: 29, 2: 22, 3: 21}",-0.8072982537804587
465,barabasi_albert,100,150,5,2,3.9028,3.0,2.2847319317591723,"{14: 1, 11: 3, 5: 6, 4: 9, 3: 25, 7: 2, 2: 29, 6: 3, 1: 22}",-0.8072982537804587
466,barabasi_albert,100,150,5,2,3.9092,3.0,2.3065125189341593,"{10: 1, 11: 1, 12: 1, 4: 10, 9: 1, 7: 4, 2: 28, 1: 29, 6: 3, 3: 13, 8: 1, 5: 8}",-0.8072982537804587
467,barabasi_albert,100,150,5,2,4.0258,3.0,2.009975124224178,"{7: 1, 8: 2, 10: 1, 9: 1, 12: 1, 6: 4, 4: 12, 5: 4, 3: 26, 2: 28, 1: 20}",-0.8072982537804587
468,barabasi_albert,100,150,5,2,4.0374,3.0,2.04939015319192,"{7: 3, 12: 1, 6: 5, 9: 1, 8: 2, 3: 18, 4: 10, 5: 7, 2: 30, 1: 23}",-0.8072982537804587
469,barabasi_albert,100,150,5,2,4.1048,3.0,1.9949937343260002,"{5: 7, 8: 4, 10: 2, 7: 3, 2: 32, 3: 20, 4: 12, 1: 20}",-0.8072982537804587
470,barabasi_albert,100,150,5,2,3.9168,3.0,2.445403852127497,"{6: 4, 12: 1, 15: 1, 9: 1, 13: 1, 5: 1, 1: 19, 4: 9, 2: 39, 7: 3, 8: 1, 3: 20}",-0.8072982537804587
471,barabasi_albert,100,150,5,2,4.0414,3.0,2.009975124224178,"{7: 3, 6: 7, 4: 10, 9: 1, 10: 1, 5: 6, 8: 2, 2: 32, 1: 23, 3: 15}",-0.8072982537804587
472,barabasi_albert,100,150,5,2,4.0026,3.0,2.2715633383201093,"{7: 3, 11: 1, 16: 1, 6: 2, 1: 24, 5: 7, 9: 1, 3: 28, 2: 24, 8: 1, 4: 8}",-0.8072982537804587
473,barabasi_albert,100,150,5,2,3.7734,3.0,2.4124676163629637,"{11: 1, 13: 1, 16: 1, 4: 12, 8: 1, 5: 9, 2: 34, 9: 1, 3: 16, 1: 22, 6: 2}",-0.8072982537804587
474,barabasi_albert,100,150,5,2,4.0296,3.0,2.004993765576342,"{7: 3, 9: 3, 10: 1, 5: 9, 4: 12, 2: 35, 6: 1, 3: 15, 8: 1, 1: 20}",-0.8072982537804587
475,barabasi_albert,100,150,5,2,3.903,3.0,2.227105745132009,"{6: 4, 15: 1, 7: 1, 10: 2, 8: 1, 9: 1, 5: 4, 2: 33, 3: 21, 4: 12, 1: 20}",-0.8072982537804587
476,barabasi_albert,100,150,5,2,3.919,3.0,2.1587033144922905,"{10: 2, 11: 1, 9: 2, 8: 2, 5: 5, 6: 3, 4: 12, 3: 22, 2: 27, 1: 24}",-0.8072982537804587
477,barabasi_albert,100,150,5,2,3.9168,3.0,2.130727575266252,"{8: 4, 7: 2, 11: 1, 2: 29, 4: 14, 5: 4, 10: 1, 3: 18, 6: 2, 1: 24, 9: 1}",-0.8072982537804587
478,barabasi_albert,100,150,5,2,3.8326,3.0,2.3065125189341593,"{9: 3, 7: 2, 11: 2, 13: 1, 4: 14, 1: 21, 2: 33, 3: 21, 8: 1, 5: 2}",-0.8072982537804587
479,barabasi_albert,100,150,5,2,3.7534,3.0,2.4166091947189146,"{9: 3, 12: 3, 11: 1, 1: 21, 6: 2, 5: 3, 3: 27, 2: 33, 7: 1, 4: 6}",-0.8072982537804587
480,barabasi_albert,100,150,5,2,3.9742,3.0,2.4041630560342617,"{8: 3, 7: 2, 13: 1, 15: 1, 4: 11, 9: 1, 5: 5, 3: 18, 6: 3, 2: 29, 1: 26}",-0.8072982537804587
481,barabasi_albert,100,150,5,2,3.807,3.0,2.445403852127497,"{5: 3, 6: 4, 14: 1, 10: 1, 17: 1, 3: 23, 11: 1, 4: 13, 2: 35, 1: 18}",-0.8072982537804587
482,barabasi_albert,100,150,5,2,3.9714,3.0,2.5059928172283334,"{14: 1, 7: 2, 5: 10, 6: 5, 19: 1, 3: 22, 4: 7, 2: 27, 1: 25}",-0.8072982537804587
483,barabasi_albert,100,150,5,2,3.7876,3.0,2.4124676163629637,"{7: 1, 13: 2, 12: 2, 8: 2, 3: 28, 4: 8, 2: 29, 1: 22, 6: 1, 5: 5}",-0.8072982537804587
484,barabasi_albert,100,150,5,2,3.9616,3.0,2.345207879911715,"{7: 2, 12: 1, 15: 1, 6: 4, 5: 9, 3: 18, 1: 23, 11: 1, 4: 7, 8: 1, 2: 33}",-0.8072982537804587
485,barabasi_albert,100,150,5,2,4.0474,3.0,1.849324200890693,"{4: 18, 10: 2, 7: 1, 8: 2, 9: 1, 2: 35, 3: 20, 5: 5, 1: 15, 6: 1}",-0.8072982537804587
486,barabasi_albert,100,150,5,2,3.9412,3.0,2.2715633383201093,"{7: 3, 17: 1, 10: 1, 8: 2, 2: 32, 5: 7, 4: 11, 3: 20, 1: 21, 6: 2}",-0.8072982537804587
487,barabasi_albert,100,150,5,2,3.8914,3.0,2.3664319132398464,"{11: 2, 10: 1, 8: 1, 14: 1, 5: 9, 4: 10, 1: 28, 2: 27, 6: 4, 3: 16, 7: 1}",-0.8072982537804587
488,barabasi_albert,100,150,5,2,4.14,3.0,2.092844953645635,"{8: 2, 7: 4, 6: 1, 14: 1, 1: 22, 5: 7, 2: 29, 4: 13, 9: 1, 3: 20}",-0.8072982537804587
489,barabasi_albert,100,150,5,2,3.9236,3.0,2.2715633383201093,"{17: 1, 9: 3, 8: 2, 3: 21, 2: 39, 6: 4, 4: 11, 1: 16, 5: 3}",-0.8072982537804587
490,barabasi_albert,100,150,5,2,4.089,3.0,1.9748417658131499,"{5: 6, 9: 2, 6: 2, 7: 3, 3: 21, 4: 15, 10: 2, 1: 22, 2: 27}",-0.8072982537804587
491,barabasi_albert,100,150,5,2,4.0054,3.0,2.0149441679609885,"{6: 4, 9: 2, 11: 1, 8: 2, 5: 8, 4: 5, 3: 27, 2: 27, 1: 22, 7: 2}",-0.8072982537804587
492,barabasi_albert,100,150,5,2,4.0058,3.0,2.1447610589527217,"{7: 3, 9: 1, 11: 1, 4: 15, 5: 4, 6: 3, 3: 22, 2: 30, 15: 1, 1: 20}",-0.8072982537804587
493,barabasi_albert,100,150,5,2,3.9436,3.0,2.186321110907545,"{6: 3, 15: 1, 8: 1, 7: 1, 9: 2, 3: 24, 10: 1, 1: 22, 4: 14, 5: 4, 2: 27}",-0.8072982537804587
494,barabasi_albert,100,150,5,2,3.9598,3.0,2.1908902300206643,"{9: 2, 11: 2, 7: 1, 10: 1, 4: 12, 8: 1, 1: 22, 5: 7, 6: 3, 3: 14, 2: 35}",-0.8072982537804587
495,barabasi_albert,100,150,5,2,4.0036,3.0,2.0542638584174138,"{10: 2, 8: 1, 9: 3, 5: 6, 3: 24, 6: 5, 2: 30, 1: 21, 4: 8}",-0.8072982537804587
496,barabasi_albert,100,150,5,2,4.1514,3.0,2.32379000772445,"{17: 1, 10: 1, 6: 3, 8: 1, 7: 1, 2: 36, 4: 11, 5: 9, 11: 1, 3: 16, 1: 20}",-0.8072982537804587
497,barabasi_albert,100,150,5,2,4.0838,3.0,1.944222209522358,"{8: 4, 6: 7, 9: 1, 3: 20, 5: 8, 1: 29, 4: 13, 2: 18}",-0.8072982537804587
498,barabasi_albert,100,150,5,2,4.0322,3.0,1.9493588689617927,"{8: 2, 9: 2, 10: 1, 4: 12, 7: 2, 5: 10, 3: 20, 2: 28, 1: 22, 6: 1}",-0.8072982537804587
499,barabasi_albert,100,150,5,2,3.9766,3.0,2.1166010488516727,"{11: 1, 13: 1, 8: 3, 7: 3, 5: 3, 1: 19, 4: 12, 6: 3, 3: 21, 2: 34}",-0.8072982537804587
500,barabasi_albert,100,150,5,2,3.902,3.0,2.1908902300206643,"{9: 2, 14: 1, 7: 1, 8: 3, 2: 25, 1: 26, 6: 3, 5: 7, 4: 12, 3: 20}",-0.8072982537804587
501,barabasi_albert,100,150,5,2,3.9456,3.0,2.181742422927143,"{9: 1, 12: 2, 10: 1, 8: 3, 3: 29, 7: 1, 1: 19, 5: 6, 2: 31, 4: 7}",-0.8072982537804587
502,barabasi_albert,100,150,5,2,3.7994,3.0,2.3706539182259396,"{7: 1, 12: 1, 14: 1, 8: 1, 13: 1, 4: 18, 6: 4, 2: 21, 5: 6, 3: 16, 1: 30}",-0.8072982537804587
503,barabasi_albert,100,150,5,2,3.8868,3.0,2.3151673805580453,"{8: 2, 6: 5, 18: 1, 5: 5, 9: 1, 4: 15, 7: 1, 2: 21, 1: 27, 3: 22}",-0.8072982537804587
504,barabasi_albert,100,150,5,2,4.1446,3.0,1.96468827043885,"{8: 3, 12: 1, 11: 1, 6: 3, 5: 5, 4: 16, 3: 22, 2: 31, 1: 18}",-0.8072982537804587
505,barabasi_albert,100,150,5,2,3.9938,3.0,2.2978250586152114,"{11: 1, 10: 1, 17: 1, 8: 1, 6: 4, 4: 19, 2: 31, 1: 21, 3: 18, 5: 2, 7: 1}",-0.8072982537804587
506,barabasi_albert,100,150,5,2,3.8906,3.0,2.293468988235943,"{12: 1, 8: 4, 11: 1, 10: 1, 2: 29, 3: 18, 1: 26, 9: 1, 6: 4, 4: 11, 5: 4}",-0.8072982537804587
507,barabasi_albert,100,150,5,2,4.005,3.0,2.08806130178211,"{8: 3, 16: 1, 5: 6, 4: 11, 3: 25, 10: 1, 2: 38, 1: 13, 6: 2}",-0.8072982537804587
508,barabasi_albert,100,150,5,2,4.047,3.0,1.9544820285692064,"{7: 2, 8: 2, 5: 9, 10: 1, 11: 1, 6: 4, 2: 32, 1: 19, 3: 23, 4: 7}",-0.8072982537804587
509,barabasi_albert,100,150,5,2,3.9378,3.0,2.08806130178211,"{6: 5, 9: 1, 10: 1, 11: 2, 7: 2, 2: 30, 5: 6, 1: 21, 3: 24, 4: 8}",-0.8072982537804587
510,barabasi_albert,100,150,5,2,3.9614,3.0,2.227105745132009,"{8: 2, 6: 4, 12: 1, 14: 1, 4: 10, 1: 23, 3: 28, 7: 1, 10: 1, 2: 25, 5: 4}",-0.8072982537804587
511,barabasi_albert,100,150,5,2,3.935,3.0,2.3065125189341593,"{5: 10, 16: 1, 9: 1, 12: 1, 6: 4, 2: 28, 4: 10, 1: 25, 3: 18, 7: 2}",-0.8072982537804587
512,barabasi_albert,100,150,5,2,3.958,3.0,2.2847319317591723,"{7: 1, 6: 3, 11: 1, 16: 1, 8: 2, 5: 8, 3: 21, 2: 31, 4: 9, 1: 22, 9: 1}",-0.8072982537804587
513,barabasi_albert,100,150,5,2,3.8006,3.0,2.5019992006393608,"{15: 2, 8: 1, 6: 5, 9: 2, 2: 22, 1: 30, 3: 23, 5: 8, 4: 6, 7: 1}",-0.8072982537804587
514,barabasi_albert,100,150,5,2,3.8692,3.0,2.3021728866442674,"{8: 1, 9: 2, 6: 4, 15: 1, 5: 8, 3: 22, 2: 34, 4: 7, 13: 1, 1: 20}",-0.8072982537804587
515,barabasi_albert,100,150,5,2,3.9368,3.0,2.0976176963403033,"{14: 1, 10: 1, 6: 4, 5: 3, 9: 1, 4: 10, 7: 4, 3: 30, 2: 24, 1: 22}",-0.8072982537804587
516,barabasi_albert,100,150,5,2,4.003,3.0,1.8920887928424501,"{6: 5, 9: 2, 8: 3, 7: 1, 3: 26, 5: 5, 2: 21, 1: 24, 4: 13}",-0.8072982537804587
517,barabasi_albert,100,150,5,2,3.92,3.0,2.1166010488516727,"{12: 1, 9: 2, 7: 4, 5: 5, 8: 1, 6: 6, 1: 24, 2: 29, 4: 7, 3: 21}",-0.8072982537804587
518,barabasi_albert,100,150,5,2,3.96,3.0,2.4,"{15: 1, 6: 4, 10: 1, 17: 1, 4: 11, 3: 29, 5: 4, 2: 28, 1: 20, 7: 1}",-0.8072982537804587
519,barabasi_albert,100,150,5,2,3.9514,3.0,2.08806130178211,"{6: 3, 10: 2, 12: 1, 9: 1, 5: 6, 7: 2, 3: 22, 8: 1, 1: 17, 2: 37, 4: 8}",-0.8072982537804587
520,barabasi_albert,100,150,5,2,3.801,3.0,2.2494443758403984,"{8: 2, 15: 1, 9: 1, 11: 1, 3: 22, 5: 7, 6: 5, 1: 21, 2: 33, 7: 1, 4: 6}",-0.8072982537804587
521,barabasi_albert,100,150,5,2,4.0096,3.0,2.181742422927143,"{13: 1, 7: 2, 12: 1, 9: 2, 5: 4, 3: 28, 1: 19, 4: 11, 10: 1, 2: 30, 6: 1}",-0.8072982537804587
522,barabasi_albert,100,150,5,2,3.821,3.0,2.2891046284519194,"{12: 1, 11: 2, 8: 2, 7: 3, 6: 4, 4: 7, 5: 3, 3: 23, 9: 1, 2: 30, 1: 24}",-0.8072982537804587
523,barabasi_albert,100,150,5,2,4.037,3.0,2.2,"{11: 1, 6: 1, 8: 3, 15: 1, 5: 11, 2: 35, 3: 13, 1: 21, 4: 13, 7: 1}",-0.8072982537804587
524,barabasi_albert,100,150,5,2,3.549,3.0,2.8460498941515415,"{8: 3, 25: 1, 9: 1, 2: 32, 3: 23, 5: 4, 4: 7, 1: 23, 6: 4, 7: 2}",-0.8072982537804587
525,barabasi_albert,100,150,5,2,3.896,3.0,2.240535650240808,"{7: 2, 12: 3, 10: 1, 4: 14, 3: 18, 6: 3, 5: 5, 2: 33, 1: 21}",-0.8072982537804587
526,barabasi_albert,100,150,5,2,3.9328,3.0,2.186321110907545,"{11: 2, 12: 1, 8: 1, 5: 8, 4: 8, 2: 30, 6: 2, 3: 23, 7: 2, 9: 1, 1: 22}",-0.8072982537804587
527,barabasi_albert,100,150,5,2,3.973,3.0,2.23606797749979,"{4: 11, 11: 2, 12: 1, 6: 3, 10: 1, 5: 9, 7: 1, 2: 31, 8: 1, 3: 16, 1: 24}",-0.8072982537804587
528,barabasi_albert,100,150,5,2,3.949,3.0,2.0199009876724157,"{8: 2, 9: 2, 10: 2, 7: 3, 4: 13, 6: 1, 2: 34, 3: 22, 5: 3, 1: 18}",-0.8072982537804587
529,barabasi_albert,100,150,5,2,4.0194,3.0,2.3874672772626644,"{10: 2, 14: 1, 7: 4, 13: 1, 5: 8, 6: 2, 1: 24, 4: 8, 2: 33, 3: 17}",-0.8072982537804587
530,barabasi_albert,100,150,5,2,3.9164,3.0,2.2181073012818833,"{5: 8, 9: 2, 17: 1, 7: 3, 4: 13, 1: 20, 3: 18, 2: 33, 6: 2}",-0.8072982537804587
531,barabasi_albert,100,150,5,2,3.8626,3.0,2.4124676163629637,"{17: 1, 11: 2, 12: 1, 9: 1, 3: 30, 4: 14, 2: 29, 1: 19, 6: 2, 5: 1}",-0.8072982537804587
532,barabasi_albert,100,150,5,2,3.6718,3.0,2.5019992006393608,"{12: 1, 11: 2, 15: 1, 8: 1, 3: 18, 9: 2, 2: 34, 7: 1, 5: 3, 1: 23, 4: 13, 6: 1}",-0.8072982537804587
533,barabasi_albert,100,150,5,2,4.1496,3.0,1.98997487421324,"{8: 3, 6: 3, 5: 9, 13: 1, 3: 19, 2: 30, 4: 12, 7: 2, 1: 21}",-0.8072982537804587
534,barabasi_albert,100,150,5,2,3.9096,3.0,2.4413111231467406,"{10: 2, 7: 5, 18: 1, 6: 2, 4: 8, 5: 8, 2: 23, 3: 23, 1: 28}",-0.8072982537804587
535,barabasi_albert,100,150,5,2,3.7988,3.0,2.3706539182259396,"{5: 8, 11: 1, 12: 1, 14: 1, 7: 3, 4: 8, 6: 4, 2: 28, 3: 18, 9: 1, 1: 27}",-0.8072982537804587
536,barabasi_albert,100,150,5,2,3.8556,3.0,2.345207879911715,"{7: 3, 16: 1, 4: 8, 13: 1, 9: 1, 2: 23, 3: 28, 1: 25, 8: 1, 5: 8, 6: 1}",-0.8072982537804587
537,barabasi_albert,100,150,5,2,3.8162,3.0,2.5768197453450252,"{18: 1, 6: 2, 8: 3, 13: 1, 1: 28, 3: 14, 7: 1, 5: 11, 2: 30, 4: 8, 9: 1}",-0.8072982537804587
538,barabasi_albert,100,150,5,2,4.0384,3.0,2.1447610589527217,"{12: 1, 9: 1, 11: 2, 8: 1, 4: 11, 3: 18, 2: 34, 1: 20, 7: 1, 6: 1, 5: 10}",-0.8072982537804587
539,barabasi_albert,100,150,5,2,3.7396,3.0,2.328089345364563,"{12: 1, 14: 1, 7: 1, 15: 1, 8: 1, 3: 27, 2: 30, 6: 3, 5: 2, 4: 14, 1: 19}",-0.8072982537804587
540,barabasi_albert,100,150,5,2,3.7604,3.0,2.2,"{13: 1, 7: 2, 11: 1, 8: 1, 6: 3, 3: 23, 2: 27, 4: 12, 12: 1, 1: 23, 5: 6}",-0.8072982537804587
541,barabasi_albert,100,150,5,2,3.8784,3.0,2.2494443758403984,"{11: 2, 10: 1, 12: 1, 9: 1, 1: 20, 5: 5, 2: 38, 8: 1, 6: 2, 4: 15, 3: 13, 7: 1}",-0.8072982537804587
542,barabasi_albert,100,150,5,2,3.8178,3.0,2.3065125189341593,"{14: 1, 11: 1, 10: 1, 7: 2, 8: 2, 5: 4, 4: 14, 9: 1, 2: 24, 3: 21, 1: 27, 6: 2}",-0.8072982537804587
543,barabasi_albert,100,150,5,2,3.99,3.0,2.16794833886788,"{5: 6, 11: 2, 9: 1, 10: 2, 6: 4, 3: 21, 2: 20, 4: 16, 1: 28}",-0.8072982537804587
544,barabasi_albert,100,150,5,2,3.8514,3.0,2.08806130178211,"{6: 3, 12: 1, 9: 2, 7: 1, 8: 1, 3: 21, 11: 1, 1: 21, 2: 30, 4: 13, 5: 6}",-0.8072982537804587
545,barabasi_albert,100,150,5,2,3.9418,3.0,2.2715633383201093,"{10: 1, 5: 4, 7: 5, 8: 4, 14: 1, 4: 6, 3: 23, 2: 30, 1: 24, 6: 2}",-0.8072982537804587
546,barabasi_albert,100,150,5,2,4.0554,3.0,2.149418526020468,"{7: 1, 9: 1, 13: 1, 10: 1, 8: 2, 6: 5, 3: 19, 5: 6, 2: 25, 1: 26, 4: 13}",-0.8072982537804587
547,barabasi_albert,100,150,5,2,4.0186,3.0,2.130727575266252,"{8: 3, 11: 1, 12: 1, 10: 1, 2: 31, 5: 6, 7: 1, 3: 21, 4: 12, 6: 2, 1: 21}",-0.8072982537804587
548,barabasi_albert,100,150,5,2,3.994,3.0,2.1633307652783933,"{7: 2, 8: 2, 4: 12, 6: 6, 17: 1, 5: 4, 2: 32, 1: 19, 3: 22}",-0.8072982537804587
549,barabasi_albert,100,150,5,2,3.9662,3.0,2.04939015319192,"{8: 1, 9: 2, 4: 6, 7: 3, 11: 1, 3: 21, 6: 5, 1: 24, 5: 9, 2: 28}",-0.8072982537804587
550,barabasi_albert,100,150,5,2,4.0094,3.0,2.1587033144922905,"{8: 4, 10: 1, 12: 1, 9: 1, 4: 9, 6: 3, 3: 25, 2: 28, 7: 2, 1: 23, 5: 3}",-0.8072982537804587
551,barabasi_albert,100,150,5,2,3.6028,3.0,2.541653005427767,"{9: 1, 11: 2, 15: 2, 2: 26, 4: 13, 5: 3, 3: 25, 8: 1, 6: 2, 1: 25}",-0.8072982537804587
552,barabasi_albert,100,150,5,2,4.0394,3.0,1.8547236990991407,"{8: 1, 7: 4, 11: 1, 9: 1, 5: 7, 3: 20, 4: 12, 2: 37, 6: 2, 1: 15}",-0.8072982537804587
553,barabasi_albert,100,150,5,2,3.8888,3.0,2.2181073012818833,"{12: 1, 13: 1, 6: 6, 10: 1, 2: 30, 3: 24, 4: 10, 11: 1, 5: 5, 1: 21}",-0.8072982537804587
554,barabasi_albert,100,150,5,2,4.034,3.0,2.1354156504062622,"{13: 1, 9: 1, 7: 5, 8: 2, 2: 30, 6: 3, 5: 4, 4: 17, 1: 25, 3: 12}",-0.8072982537804587
555,barabasi_albert,100,150,5,2,3.7516,3.0,2.5059928172283334,"{11: 1, 7: 3, 8: 2, 19: 1, 10: 1, 1: 23, 4: 10, 5: 7, 2: 31, 3: 21}",-0.8072982537804587
556,barabasi_albert,100,150,5,2,3.937,3.0,1.98997487421324,"{6: 6, 8: 3, 12: 1, 5: 7, 4: 8, 1: 23, 7: 2, 2: 26, 3: 24}",-0.8072982537804587
557,barabasi_albert,100,150,5,2,3.9886,3.0,2.2045407685048604,"{12: 1, 7: 4, 6: 3, 8: 2, 11: 1, 2: 26, 5: 7, 3: 23, 9: 1, 4: 6, 1: 26}",-0.8072982537804587
558,barabasi_albert,100,150,5,2,3.9028,3.0,2.4698178070456938,"{18: 1, 7: 3, 11: 1, 8: 1, 2: 28, 6: 3, 5: 8, 4: 8, 1: 26, 3: 20, 10: 1}",-0.8072982537804587
559,barabasi_albert,100,150,5,2,3.8798,3.0,2.2715633383201093,"{16: 1, 7: 5, 10: 1, 6: 3, 3: 18, 1: 21, 4: 8, 5: 7, 9: 1, 2: 35}",-0.8072982537804587
560,barabasi_albert,100,150,5,2,3.9598,3.0,2.258317958127243,"{5: 6, 11: 2, 7: 4, 13: 1, 2: 36, 6: 4, 8: 1, 3: 15, 1: 22, 4: 9}",-0.8072982537804587
561,barabasi_albert,100,150,5,2,3.7808,3.0,2.4166091947189146,"{9: 2, 19: 1, 7: 1, 10: 1, 8: 1, 3: 31, 5: 5, 4: 10, 2: 22, 1: 24, 6: 2}",-0.8072982537804587
562,barabasi_albert,100,150,5,2,3.862,3.0,2.453568829277059,"{16: 1, 9: 1, 11: 2, 8: 4, 3: 19, 5: 8, 2: 32, 1: 24, 4: 9}",-0.8072982537804587
563,barabasi_albert,100,150,5,2,3.9614,3.0,2.32379000772445,"{7: 5, 9: 1, 6: 1, 16: 1, 12: 1, 5: 7, 3: 25, 4: 10, 1: 26, 2: 23}",-0.8072982537804587
564,barabasi_albert,100,150,5,2,4.0978,3.0,2.0346989949375804,"{6: 2, 7: 3, 12: 1, 9: 3, 4: 12, 5: 8, 3: 19, 2: 31, 1: 21}",-0.8072982537804587
565,barabasi_albert,100,150,5,2,4.026,3.0,1.9748417658131499,"{14: 1, 5: 7, 8: 1, 11: 1, 6: 1, 1: 18, 7: 2, 3: 30, 4: 13, 2: 26}",-0.8072982537804587
566,barabasi_albert,100,150,5,2,3.7984,3.0,2.353720459187964,"{16: 1, 9: 2, 7: 2, 10: 1, 8: 1, 4: 11, 2: 30, 6: 6, 3: 18, 5: 3, 1: 25}",-0.8072982537804587
567,barabasi_albert,100,150,5,2,4.03,3.0,2.0542638584174138,"{16: 1, 5: 9, 9: 1, 4: 10, 6: 7, 1: 20, 3: 24, 2: 28}",-0.8072982537804587
568,barabasi_albert,100,150,5,2,3.855,3.0,2.195449840010015,"{8: 2, 13: 1, 5: 6, 11: 1, 3: 20, 10: 1, 6: 3, 7: 2, 4: 12, 2: 28, 1: 24}",-0.8072982537804587
569,barabasi_albert,100,150,5,2,4.1024,3.0,1.8547236990991407,"{6: 6, 10: 1, 7: 3, 2: 30, 9: 1, 4: 15, 5: 7, 3: 16, 1: 21}",-0.8072982537804587
570,barabasi_albert,100,150,5,2,4.0776,3.0,2.1540659228538015,"{4: 9, 7: 2, 10: 1, 15: 1, 8: 2, 3: 28, 6: 6, 1: 22, 2: 26, 5: 3}",-0.8072982537804587
571,barabasi_albert,100,150,5,2,3.7892,3.0,2.4372115213907883,"{11: 2, 16: 1, 6: 5, 10: 1, 4: 13, 8: 1, 3: 17, 5: 4, 1: 26, 2: 29, 7: 1}",-0.8072982537804587
572,barabasi_albert,100,150,5,2,3.8338,3.0,2.186321110907545,"{9: 2, 8: 1, 11: 1, 13: 1, 2: 29, 5: 7, 1: 24, 4: 12, 3: 18, 6: 4, 7: 1}",-0.8072982537804587
573,barabasi_albert,100,150,5,2,3.9314,3.0,2.453568829277059,"{10: 1, 9: 3, 18: 1, 8: 2, 5: 6, 4: 7, 6: 2, 3: 26, 2: 29, 1: 23}",-0.8072982537804587
574,barabasi_albert,100,150,5,2,3.9224,3.0,2.1587033144922905,"{8: 2, 6: 4, 9: 1, 14: 1, 10: 1, 3: 28, 5: 7, 2: 22, 1: 25, 7: 1, 4: 8}",-0.8072982537804587
575,barabasi_albert,100,150,5,2,3.862,3.0,2.149418526020468,"{6: 9, 7: 2, 8: 1, 11: 1, 2: 32, 13: 1, 5: 5, 3: 13, 1: 24, 4: 12}",-0.8072982537804587
576,barabasi_albert,100,150,5,2,3.7558,3.0,2.172556098240043,"{10: 2, 7: 4, 8: 2, 11: 1, 1: 21, 6: 2, 2: 34, 4: 8, 9: 1, 3: 21, 5: 4}",-0.8072982537804587
577,barabasi_albert,100,150,5,2,3.9156,3.0,2.1540659228538015,"{9: 3, 11: 1, 7: 1, 6: 6, 3: 22, 1: 21, 5: 4, 2: 32, 4: 9, 12: 1}",-0.8072982537804587
578,barabasi_albert,100,150,5,2,4.0902,3.0,2.130727575266252,"{8: 2, 5: 5, 13: 1, 9: 2, 2: 31, 6: 5, 4: 12, 1: 23, 3: 17, 7: 2}",-0.8072982537804587
579,barabasi_albert,100,150,5,2,4.0114,3.0,2.04939015319192,"{8: 2, 12: 1, 11: 1, 5: 5, 7: 3, 3: 25, 2: 34, 6: 5, 1: 18, 4: 6}",-0.8072982537804587
580,barabasi_albert,100,150,5,2,3.8484,3.0,2.2494443758403984,"{10: 3, 9: 1, 8: 1, 2: 31, 4: 11, 1: 25, 5: 8, 3: 15, 7: 1, 12: 1, 6: 3}",-0.8072982537804587
581,barabasi_albert,100,150,5,2,4.0412,3.0,2.227105745132009,"{16: 1, 8: 1, 6: 7, 7: 3, 9: 1, 5: 4, 1: 26, 3: 22, 4: 11, 2: 24}",-0.8072982537804587
582,barabasi_albert,100,150,5,2,3.9526,3.0,2.23159136044214,"{10: 1, 11: 1, 13: 1, 7: 3, 6: 2, 4: 10, 8: 2, 9: 1, 1: 18, 5: 3, 2: 39, 3: 19}",-0.8072982537804587
583,barabasi_albert,100,150,5,2,4.2532,3.0,2.1118712081942874,"{8: 2, 9: 5, 10: 1, 6: 1, 3: 20, 5: 6, 1: 23, 2: 29, 4: 13}",-0.8072982537804587
584,barabasi_albert,100,150,5,2,3.9972,3.0,2.177154105707724,"{10: 1, 8: 4, 12: 1, 2: 23, 3: 21, 4: 11, 7: 2, 5: 3, 6: 6, 1: 28}",-0.8072982537804587
585,barabasi_albert,100,150,5,2,3.8596,3.0,2.23159136044214,"{5: 4, 9: 1, 4: 14, 10: 2, 13: 1, 7: 1, 3: 19, 2: 29, 1: 24, 8: 3, 6: 2}",-0.8072982537804587
586,barabasi_albert,100,150,5,2,3.785,3.0,2.4331050121192876,"{13: 1, 9: 1, 11: 2, 6: 5, 12: 1, 4: 8, 1: 31, 2: 22, 7: 1, 5: 8, 3: 20}",-0.8072982537804587
587,barabasi_albert,100,150,5,2,3.8494,3.0,2.240535650240808,"{9: 1, 8: 3, 11: 1, 12: 1, 10: 1, 1: 25, 4: 14, 3: 19, 2: 28, 6: 3, 5: 3, 7: 1}",-0.8072982537804587
588,barabasi_albert,100,150,5,2,3.8368,3.0,2.4413111231467406,"{9: 3, 13: 1, 10: 1, 14: 1, 3: 24, 4: 9, 7: 3, 5: 3, 2: 27, 1: 26, 6: 2}",-0.8072982537804587
589,barabasi_albert,100,150,5,2,3.7972,3.0,2.3021728866442674,"{13: 1, 4: 12, 6: 2, 15: 1, 7: 2, 5: 9, 9: 1, 2: 27, 8: 1, 3: 19, 1: 25}",-0.8072982537804587
590,barabasi_albert,100,150,5,2,3.7744,3.0,2.4041630560342617,"{17: 1, 13: 1, 8: 2, 5: 7, 7: 2, 3: 19, 1: 24, 2: 30, 6: 4, 4: 10}",-0.8072982537804587
591,barabasi_albert,100,150,5,2,3.947,3.0,2.3108440016582685,"{19: 1, 9: 1, 7: 4, 4: 13, 8: 1, 2: 28, 5: 7, 3: 24, 1: 21}",-0.8072982537804587
592,barabasi_albert,100,150,5,2,3.8608,3.0,2.3194827009486403,"{5: 5, 11: 2, 8: 2, 16: 1, 6: 4, 4: 14, 1: 23, 2: 29, 3: 20}",-0.8072982537804587
593,barabasi_albert,100,150,5,2,3.9548,3.0,2.039607805437114,"{12: 1, 10: 1, 11: 1, 9: 1, 8: 1, 5: 7, 2: 37, 3: 23, 4: 11, 7: 1, 1: 15, 6: 1}",-0.8072982537804587
594,barabasi_albert,100,150,5,2,3.824,3.0,2.3065125189341593,"{6: 4, 7: 2, 15: 1, 11: 1, 5: 4, 8: 1, 2: 26, 1: 26, 9: 2, 3: 20, 4: 13}",-0.8072982537804587
595,barabasi_albert,100,150,5,2,3.819,3.0,2.2891046284519194,"{16: 1, 7: 2, 6: 5, 10: 2, 3: 20, 9: 1, 1: 22, 2: 31, 4: 13, 5: 3}",-0.8072982537804587
596,barabasi_albert,100,150,5,2,3.9102,3.0,2.3021728866442674,"{14: 1, 11: 2, 10: 1, 5: 7, 4: 9, 3: 23, 9: 1, 2: 32, 6: 2, 8: 1, 1: 21}",-0.8072982537804587
597,barabasi_albert,100,150,5,2,4.0326,3.0,2.08806130178211,"{6: 2, 5: 6, 10: 4, 7: 2, 8: 1, 3: 19, 1: 25, 2: 25, 4: 16}",-0.8072982537804587
598,barabasi_albert,100,150,5,2,3.7614,3.0,2.6,"{9: 1, 12: 1, 6: 4, 7: 2, 20: 1, 3: 21, 4: 15, 10: 1, 5: 2, 2: 26, 1: 26}",-0.8072982537804587
599,barabasi_albert,100,150,5,2,3.897,3.0,2.2045407685048604,"{7: 4, 12: 1, 10: 1, 9: 2, 8: 2, 2: 26, 4: 9, 1: 25, 6: 3, 3: 25, 5: 2}",-0.8072982537804587
600,barabasi_albert,100,150,5,2,4.0108,3.0,2.3366642891095846,"{10: 2, 8: 2, 17: 1, 7: 2, 3: 27, 6: 4, 4: 10, 2: 28, 1: 22, 5: 2}",-0.8072982537804587
601,barabasi_albert,100,150,5,2,4.176,3.0,2.0248456731316584,"{11: 1, 5: 9, 10: 2, 7: 1, 4: 7, 6: 3, 2: 28, 3: 26, 1: 21, 8: 2}",-0.8072982537804587
602,barabasi_albert,100,150,5,2,3.8516,3.0,2.1260291625469296,"{10: 1, 9: 1, 8: 2, 14: 1, 7: 3, 2: 32, 4: 11, 1: 19, 5: 5, 3: 24, 6: 1}",-0.8072982537804587
603,barabasi_albert,100,150,5,2,3.969,3.0,2.1587033144922905,"{6: 4, 12: 1, 10: 1, 11: 1, 9: 1, 3: 24, 7: 3, 2: 28, 1: 23, 5: 6, 4: 8}",-0.8072982537804587
604,barabasi_albert,100,150,5,2,3.8918,3.0,2.3108440016582685,"{7: 2, 8: 2, 16: 1, 11: 1, 5: 4, 3: 22, 10: 1, 1: 21, 6: 3, 2: 32, 4: 11}",-0.8072982537804587
605,barabasi_albert,100,150,5,2,3.9608,3.0,2.04939015319192,"{8: 1, 11: 1, 5: 7, 9: 2, 4: 12, 7: 1, 10: 1, 3: 19, 1: 22, 6: 4, 2: 30}",-0.8072982537804587
606,barabasi_albert,100,150,5,2,3.891,3.0,2.345207879911715,"{12: 2, 6: 6, 7: 1, 10: 1, 11: 1, 3: 18, 4: 9, 2: 28, 5: 6, 1: 27, 9: 1}",-0.8072982537804587
607,barabasi_albert,100,150,5,2,3.9024,3.0,2.2135943621178655,"{4: 11, 14: 1, 8: 2, 9: 2, 2: 43, 6: 4, 3: 17, 12: 1, 5: 4, 1: 15}",-0.8072982537804587
608,barabasi_albert,100,150,5,2,3.9196,3.0,2.2978250586152114,"{13: 1, 16: 1, 9: 2, 6: 4, 7: 1, 3: 31, 1: 21, 2: 26, 5: 4, 4: 9}",-0.8072982537804587
609,barabasi_albert,100,150,5,2,3.9702,3.0,2.06881608655772,"{10: 1, 8: 4, 9: 2, 5: 4, 1: 23, 7: 1, 4: 9, 6: 5, 3: 22, 2: 29}",-0.8072982537804587
610,barabasi_albert,100,150,5,2,3.8888,3.0,2.1587033144922905,"{12: 1, 9: 1, 10: 2, 8: 2, 6: 2, 2: 34, 3: 23, 5: 8, 1: 20, 7: 2, 4: 5}",-0.8072982537804587
611,barabasi_albert,100,150,5,2,3.9442,3.0,2.2671568097509267,"{9: 2, 10: 1, 8: 2, 13: 1, 5: 6, 7: 3, 2: 24, 1: 28, 3: 22, 6: 3, 4: 8}",-0.8072982537804587
612,barabasi_albert,100,150,5,2,4.076,3.0,2.0199009876724157,"{8: 2, 14: 1, 9: 1, 6: 7, 2: 36, 5: 6, 3: 20, 4: 10, 1: 17}",-0.8072982537804587
613,barabasi_albert,100,150,5,2,3.837,3.0,2.4124676163629637,"{13: 2, 6: 3, 15: 1, 5: 7, 3: 21, 8: 1, 4: 13, 2: 25, 7: 1, 1: 26}",-0.8072982537804587
614,barabasi_albert,100,150,5,2,4.024,3.0,2.328089345364563,"{13: 1, 16: 1, 9: 1, 7: 2, 8: 1, 3: 27, 1: 21, 5: 6, 2: 30, 4: 6, 6: 4}",-0.8072982537804587
615,barabasi_albert,100,150,5,2,4.0252,3.0,2.1213203435596424,"{8: 4, 10: 1, 6: 2, 7: 4, 9: 1, 1: 30, 5: 8, 4: 10, 3: 19, 2: 21}",-0.8072982537804587
616,barabasi_albert,100,150,5,2,3.9736,3.0,2.209072203437452,"{11: 1, 8: 1, 9: 4, 12: 1, 5: 7, 3: 23, 2: 34, 1: 20, 4: 7, 7: 1, 6: 1}",-0.8072982537804587
617,barabasi_albert,100,150,5,2,3.8398,3.0,2.328089345364563,"{7: 2, 16: 1, 6: 3, 10: 1, 13: 1, 4: 13, 3: 26, 8: 1, 2: 27, 1: 22, 5: 3}",-0.8072982537804587
618,barabasi_albert,100,150,5,2,3.824,3.0,2.3958297101421877,"{17: 1, 9: 2, 7: 3, 8: 2, 4: 11, 6: 6, 5: 3, 2: 35, 1: 24, 3: 13}",-0.8072982537804587
619,barabasi_albert,100,150,5,2,3.817,3.0,2.340939982143925,"{11: 1, 13: 2, 9: 1, 8: 1, 2: 29, 6: 3, 3: 19, 5: 6, 1: 25, 4: 11, 7: 2}",-0.8072982537804587
620,barabasi_albert,100,150,5,2,4.1612,3.0,1.9235384061671346,"{7: 4, 10: 1, 5: 6, 6: 4, 12: 1, 2: 32, 3: 22, 4: 12, 1: 18}",-0.8072982537804587
621,barabasi_albert,100,150,5,2,4.2164,3.0,1.9849433241279208,"{11: 1, 9: 2, 10: 1, 5: 6, 3: 20, 4: 18, 7: 2, 1: 23, 2: 25, 6: 2}",-0.8072982537804587
622,barabasi_albert,100,150,5,2,3.8388,3.0,2.4124676163629637,"{11: 1, 8: 3, 19: 1, 7: 2, 3: 24, 5: 4, 4: 14, 1: 22, 2: 28, 6: 1}",-0.8072982537804587
623,barabasi_albert,100,150,5,2,4.0106,3.0,2.0346989949375804,"{6: 7, 8: 3, 11: 1, 5: 5, 7: 1, 10: 1, 1: 23, 3: 24, 4: 8, 2: 27}",-0.8072982537804587
624,barabasi_albert,100,150,5,2,3.778,3.0,2.4698178070456938,"{5: 5, 14: 1, 10: 1, 8: 1, 16: 1, 3: 28, 7: 3, 9: 1, 6: 1, 4: 8, 2: 25, 1: 25}",-0.8072982537804587
625,barabasi_albert,100,150,5,2,3.9484,3.0,2.2759613353482084,"{6: 4, 10: 1, 13: 1, 11: 2, 5: 5, 9: 1, 4: 10, 8: 1, 3: 18, 2: 38, 1: 19}",-0.8072982537804587
626,barabasi_albert,100,150,5,2,3.847,3.0,2.23606797749979,"{12: 1, 9: 3, 8: 2, 4: 8, 13: 1, 6: 2, 3: 29, 1: 22, 5: 5, 2: 27}",-0.8072982537804587
627,barabasi_albert,100,150,5,2,3.8414,3.0,2.328089345364563,"{11: 1, 5: 6, 6: 2, 18: 1, 10: 1, 3: 23, 4: 15, 7: 2, 1: 22, 2: 27}",-0.8072982537804587
628,barabasi_albert,100,150,5,2,3.732,3.0,2.3706539182259396,"{15: 1, 9: 2, 6: 4, 7: 2, 11: 1, 4: 10, 2: 31, 1: 25, 5: 6, 10: 1, 3: 17}",-0.8072982537804587
629,barabasi_albert,100,150,5,2,3.9668,3.0,2.1400934559032696,"{9: 1, 12: 1, 10: 2, 5: 9, 3: 18, 2: 36, 6: 3, 4: 7, 7: 2, 8: 1, 1: 20}",-0.8072982537804587
630,barabasi_albert,100,150,5,2,4.0976,3.0,2.0248456731316584,"{6: 4, 8: 1, 9: 1, 13: 1, 4: 13, 7: 4, 5: 4, 2: 20, 3: 27, 1: 25}",-0.8072982537804587
631,barabasi_albert,100,150,5,2,4.0602,3.0,1.8601075237738274,"{8: 2, 6: 5, 9: 1, 4: 8, 7: 3, 5: 9, 3: 30, 1: 27, 2: 15}",-0.8072982537804587
632,barabasi_albert,100,150,5,2,3.7872,3.0,2.3916521486202797,"{13: 2, 7: 1, 4: 6, 5: 7, 14: 1, 3: 27, 10: 1, 9: 1, 2: 35, 1: 18, 6: 1}",-0.8072982537804587
633,barabasi_albert,100,150,5,2,4.0406,3.0,1.969771560359221,"{8: 2, 10: 1, 11: 1, 5: 9, 4: 20, 3: 17, 7: 2, 2: 20, 1: 27, 6: 1}",-0.8072982537804587
634,barabasi_albert,100,150,5,2,3.9164,3.0,2.3579652245103193,"{9: 1, 12: 1, 14: 1, 10: 1, 11: 1, 2: 31, 6: 3, 5: 4, 4: 14, 8: 1, 3: 19, 1: 23}",-0.8072982537804587
635,barabasi_albert,100,150,5,2,3.8288,3.0,2.453568829277059,"{13: 1, 4: 13, 7: 3, 17: 1, 9: 1, 2: 28, 5: 4, 3: 24, 11: 1, 1: 23, 6: 1}",-0.8072982537804587
636,barabasi_albert,100,150,5,2,3.9002,3.0,2.240535650240808,"{14: 1, 10: 1, 6: 2, 15: 1, 3: 33, 2: 29, 4: 12, 7: 2, 8: 1, 1: 17, 5: 1}",-0.8072982537804587
637,barabasi_albert,100,150,5,2,3.693,3.0,2.4617067250182343,"{8: 4, 9: 2, 16: 1, 12: 1, 2: 27, 4: 11, 3: 20, 1: 27, 5: 5, 6: 2}",-0.8072982537804587
638,barabasi_albert,100,150,5,2,3.9364,3.0,2.258317958127243,"{13: 2, 7: 4, 9: 1, 5: 9, 4: 8, 1: 25, 3: 17, 6: 4, 2: 30}",-0.8072982537804587
639,barabasi_albert,100,150,5,2,3.8822,3.0,2.2494443758403984,"{5: 8, 11: 2, 13: 2, 8: 1, 3: 23, 4: 13, 2: 32, 1: 19}",-0.8072982537804587
640,barabasi_albert,100,150,5,2,3.9548,3.0,2.3706539182259396,"{11: 1, 18: 1, 8: 1, 6: 6, 7: 1, 5: 9, 2: 21, 4: 9, 3: 23, 1: 28}",-0.8072982537804587
641,barabasi_albert,100,150,5,2,3.953,3.0,2.240535650240808,"{14: 1, 5: 8, 7: 2, 15: 1, 3: 18, 6: 2, 4: 15, 2: 31, 1: 21, 8: 1}",-0.8072982537804587
642,barabasi_albert,100,150,5,2,3.9408,3.0,2.3790754506740637,"{8: 1, 9: 2, 6: 2, 13: 1, 12: 1, 4: 12, 11: 1, 7: 3, 2: 34, 3: 15, 1: 24, 5: 4}",-0.8072982537804587
643,barabasi_albert,100,150,5,2,3.9226,3.0,2.32379000772445,"{7: 2, 14: 1, 8: 1, 5: 6, 13: 1, 6: 5, 2: 28, 4: 12, 10: 1, 1: 26, 3: 17}",-0.8072982537804587
644,barabasi_albert,100,150,5,2,4.1372,3.0,1.8867962264113207,"{10: 2, 7: 1, 9: 1, 6: 3, 3: 22, 5: 9, 4: 12, 8: 1, 2: 30, 1: 19}",-0.8072982537804587
645,barabasi_albert,100,150,5,2,3.9702,3.0,2.092844953645635,"{5: 11, 12: 1, 10: 1, 9: 1, 13: 1, 2: 28, 3: 29, 7: 1, 4: 8, 1: 19}",-0.8072982537804587
646,barabasi_albert,100,150,5,2,3.81,3.0,2.4041630560342617,"{11: 2, 8: 1, 15: 1, 5: 5, 3: 20, 2: 35, 10: 2, 4: 10, 7: 1, 6: 2, 1: 21}",-0.8072982537804587
647,barabasi_albert,100,150,5,2,4.0348,3.0,2.0199009876724157,"{6: 2, 7: 6, 10: 2, 2: 32, 4: 12, 11: 1, 3: 23, 1: 19, 5: 3}",-0.8072982537804587
648,barabasi_albert,100,150,5,2,4.092,3.0,2.0248456731316584,"{7: 6, 10: 2, 9: 1, 6: 2, 5: 6, 3: 23, 4: 12, 2: 22, 1: 26}",-0.8072982537804587
649,barabasi_albert,100,150,5,2,3.9668,3.0,2.092844953645635,"{8: 2, 6: 4, 11: 2, 9: 2, 1: 19, 3: 22, 5: 4, 4: 10, 2: 34, 7: 1}",-0.8072982537804587
650,barabasi_albert,100,150,5,2,4.0658,3.0,2.0199009876724157,"{9: 1, 8: 2, 7: 3, 6: 2, 10: 1, 4: 14, 1: 18, 3: 16, 11: 1, 2: 37, 5: 5}",-0.8072982537804587
651,barabasi_albert,100,150,5,2,4.2026,3.0,1.876166303929372,"{7: 2, 10: 2, 8: 1, 2: 25, 9: 1, 5: 6, 3: 32, 4: 9, 6: 3, 1: 19}",-0.8072982537804587
652,barabasi_albert,100,150,5,2,3.9324,3.0,2.2759613353482084,"{10: 2, 16: 1, 7: 3, 5: 7, 4: 12, 3: 21, 9: 1, 1: 22, 2: 30, 6: 1}",-0.8072982537804587
653,barabasi_albert,100,150,5,2,3.825,3.0,2.2759613353482084,"{15: 1, 5: 8, 8: 1, 11: 2, 9: 1, 6: 2, 3: 22, 4: 8, 2: 35, 7: 1, 1: 19}",-0.8072982537804587
654,barabasi_albert,100,150,5,2,4.0722,3.0,2.009975124224178,"{12: 1, 6: 2, 8: 2, 7: 2, 9: 2, 3: 21, 4: 16, 5: 5, 1: 22, 2: 27}",-0.8072982537804587
655,barabasi_albert,100,150,5,2,3.908,3.0,2.353720459187964,"{14: 2, 10: 1, 8: 2, 4: 15, 5: 8, 2: 28, 6: 2, 3: 15, 7: 1, 1: 26}",-0.8072982537804587
656,barabasi_albert,100,150,5,2,4.008,3.0,2.1447610589527217,"{11: 1, 9: 1, 13: 1, 5: 8, 4: 6, 10: 1, 3: 24, 2: 32, 6: 5, 7: 1, 1: 20}",-0.8072982537804587
657,barabasi_albert,100,150,5,2,4.0646,3.0,2.0591260281974,"{8: 4, 10: 2, 7: 4, 3: 22, 2: 24, 5: 1, 4: 16, 6: 2, 1: 25}",-0.8072982537804587
658,barabasi_albert,100,150,5,2,4.2428,3.0,1.816590212458495,"{5: 7, 4: 18, 6: 3, 9: 2, 8: 3, 3: 20, 1: 21, 2: 26}",-0.8072982537804587
659,barabasi_albert,100,150,5,2,3.7692,3.0,2.420743687382041,"{6: 3, 9: 1, 13: 2, 15: 1, 4: 15, 7: 2, 3: 25, 1: 25, 5: 2, 2: 24}",-0.8072982537804587
660,barabasi_albert,100,150,5,2,3.9768,3.0,2.244994432064365,"{11: 1, 10: 2, 12: 1, 6: 3, 9: 1, 5: 4, 4: 17, 3: 17, 1: 27, 7: 2, 2: 25}",-0.8072982537804587
661,barabasi_albert,100,150,5,2,4.0628,3.0,2.083266665599966,"{9: 1, 6: 3, 10: 2, 7: 4, 3: 19, 5: 5, 8: 2, 4: 12, 2: 27, 1: 25}",-0.8072982537804587
662,barabasi_albert,100,150,5,2,3.9532,3.0,2.1354156504062622,"{10: 1, 5: 3, 9: 3, 12: 1, 3: 25, 11: 1, 7: 1, 2: 38, 6: 2, 4: 10, 1: 15}",-0.8072982537804587
663,barabasi_albert,100,150,5,2,3.8388,3.0,2.1633307652783933,"{8: 1, 11: 1, 7: 4, 5: 8, 10: 2, 3: 25, 4: 5, 1: 25, 9: 1, 6: 2, 2: 26}",-0.8072982537804587
664,barabasi_albert,100,150,5,2,3.899,3.0,2.4124676163629637,"{13: 2, 14: 1, 10: 1, 7: 1, 1: 21, 4: 11, 5: 4, 2: 31, 3: 25, 9: 1, 6: 2}",-0.8072982537804587
665,barabasi_albert,100,150,5,2,3.9088,3.0,2.2759613353482084,"{14: 1, 7: 2, 4: 14, 5: 8, 13: 1, 8: 2, 2: 32, 9: 1, 1: 23, 3: 15, 6: 1}",-0.8072982537804587
666,barabasi_albert,100,150,5,2,4.0202,3.0,1.944222209522358,"{7: 3, 9: 1, 6: 5, 11: 1, 3: 25, 8: 2, 4: 8, 2: 31, 1: 19, 5: 5}",-0.8072982537804587
667,barabasi_albert,100,150,5,2,3.9982,3.0,2.1400934559032696,"{7: 2, 9: 1, 15: 1, 8: 2, 5: 4, 4: 14, 6: 5, 2: 25, 3: 22, 1: 24}",-0.8072982537804587
668,barabasi_albert,100,150,5,2,3.7628,3.0,2.4331050121192876,"{9: 2, 6: 3, 14: 1, 8: 1, 3: 25, 4: 14, 17: 1, 2: 25, 5: 4, 1: 24}",-0.8072982537804587
669,barabasi_albert,100,150,5,2,3.8404,3.0,2.258317958127243,"{6: 3, 7: 4, 16: 1, 8: 3, 4: 11, 9: 1, 3: 18, 5: 3, 1: 20, 2: 36}",-0.8072982537804587
670,barabasi_albert,100,150,5,2,3.9866,3.0,2.073644135332772,"{11: 1, 10: 1, 7: 3, 5: 13, 2: 30, 4: 9, 12: 1, 3: 19, 1: 22, 6: 1}",-0.8072982537804587
671,barabasi_albert,100,150,5,2,4.088,3.0,2.1540659228538015,"{5: 7, 10: 3, 14: 1, 1: 18, 3: 22, 7: 1, 8: 1, 4: 12, 2: 34, 6: 1}",-0.8072982537804587
672,barabasi_albert,100,150,5,2,3.8538,3.0,2.3790754506740637,"{10: 1, 8: 5, 17: 1, 2: 29, 5: 5, 7: 1, 4: 13, 3: 18, 1: 25, 6: 2}",-0.8072982537804587
673,barabasi_albert,100,150,5,2,3.989,3.0,2.2494443758403984,"{7: 5, 10: 1, 14: 1, 8: 1, 12: 1, 3: 27, 2: 28, 5: 4, 1: 22, 4: 9, 6: 1}",-0.8072982537804587
674,barabasi_albert,100,150,5,2,3.9796,3.0,2.1587033144922905,"{15: 1, 5: 8, 8: 3, 9: 1, 3: 24, 2: 27, 4: 8, 6: 4, 7: 1, 1: 23}",-0.8072982537804587
675,barabasi_albert,100,150,5,2,4.1228,3.0,2.0639767440550294,"{10: 1, 8: 3, 11: 1, 5: 8, 3: 24, 7: 1, 9: 1, 2: 27, 6: 3, 4: 8, 1: 23}",-0.8072982537804587
676,barabasi_albert,100,150,5,2,3.9026,3.0,2.244994432064365,"{4: 10, 12: 1, 10: 3, 7: 1, 9: 2, 1: 22, 3: 18, 6: 4, 2: 34, 5: 5}",-0.8072982537804587
677,barabasi_albert,100,150,5,2,4.0252,3.0,1.9949937343260002,"{7: 2, 12: 1, 9: 2, 5: 5, 4: 11, 6: 5, 3: 24, 2: 28, 1: 21, 8: 1}",-0.8072982537804587
678,barabasi_albert,100,150,5,2,3.855,3.0,2.3065125189341593,"{12: 1, 6: 5, 8: 1, 7: 3, 15: 1, 2: 35, 4: 13, 3: 17, 10: 1, 1: 21, 5: 2}",-0.8072982537804587
679,barabasi_albert,100,150,5,2,4.046,3.0,2.0199009876724157,"{9: 2, 11: 1, 5: 3, 6: 7, 4: 15, 7: 2, 8: 1, 3: 19, 1: 25, 2: 25}",-0.8072982537804587
680,barabasi_albert,100,150,5,2,4.0946,3.0,1.7888543819998317,"{6: 6, 7: 2, 8: 2, 9: 1, 5: 8, 4: 11, 2: 33, 3: 19, 1: 18}",-0.8072982537804587
681,barabasi_albert,100,150,5,2,4.0462,3.0,2.16794833886788,"{16: 1, 7: 2, 9: 2, 6: 5, 3: 19, 4: 13, 5: 6, 1: 21, 2: 31}",-0.8072982537804587
682,barabasi_albert,100,150,5,2,3.9992,3.0,2.039607805437114,"{8: 2, 7: 1, 10: 1, 9: 3, 5: 6, 4: 10, 1: 19, 2: 38, 6: 5, 3: 15}",-0.8072982537804587
683,barabasi_albert,100,150,5,2,4.063,3.0,2.092844953645635,"{14: 1, 5: 7, 9: 1, 6: 3, 10: 1, 2: 28, 4: 13, 1: 22, 7: 3, 3: 21}",-0.8072982537804587
684,barabasi_albert,100,150,5,2,3.6848,3.0,2.588435821108957,"{10: 1, 12: 1, 18: 1, 7: 1, 14: 1, 4: 10, 5: 7, 2: 30, 1: 23, 3: 23, 6: 2}",-0.8072982537804587
685,barabasi_albert,100,150,5,2,4.0188,3.0,2.130727575266252,"{8: 2, 7: 5, 6: 2, 16: 1, 2: 34, 4: 11, 1: 18, 5: 5, 3: 22}",-0.8072982537804587
686,barabasi_albert,100,150,5,2,3.8124,3.0,2.353720459187964,"{10: 1, 5: 7, 8: 1, 14: 1, 15: 1, 4: 10, 6: 3, 3: 19, 2: 34, 1: 21, 7: 2}",-0.8072982537804587
687,barabasi_albert,100,150,5,2,3.9892,3.0,2.209072203437452,"{14: 1, 11: 1, 6: 6, 10: 1, 4: 9, 3: 23, 2: 30, 7: 2, 5: 4, 1: 22, 8: 1}",-0.8072982537804587
688,barabasi_albert,100,150,5,2,3.8506,3.0,2.2671568097509267,"{13: 1, 9: 1, 7: 2, 8: 4, 10: 1, 2: 22, 4: 13, 5: 6, 3: 18, 6: 2, 1: 30}",-0.8072982537804587
689,barabasi_albert,100,150,5,2,3.9996,3.0,2.0149441679609885,"{10: 2, 8: 3, 9: 1, 4: 10, 2: 28, 5: 7, 6: 3, 7: 1, 3: 23, 1: 22}",-0.8072982537804587
690,barabasi_albert,100,150,5,2,3.8692,3.0,2.349468024894146,"{16: 1, 11: 1, 10: 2, 8: 2, 3: 30, 6: 1, 7: 1, 5: 6, 4: 7, 2: 27, 1: 22}",-0.8072982537804587
691,barabasi_albert,100,150,5,2,4.0054,3.0,2.262741699796952,"{10: 2, 9: 2, 8: 3, 11: 1, 6: 1, 5: 7, 4: 12, 2: 26, 3: 17, 7: 1, 1: 28}",-0.8072982537804587
692,barabasi_albert,100,150,5,2,4.1952,3.0,1.8867962264113207,"{6: 4, 9: 2, 8: 3, 4: 18, 2: 31, 1: 20, 5: 3, 3: 17, 7: 2}",-0.8072982537804587
693,barabasi_albert,100,150,5,2,3.7348,3.0,2.565151067676132,"{7: 2, 8: 2, 10: 1, 21: 1, 4: 13, 2: 31, 3: 14, 6: 3, 5: 8, 1: 25}",-0.8072982537804587
694,barabasi_albert,100,150,5,2,3.986,3.0,2.1354156504062622,"{7: 4, 8: 2, 11: 1, 10: 2, 5: 6, 2: 27, 6: 2, 4: 11, 3: 20, 1: 25}",-0.8072982537804587
695,barabasi_albert,100,150,5,2,3.7168,3.0,2.6267851073127395,"{5: 4, 19: 1, 14: 1, 7: 2, 13: 1, 6: 4, 2: 34, 3: 21, 4: 11, 1: 21}",-0.8072982537804587
696,barabasi_albert,100,150,5,2,3.7846,3.0,2.3065125189341593,"{11: 1, 7: 2, 9: 1, 10: 1, 4: 10, 6: 4, 3: 22, 16: 1, 1: 21, 2: 32, 5: 5}",-0.8072982537804587
697,barabasi_albert,100,150,5,2,3.9576,3.0,2.083266665599966,"{9: 1, 7: 3, 5: 6, 8: 2, 13: 1, 6: 4, 4: 14, 2: 26, 1: 25, 3: 18}",-0.8072982537804587
698,barabasi_albert,100,150,5,2,3.8222,3.0,2.227105745132009,"{6: 7, 8: 2, 7: 2, 14: 1, 1: 22, 9: 1, 10: 1, 4: 10, 2: 35, 3: 16, 5: 3}",-0.8072982537804587
699,barabasi_albert,100,150,5,2,3.798,3.0,2.3664319132398464,"{6: 3, 12: 1, 9: 2, 14: 1, 8: 2, 2: 24, 3: 23, 10: 1, 1: 27, 4: 12, 5: 4}",-0.8072982537804587
700,barabasi_albert,100,150,5,2,3.9588,3.0,2.3065125189341593,"{8: 2, 11: 1, 6: 3, 12: 1, 14: 1, 3: 20, 4: 12, 2: 29, 5: 5, 1: 24, 7: 2}",-0.8072982537804587
701,barabasi_albert,100,150,5,2,4.005,3.0,2.0346989949375804,"{11: 1, 8: 1, 7: 4, 9: 3, 1: 20, 4: 12, 5: 3, 6: 2, 2: 31, 3: 23}",-0.8072982537804587
702,barabasi_albert,100,150,5,2,3.6946,3.0,2.449489742783178,"{15: 1, 8: 1, 13: 1, 12: 2, 4: 11, 3: 26, 7: 1, 6: 2, 2: 32, 5: 3, 1: 20}",-0.8072982537804587
703,barabasi_albert,100,150,5,2,4.1676,3.0,2.0248456731316584,"{6: 1, 10: 1, 5: 6, 8: 3, 13: 1, 4: 15, 7: 2, 2: 34, 3: 19, 1: 18}",-0.8072982537804587
704,barabasi_albert,100,150,5,2,3.9864,3.0,2.1023796041628637,"{10: 2, 15: 1, 6: 3, 5: 7, 3: 23, 1: 19, 4: 14, 2: 30, 8: 1}",-0.8072982537804587
705,barabasi_albert,100,150,5,2,4.065,3.0,2.1540659228538015,"{8: 3, 14: 1, 10: 1, 5: 8, 2: 22, 3: 24, 6: 2, 4: 11, 1: 26, 7: 2}",-0.8072982537804587
706,barabasi_albert,100,150,5,2,3.8906,3.0,2.328089345364563,"{10: 1, 12: 1, 7: 1, 17: 1, 5: 9, 3: 23, 6: 2, 2: 32, 1: 20, 4: 9, 8: 1}",-0.8072982537804587
707,barabasi_albert,100,150,5,2,3.9812,3.0,2.1118712081942874,"{8: 1, 7: 2, 10: 1, 5: 5, 15: 1, 6: 6, 2: 31, 3: 22, 1: 20, 4: 11}",-0.8072982537804587
708,barabasi_albert,100,150,5,2,3.8694,3.0,2.3021728866442674,"{15: 1, 9: 2, 5: 8, 11: 1, 8: 1, 3: 12, 7: 2, 1: 24, 4: 14, 6: 2, 2: 33}",-0.8072982537804587
709,barabasi_albert,100,150,5,2,3.9088,3.0,2.16794833886788,"{12: 2, 8: 2, 6: 5, 5: 6, 7: 3, 2: 29, 3: 16, 4: 12, 1: 25}",-0.8072982537804587
710,barabasi_albert,100,150,5,2,3.8014,3.0,2.3706539182259396,"{14: 1, 11: 3, 5: 6, 3: 24, 4: 10, 6: 2, 9: 1, 2: 25, 7: 2, 1: 26}",-0.8072982537804587
711,barabasi_albert,100,150,5,2,3.8728,3.0,2.6,"{9: 1, 20: 1, 12: 1, 4: 12, 11: 1, 2: 25, 6: 5, 3: 23, 5: 5, 1: 26}",-0.8072982537804587
712,barabasi_albert,100,150,5,2,3.876,3.0,2.3108440016582685,"{9: 1, 11: 1, 8: 3, 7: 1, 16: 1, 3: 20, 2: 33, 5: 2, 4: 13, 6: 4, 1: 21}",-0.8072982537804587
713,barabasi_albert,100,150,5,2,4.0672,3.0,2.092844953645635,"{6: 4, 12: 1, 15: 1, 5: 5, 2: 27, 7: 1, 3: 28, 1: 19, 4: 13, 8: 1}",-0.8072982537804587
714,barabasi_albert,100,150,5,2,3.7906,3.0,2.3916521486202797,"{8: 1, 12: 1, 15: 1, 4: 10, 10: 1, 6: 6, 2: 33, 9: 1, 3: 14, 7: 1, 1: 25, 5: 6}",-0.8072982537804587
715,barabasi_albert,100,150,5,2,3.952,3.0,2.222611077089287,"{13: 1, 10: 1, 5: 6, 12: 1, 8: 1, 9: 1, 1: 24, 6: 5, 3: 22, 2: 27, 4: 11}",-0.8072982537804587
716,barabasi_albert,100,150,5,2,4.018,3.0,2.1540659228538015,"{9: 1, 12: 1, 10: 2, 6: 3, 7: 4, 1: 25, 5: 5, 2: 26, 3: 21, 4: 12}",-0.8072982537804587
717,barabasi_albert,100,150,5,2,3.8928,3.0,2.2891046284519194,"{13: 1, 8: 2, 14: 1, 9: 1, 7: 3, 1: 20, 2: 35, 4: 7, 5: 5, 6: 3, 3: 22}",-0.8072982537804587
718,barabasi_albert,100,150,5,2,4.008,3.0,2.1071307505705477,"{14: 1, 9: 2, 7: 2, 10: 1, 5: 4, 4: 12, 3: 22, 6: 4, 2: 34, 1: 18}",-0.8072982537804587
719,barabasi_albert,100,150,5,2,3.9116,3.0,2.195449840010015,"{5: 5, 10: 1, 8: 2, 9: 1, 3: 27, 2: 30, 4: 11, 16: 1, 7: 2, 1: 19, 6: 1}",-0.8072982537804587
720,barabasi_albert,100,150,5,2,4.2248,3.0,1.8814887722226779,"{8: 1, 7: 1, 6: 3, 11: 1, 10: 1, 3: 19, 5: 11, 4: 15, 2: 26, 1: 22}",-0.8072982537804587
721,barabasi_albert,100,150,5,2,4.094,3.0,1.8055470085267789,"{6: 4, 7: 2, 8: 1, 9: 1, 2: 33, 4: 19, 10: 1, 3: 15, 5: 6, 1: 18}",-0.8072982537804587
722,barabasi_albert,100,150,5,2,4.023,3.0,2.1071307505705477,"{9: 2, 13: 1, 5: 7, 8: 1, 7: 3, 6: 3, 4: 17, 3: 11, 2: 31, 1: 24}",-0.8072982537804587
723,barabasi_albert,100,150,5,2,3.7572,3.0,2.753179979587241,"{20: 1, 15: 1, 6: 1, 4: 11, 14: 1, 3: 27, 5: 8, 2: 23, 1: 26, 8: 1}",-0.8072982537804587
724,barabasi_albert,100,150,5,2,3.947,3.0,2.130727575266252,"{8: 2, 13: 1, 9: 2, 4: 15, 11: 1, 1: 22, 5: 9, 3: 19, 2: 29}",-0.8072982537804587
725,barabasi_albert,100,150,5,2,3.8272,3.0,2.2135943621178655,"{6: 2, 5: 4, 7: 2, 11: 1, 16: 1, 1: 19, 3: 28, 4: 12, 2: 29, 10: 1, 8: 1}",-0.8072982537804587
726,barabasi_albert,100,150,5,2,3.886,3.0,2.2978250586152114,"{8: 2, 12: 1, 11: 2, 7: 3, 2: 29, 6: 3, 1: 25, 3: 23, 5: 6, 4: 5, 9: 1}",-0.8072982537804587
727,barabasi_albert,100,150,5,2,3.847,3.0,2.3151673805580453,"{7: 5, 8: 1, 16: 1, 11: 1, 3: 23, 5: 5, 6: 2, 4: 7, 1: 21, 9: 1, 2: 33}",-0.8072982537804587
728,barabasi_albert,100,150,5,2,4.0624,3.0,2.130727575266252,"{10: 2, 5: 6, 6: 4, 11: 1, 8: 3, 1: 26, 2: 25, 4: 12, 3: 20, 7: 1}",-0.8072982537804587
729,barabasi_albert,100,150,5,2,3.961,3.0,2.04939015319192,"{12: 1, 9: 2, 13: 1, 7: 1, 5: 4, 3: 26, 2: 29, 6: 2, 4: 16, 1: 18}",-0.8072982537804587
730,barabasi_albert,100,150,5,2,3.9498,3.0,2.177154105707724,"{8: 1, 9: 2, 11: 2, 10: 1, 6: 4, 3: 16, 2: 35, 1: 21, 4: 13, 7: 1, 5: 4}",-0.8072982537804587
731,barabasi_albert,100,150,5,2,3.8874,3.0,2.1400934559032696,"{8: 3, 10: 2, 12: 1, 5: 3, 3: 20, 4: 17, 6: 2, 1: 25, 2: 25, 7: 2}",-0.8072982537804587
732,barabasi_albert,100,150,5,2,3.6414,3.0,2.7712812921102037,"{8: 1, 4: 8, 5: 11, 24: 1, 12: 1, 6: 1, 3: 25, 2: 24, 1: 26, 7: 2}",-0.8072982537804587
733,barabasi_albert,100,150,5,2,3.9524,3.0,2.1023796041628637,"{11: 1, 5: 9, 10: 1, 9: 3, 2: 33, 4: 11, 3: 18, 7: 2, 8: 1, 1: 21}",-0.8072982537804587
734,barabasi_albert,100,150,5,2,4.0446,3.0,1.98997487421324,"{11: 2, 6: 4, 8: 1, 5: 8, 3: 20, 1: 20, 7: 1, 2: 31, 4: 12, 9: 1}",-0.8072982537804587
735,barabasi_albert,100,150,5,2,3.958,3.0,2.1213203435596424,"{5: 7, 8: 1, 6: 4, 13: 1, 10: 2, 9: 1, 2: 25, 4: 10, 3: 26, 1: 23}",-0.8072982537804587
736,barabasi_albert,100,150,5,2,3.801,3.0,2.4,"{11: 3, 10: 1, 12: 1, 7: 3, 5: 9, 4: 9, 3: 16, 1: 29, 6: 2, 2: 27}",-0.8072982537804587
737,barabasi_albert,100,150,5,2,3.9544,3.0,2.244994432064365,"{15: 1, 8: 1, 5: 8, 4: 10, 13: 1, 6: 8, 2: 33, 1: 22, 3: 16}",-0.8072982537804587
738,barabasi_albert,100,150,5,2,4.0618,3.0,2.0346989949375804,"{9: 1, 12: 1, 7: 2, 6: 5, 2: 28, 8: 3, 5: 5, 3: 24, 4: 9, 1: 22}",-0.8072982537804587
739,barabasi_albert,100,150,5,2,3.883,3.0,2.2715633383201093,"{9: 3, 8: 1, 5: 6, 15: 1, 7: 2, 4: 10, 3: 20, 2: 35, 10: 1, 6: 1, 1: 20}",-0.8072982537804587
740,barabasi_albert,100,150,5,2,3.954,3.0,1.9544820285692064,"{7: 2, 8: 1, 13: 1, 6: 4, 9: 1, 4: 13, 5: 8, 2: 32, 1: 19, 3: 19}",-0.8072982537804587
741,barabasi_albert,100,150,5,2,3.8126,3.0,2.584569596664017,"{12: 2, 9: 2, 10: 2, 14: 1, 7: 1, 2: 32, 1: 26, 4: 8, 5: 3, 3: 20, 6: 2, 8: 1}",-0.8072982537804587
742,barabasi_albert,100,150,5,2,3.9256,3.0,2.4166091947189146,"{7: 4, 17: 1, 6: 3, 11: 2, 4: 12, 1: 21, 2: 36, 8: 1, 3: 17, 5: 3}",-0.8072982537804587
743,barabasi_albert,100,150,5,2,3.8984,3.0,2.181742422927143,"{14: 1, 7: 1, 6: 5, 11: 1, 9: 1, 4: 12, 2: 21, 8: 1, 3: 23, 5: 7, 1: 27}",-0.8072982537804587
744,barabasi_albert,100,150,5,2,4.0138,3.0,1.9544820285692064,"{9: 1, 11: 1, 8: 1, 10: 1, 5: 12, 3: 23, 4: 7, 6: 3, 2: 30, 1: 20, 7: 1}",-0.8072982537804587
745,barabasi_albert,100,150,5,2,4.102,3.0,2.0199009876724157,"{10: 2, 7: 3, 9: 1, 5: 3, 4: 14, 8: 2, 2: 34, 3: 17, 6: 4, 1: 20}",-0.8072982537804587
746,barabasi_albert,100,150,5,2,3.9878,3.0,2.4,"{12: 2, 5: 4, 9: 2, 15: 1, 2: 35, 3: 22, 7: 3, 4: 10, 6: 1, 1: 20}",-0.8072982537804587
747,barabasi_albert,100,150,5,2,3.9518,3.0,2.349468024894146,"{15: 1, 6: 5, 9: 1, 13: 1, 4: 10, 8: 2, 1: 24, 2: 31, 3: 18, 7: 1, 5: 6}",-0.8072982537804587
748,barabasi_albert,100,150,5,2,4.0642,3.0,1.8439088914585775,"{8: 2, 6: 8, 7: 2, 10: 1, 4: 11, 3: 25, 2: 26, 5: 4, 1: 21}",-0.8072982537804587
749,barabasi_albert,100,150,5,2,4.0846,3.0,1.8973665961010275,"{4: 15, 10: 1, 7: 2, 9: 2, 8: 2, 3: 21, 5: 5, 6: 2, 2: 32, 1: 18}",-0.8072982537804587
750,barabasi_albert,100,150,5,2,3.9904,3.0,2.2847319317591723,"{14: 1, 10: 3, 9: 2, 4: 13, 2: 32, 3: 19, 7: 1, 6: 1, 1: 22, 5: 6}",-0.8072982537804587
751,barabasi_albert,100,150,5,2,3.699,3.0,2.4,"{8: 3, 16: 1, 6: 3, 7: 3, 13: 1, 2: 28, 4: 9, 5: 5, 3: 22, 1: 25}",-0.8072982537804587
752,barabasi_albert,100,150,5,2,3.915,3.0,2.1447610589527217,"{12: 2, 10: 1, 8: 3, 7: 1, 4: 13, 5: 2, 6: 3, 2: 30, 3: 25, 1: 20}",-0.8072982537804587
753,barabasi_albert,100,150,5,2,3.8492,3.0,2.2978250586152114,"{14: 1, 10: 3, 6: 5, 4: 14, 2: 33, 7: 3, 3: 11, 1: 25, 5: 5}",-0.8072982537804587
754,barabasi_albert,100,150,5,2,4.0894,3.0,2.04939015319192,"{9: 3, 10: 1, 12: 1, 4: 16, 6: 2, 2: 28, 1: 20, 5: 2, 3: 25, 7: 2}",-0.8072982537804587
755,barabasi_albert,100,150,5,2,3.8658,3.0,2.177154105707724,"{5: 10, 11: 1, 14: 1, 9: 1, 6: 4, 3: 26, 1: 24, 2: 24, 4: 8, 10: 1}",-0.8072982537804587
756,barabasi_albert,100,150,5,2,4.0994,3.0,2.1908902300206643,"{12: 1, 6: 4, 17: 1, 4: 11, 3: 23, 2: 40, 5: 4, 7: 3, 1: 13}",-0.8072982537804587
757,barabasi_albert,100,150,5,2,3.9798,3.0,2.181742422927143,"{9: 2, 8: 5, 13: 1, 4: 10, 2: 30, 5: 5, 6: 3, 3: 21, 1: 23}",-0.8072982537804587
758,barabasi_albert,100,150,5,2,3.7188,3.0,2.4979991993593593,"{10: 1, 9: 2, 5: 9, 20: 1, 3: 19, 1: 26, 4: 15, 8: 1, 2: 25, 6: 1}",-0.8072982537804587
759,barabasi_albert,100,150,5,2,3.9364,3.0,2.195449840010015,"{5: 7, 13: 1, 8: 1, 14: 1, 7: 2, 6: 3, 9: 1, 2: 37, 4: 8, 1: 17, 3: 22}",-0.8072982537804587
760,barabasi_albert,100,150,5,2,3.9186,3.0,2.2891046284519194,"{17: 1, 7: 2, 9: 2, 5: 6, 10: 1, 4: 13, 2: 29, 3: 24, 8: 1, 1: 21}",-0.8072982537804587
761,barabasi_albert,100,150,5,2,3.9938,3.0,2.172556098240043,"{4: 15, 6: 6, 17: 1, 8: 1, 7: 2, 5: 7, 3: 18, 2: 26, 1: 24}",-0.8072982537804587
762,barabasi_albert,100,150,5,2,3.8082,3.0,2.3916521486202797,"{10: 1, 12: 1, 9: 1, 5: 6, 7: 1, 6: 4, 8: 2, 3: 22, 1: 25, 4: 7, 15: 1, 2: 29}",-0.8072982537804587
763,barabasi_albert,100,150,5,2,3.8038,3.0,2.2847319317591723,"{7: 2, 9: 1, 16: 1, 8: 2, 6: 4, 3: 20, 2: 36, 4: 11, 11: 1, 1: 19, 5: 3}",-0.8072982537804587
764,barabasi_albert,100,150,5,2,4.0926,3.0,1.944222209522358,"{4: 14, 7: 5, 10: 1, 9: 2, 1: 22, 2: 28, 5: 5, 3: 20, 6: 3}",-0.8072982537804587
765,barabasi_albert,100,150,5,2,3.9656,3.0,2.1260291625469296,"{12: 1, 4: 16, 6: 6, 9: 4, 3: 18, 2: 25, 7: 1, 5: 3, 1: 26}",-0.8072982537804587
766,barabasi_albert,100,150,5,2,3.627,3.0,2.596150997149434,"{7: 1, 13: 1, 20: 1, 11: 1, 9: 1, 3: 22, 4: 12, 2: 34, 6: 3, 1: 20, 5: 4}",-0.8072982537804587
767,barabasi_albert,100,150,5,2,3.7798,3.0,2.445403852127497,"{8: 2, 7: 3, 13: 2, 9: 2, 4: 12, 10: 1, 3: 12, 2: 34, 6: 1, 5: 5, 1: 26}",-0.8072982537804587
768,barabasi_albert,100,150,5,2,3.7958,3.0,2.3194827009486403,"{8: 2, 15: 1, 6: 3, 7: 3, 9: 1, 2: 28, 1: 24, 3: 24, 12: 1, 5: 5, 4: 8}",-0.8072982537804587
769,barabasi_albert,100,150,5,2,3.9232,3.0,2.3790754506740637,"{8: 3, 15: 1, 6: 3, 7: 1, 11: 1, 4: 14, 3: 18, 12: 1, 5: 4, 2: 29, 1: 25}",-0.8072982537804587
770,barabasi_albert,100,150,5,2,4.1302,3.0,2.078460969082653,"{10: 2, 7: 4, 11: 1, 9: 1, 4: 17, 6: 3, 3: 18, 2: 30, 1: 22, 5: 2}",-0.8072982537804587
771,barabasi_albert,100,150,5,2,3.8458,3.0,2.2978250586152114,"{12: 1, 4: 13, 14: 1, 9: 3, 5: 6, 3: 16, 1: 22, 2: 34, 8: 1, 6: 2, 7: 1}",-0.8072982537804587
772,barabasi_albert,100,150,5,2,4.1854,3.0,1.9390719429665315,"{9: 3, 8: 1, 6: 2, 11: 1, 4: 16, 3: 22, 5: 8, 2: 25, 1: 22}",-0.8072982537804587
773,barabasi_albert,100,150,5,2,3.8192,3.0,2.1908902300206643,"{9: 1, 8: 3, 11: 1, 10: 2, 3: 25, 7: 2, 5: 6, 2: 26, 1: 25, 4: 7, 6: 2}",-0.8072982537804587
774,barabasi_albert,100,150,5,2,4.1546,3.0,1.9183326093250879,"{8: 3, 11: 1, 4: 11, 7: 1, 9: 1, 3: 18, 5: 12, 6: 1, 2: 33, 1: 19}",-0.8072982537804587
775,barabasi_albert,100,150,5,2,3.9864,3.0,2.1447610589527217,"{10: 1, 8: 1, 6: 5, 12: 1, 9: 2, 3: 16, 2: 29, 5: 8, 4: 11, 7: 1, 1: 25}",-0.8072982537804587
776,barabasi_albert,100,150,5,2,3.8128,3.0,2.3790754506740637,"{10: 3, 9: 1, 8: 5, 12: 1, 4: 19, 3: 14, 2: 25, 6: 1, 1: 30, 5: 1}",-0.8072982537804587
777,barabasi_albert,100,150,5,2,3.8944,3.0,2.2,"{15: 1, 7: 3, 8: 1, 10: 2, 6: 5, 3: 27, 4: 8, 5: 2, 2: 32, 1: 19}",-0.8072982537804587
778,barabasi_albert,100,150,5,2,3.883,3.0,2.1587033144922905,"{12: 1, 10: 1, 8: 2, 7: 2, 9: 2, 2: 29, 6: 4, 4: 9, 5: 4, 3: 23, 1: 23}",-0.8072982537804587
779,barabasi_albert,100,150,5,2,3.8534,3.0,2.2181073012818833,"{7: 1, 9: 1, 5: 6, 15: 1, 8: 2, 1: 22, 4: 9, 6: 5, 3: 21, 2: 31, 10: 1}",-0.8072982537804587
780,barabasi_albert,100,150,5,2,4.042,3.0,2.0976176963403033,"{8: 2, 7: 1, 6: 4, 10: 1, 13: 1, 3: 24, 4: 17, 5: 3, 2: 20, 1: 26, 9: 1}",-0.8072982537804587
781,barabasi_albert,100,150,5,2,3.9636,3.0,2.244994432064365,"{8: 2, 9: 1, 12: 1, 5: 7, 13: 1, 4: 11, 3: 21, 2: 24, 1: 27, 7: 3, 6: 2}",-0.8072982537804587
782,barabasi_albert,100,150,5,2,3.8606,3.0,2.1908902300206643,"{7: 2, 8: 1, 13: 1, 11: 2, 10: 1, 4: 15, 3: 28, 5: 4, 1: 23, 2: 23}",-0.8072982537804587
783,barabasi_albert,100,150,5,2,4.0234,3.0,2.078460969082653,"{8: 2, 5: 7, 10: 1, 6: 7, 14: 1, 3: 21, 4: 9, 2: 32, 1: 20}",-0.8072982537804587
784,barabasi_albert,100,150,5,2,3.8566,3.0,2.181742422927143,"{11: 2, 10: 2, 8: 2, 2: 39, 4: 11, 7: 3, 3: 18, 5: 3, 6: 2, 1: 18}",-0.8072982537804587
785,barabasi_albert,100,150,5,2,4.0188,3.0,2.0346989949375804,"{9: 2, 6: 4, 14: 1, 3: 28, 5: 6, 7: 1, 2: 25, 8: 1, 4: 11, 1: 21}",-0.8072982537804587
786,barabasi_albert,100,150,5,2,3.9704,3.0,2.1447610589527217,"{7: 4, 13: 1, 8: 1, 11: 1, 2: 29, 4: 11, 3: 23, 6: 3, 1: 22, 9: 1, 5: 4}",-0.8072982537804587
787,barabasi_albert,100,150,5,2,3.9322,3.0,2.2135943621178655,"{8: 2, 9: 1, 13: 1, 6: 3, 12: 1, 2: 25, 7: 3, 4: 15, 3: 22, 1: 25, 5: 2}",-0.8072982537804587
788,barabasi_albert,100,150,5,2,3.8124,3.0,2.449489742783178,"{13: 1, 9: 2, 6: 4, 11: 1, 2: 28, 5: 5, 4: 9, 7: 3, 1: 31, 10: 1, 8: 2, 3: 13}",-0.8072982537804587
789,barabasi_albert,100,150,5,2,4.0478,3.0,2.2045407685048604,"{12: 1, 15: 1, 11: 1, 6: 2, 5: 6, 4: 17, 3: 24, 2: 25, 1: 22, 8: 1}",-0.8072982537804587
790,barabasi_albert,100,150,5,2,3.8476,3.0,2.2891046284519194,"{7: 1, 12: 3, 9: 2, 5: 6, 4: 11, 6: 4, 3: 17, 2: 34, 1: 22}",-0.8072982537804587
791,barabasi_albert,100,150,5,2,4.2014,3.0,1.969771560359221,"{11: 1, 6: 6, 7: 2, 4: 14, 8: 2, 5: 5, 2: 30, 3: 17, 1: 22, 9: 1}",-0.8072982537804587
792,barabasi_albert,100,150,5,2,3.8716,3.0,2.4083189157584592,"{10: 1, 5: 6, 9: 2, 13: 2, 6: 7, 8: 1, 4: 7, 3: 18, 2: 28, 1: 28}",-0.8072982537804587
793,barabasi_albert,100,150,5,2,3.8262,3.0,2.3706539182259396,"{11: 1, 9: 2, 8: 2, 17: 1, 7: 2, 3: 21, 1: 19, 2: 36, 6: 1, 4: 11, 5: 4}",-0.8072982537804587
794,barabasi_albert,100,150,5,2,4.035,3.0,2.009975124224178,"{5: 7, 11: 1, 10: 2, 8: 1, 2: 25, 3: 24, 9: 1, 7: 1, 4: 15, 1: 22, 6: 1}",-0.8072982537804587
795,barabasi_albert,100,150,5,2,3.7314,3.0,2.4657656011875906,"{9: 2, 8: 2, 16: 1, 7: 4, 13: 1, 1: 23, 2: 33, 3: 20, 4: 11, 6: 1, 5: 2}",-0.8072982537804587
796,barabasi_albert,100,150,5,2,3.992,3.0,2.2135943621178655,"{10: 2, 8: 2, 14: 1, 5: 6, 3: 17, 7: 3, 1: 24, 4: 15, 2: 29, 6: 1}",-0.8072982537804587
797,barabasi_albert,100,150,5,2,3.9008,3.0,2.186321110907545,"{12: 1, 9: 3, 7: 4, 11: 1, 1: 23, 5: 2, 3: 21, 2: 29, 4: 14, 6: 2}",-0.8072982537804587
798,barabasi_albert,100,150,5,2,3.718,3.0,2.4738633753705965,"{6: 6, 9: 1, 8: 2, 10: 1, 20: 1, 4: 6, 5: 4, 2: 32, 3: 27, 1: 20}",-0.8072982537804587
799,barabasi_albert,100,150,5,2,4.1656,3.0,2.0248456731316584,"{11: 1, 7: 3, 12: 1, 1: 21, 2: 28, 9: 1, 6: 4, 5: 5, 3: 23, 4: 13}",-0.8072982537804587
800,barabasi_albert,100,150,5,2,3.9826,3.0,2.2978250586152114,"{8: 2, 6: 2, 16: 1, 15: 1, 3: 28, 2: 31, 5: 9, 1: 18, 4: 8}",-0.8072982537804587
801,barabasi_albert,100,150,5,2,4.0342,3.0,2.004993765576342,"{9: 3, 8: 1, 10: 1, 7: 1, 1: 22, 6: 3, 5: 13, 3: 19, 4: 6, 2: 31}",-0.8072982537804587
802,barabasi_albert,100,150,5,2,3.974,3.0,2.1540659228538015,"{6: 6, 8: 4, 13: 1, 9: 1, 4: 9, 5: 5, 3: 22, 7: 1, 2: 25, 1: 26}",-0.8072982537804587
803,barabasi_albert,100,150,5,2,3.9426,3.0,2.0591260281974,"{8: 3, 7: 3, 11: 1, 10: 1, 2: 32, 3: 17, 1: 21, 4: 16, 5: 5, 9: 1}",-0.8072982537804587
804,barabasi_albert,100,150,5,2,3.9062,3.0,2.262741699796952,"{11: 1, 13: 1, 12: 1, 10: 1, 6: 7, 2: 30, 3: 24, 4: 9, 1: 22, 5: 3, 7: 1}",-0.8072982537804587
805,barabasi_albert,100,150,5,2,3.964,3.0,2.1213203435596424,"{10: 1, 7: 2, 11: 2, 6: 2, 12: 1, 2: 33, 4: 9, 1: 18, 3: 25, 5: 7}",-0.8072982537804587
806,barabasi_albert,100,150,5,2,3.9112,3.0,2.32379000772445,"{11: 1, 6: 3, 10: 1, 17: 1, 8: 1, 2: 22, 3: 22, 4: 17, 7: 1, 5: 5, 1: 26}",-0.8072982537804587
807,barabasi_albert,100,150,5,2,4.0596,3.0,2.1023796041628637,"{8: 3, 14: 1, 11: 1, 6: 4, 4: 7, 3: 23, 7: 1, 5: 6, 2: 39, 1: 15}",-0.8072982537804587
808,barabasi_albert,100,150,5,2,4.146,3.0,1.9235384061671346,"{8: 2, 5: 7, 10: 1, 7: 3, 1: 24, 4: 19, 9: 1, 6: 2, 2: 26, 3: 15}",-0.8072982537804587
809,barabasi_albert,100,150,5,2,4.044,3.0,2.1587033144922905,"{6: 5, 14: 2, 9: 1, 3: 24, 5: 7, 4: 11, 2: 32, 1: 18}",-0.8072982537804587
810,barabasi_albert,100,150,5,2,3.917,3.0,2.2494443758403984,"{9: 1, 11: 1, 7: 5, 8: 2, 13: 1, 5: 4, 3: 16, 6: 3, 4: 9, 2: 36, 1: 22}",-0.8072982537804587
811,barabasi_albert,100,150,5,2,3.8328,3.0,2.2891046284519194,"{10: 1, 11: 2, 7: 2, 12: 1, 9: 1, 6: 4, 2: 37, 4: 9, 3: 14, 1: 22, 5: 7}",-0.8072982537804587
812,barabasi_albert,100,150,5,2,3.8754,3.0,2.4657656011875906,"{11: 1, 9: 1, 8: 2, 10: 1, 14: 1, 3: 15, 2: 37, 4: 11, 12: 1, 6: 3, 7: 2, 1: 23, 5: 2}",-0.8072982537804587
813,barabasi_albert,100,150,5,2,3.9362,3.0,2.0445048300260873,"{6: 2, 8: 1, 10: 1, 13: 1, 5: 7, 7: 1, 11: 1, 3: 28, 4: 12, 2: 26, 1: 20}",-0.8072982537804587
814,barabasi_albert,100,150,5,2,3.9162,3.0,2.280350850198276,"{10: 1, 7: 1, 12: 1, 13: 2, 5: 8, 2: 33, 3: 21, 1: 20, 4: 11, 6: 2}",-0.8072982537804587
815,barabasi_albert,100,150,5,2,3.9268,3.0,2.2891046284519194,"{14: 1, 11: 1, 10: 1, 9: 2, 8: 1, 4: 10, 3: 22, 6: 5, 1: 23, 2: 30, 5: 4}",-0.8072982537804587
816,barabasi_albert,100,150,5,2,3.8598,3.0,2.0248456731316584,"{5: 6, 9: 4, 8: 2, 6: 4, 7: 2, 4: 9, 2: 35, 3: 18, 1: 20}",-0.8072982537804587
817,barabasi_albert,100,150,5,2,3.938,3.0,2.3021728866442674,"{10: 2, 14: 1, 5: 7, 12: 1, 1: 23, 2: 31, 3: 19, 8: 1, 6: 3, 7: 1, 4: 11}",-0.8072982537804587
818,barabasi_albert,100,150,5,2,3.7204,3.0,2.6419689627245813,"{15: 1, 14: 1, 16: 1, 8: 3, 5: 5, 6: 3, 3: 22, 1: 26, 4: 10, 2: 28}",-0.8072982537804587
819,barabasi_albert,100,150,5,2,3.9398,3.0,2.073644135332772,"{11: 1, 6: 2, 14: 1, 7: 2, 9: 1, 8: 1, 2: 27, 3: 30, 5: 5, 4: 11, 1: 19}",-0.8072982537804587
820,barabasi_albert,100,150,5,2,3.7668,3.0,2.209072203437452,"{9: 1, 12: 2, 8: 3, 4: 14, 5: 7, 3: 24, 2: 15, 1: 31, 7: 1, 6: 2}",-0.8072982537804587
821,barabasi_albert,100,150,5,2,3.8228,3.0,2.2847319317591723,"{7: 2, 11: 2, 6: 5, 10: 1, 5: 6, 3: 22, 12: 1, 8: 1, 4: 7, 2: 27, 1: 26}",-0.8072982537804587
822,barabasi_albert,100,150,5,2,3.9322,3.0,2.1118712081942874,"{9: 3, 12: 2, 3: 25, 4: 13, 2: 32, 6: 2, 8: 1, 5: 4, 1: 18}",-0.8072982537804587
823,barabasi_albert,100,150,5,2,3.8986,3.0,2.3790754506740637,"{15: 1, 7: 2, 8: 3, 11: 1, 2: 23, 5: 4, 4: 15, 3: 21, 10: 1, 1: 28, 9: 1}",-0.8072982537804587
824,barabasi_albert,100,150,5,2,4.1362,3.0,1.9798989873223332,"{9: 1, 8: 3, 6: 5, 12: 1, 5: 5, 3: 19, 4: 17, 2: 26, 1: 23}",-0.8072982537804587
825,barabasi_albert,100,150,5,2,3.8688,3.0,2.1400934559032696,"{5: 6, 6: 5, 18: 1, 7: 3, 2: 28, 1: 19, 3: 26, 4: 12}",-0.8072982537804587
826,barabasi_albert,100,150,5,2,4.029,3.0,1.9949937343260002,"{5: 8, 7: 3, 12: 2, 4: 12, 1: 16, 3: 19, 2: 37, 8: 1, 6: 2}",-0.8072982537804587
827,barabasi_albert,100,150,5,2,3.782,3.0,2.340939982143925,"{11: 1, 9: 2, 6: 4, 13: 1, 14: 1, 3: 20, 1: 22, 4: 11, 5: 6, 2: 32}",-0.8072982537804587
828,barabasi_albert,100,150,5,2,4.0054,3.0,2.092844953645635,"{6: 7, 7: 3, 13: 1, 9: 1, 10: 1, 4: 15, 3: 17, 2: 31, 1: 22, 5: 2}",-0.8072982537804587
829,barabasi_albert,100,150,5,2,3.3638,3.0,3.295451410656816,"{4: 11, 11: 1, 30: 1, 5: 6, 8: 1, 13: 1, 3: 26, 2: 28, 1: 24, 6: 1}",-0.8072982537804587
830,barabasi_albert,100,150,5,2,3.829,3.0,2.32379000772445,"{6: 3, 8: 1, 11: 1, 9: 2, 14: 1, 5: 4, 10: 1, 7: 2, 2: 32, 4: 10, 3: 20, 1: 23}",-0.8072982537804587
831,barabasi_albert,100,150,5,2,4.143,3.0,1.969771560359221,"{5: 7, 8: 2, 11: 1, 9: 2, 7: 2, 1: 20, 6: 3, 3: 28, 2: 28, 4: 7}",-0.8072982537804587
832,barabasi_albert,100,150,5,2,3.5126,3.0,2.7313000567495327,"{9: 3, 20: 1, 10: 1, 14: 1, 3: 26, 1: 25, 2: 27, 4: 12, 7: 2, 5: 2}",-0.8072982537804587
833,barabasi_albert,100,150,5,2,4.0284,3.0,1.9849433241279208,"{10: 3, 7: 2, 1: 19, 2: 34, 6: 5, 3: 19, 5: 6, 8: 1, 4: 11}",-0.8072982537804587
834,barabasi_albert,100,150,5,2,3.8072,3.0,2.7313000567495327,"{9: 3, 4: 7, 22: 1, 10: 1, 6: 3, 7: 2, 5: 8, 2: 38, 3: 14, 1: 23}",-0.8072982537804587
835,barabasi_albert,100,150,5,2,3.816,3.0,2.2891046284519194,"{8: 2, 12: 1, 13: 1, 11: 1, 10: 1, 3: 25, 6: 3, 4: 12, 2: 29, 1: 22, 7: 1, 5: 2}",-0.8072982537804587
836,barabasi_albert,100,150,5,2,3.9184,3.0,2.1400934559032696,"{5: 10, 16: 1, 7: 2, 11: 1, 4: 12, 2: 26, 3: 23, 6: 3, 1: 22}",-0.8072982537804587
837,barabasi_albert,100,150,5,2,3.9434,3.0,2.1118712081942874,"{10: 4, 11: 1, 4: 10, 1: 19, 3: 23, 7: 1, 5: 6, 2: 33, 6: 3}",-0.8072982537804587
838,barabasi_albert,100,150,5,2,4.0352,3.0,2.1540659228538015,"{7: 5, 12: 2, 8: 2, 4: 14, 3: 19, 5: 4, 2: 28, 1: 24, 6: 2}",-0.8072982537804587
839,barabasi_albert,100,150,5,2,3.9228,3.0,2.1908902300206643,"{9: 4, 6: 7, 11: 1, 2: 29, 3: 17, 5: 4, 8: 2, 1: 26, 4: 10}",-0.8072982537804587
840,barabasi_albert,100,150,5,2,3.9362,3.0,2.1213203435596424,"{7: 2, 9: 2, 12: 1, 5: 8, 11: 1, 8: 1, 2: 32, 3: 20, 4: 10, 6: 2, 1: 21}",-0.8072982537804587
841,barabasi_albert,100,150,5,2,3.9956,3.0,2.149418526020468,"{12: 1, 5: 6, 13: 1, 9: 2, 1: 21, 2: 30, 3: 22, 4: 12, 7: 2, 6: 3}",-0.8072982537804587
842,barabasi_albert,100,150,5,2,3.779,3.0,2.445403852127497,"{9: 1, 18: 1, 5: 11, 12: 1, 2: 30, 6: 6, 7: 1, 3: 15, 4: 8, 1: 26}",-0.8072982537804587
843,barabasi_albert,100,150,5,2,3.8146,3.0,2.2847319317591723,"{6: 2, 11: 1, 8: 1, 14: 1, 9: 1, 10: 1, 1: 26, 5: 8, 4: 13, 3: 16, 2: 28, 7: 2}",-0.8072982537804587
844,barabasi_albert,100,150,5,2,4.072,3.0,2.3151673805580453,"{8: 4, 12: 1, 15: 1, 5: 4, 7: 1, 2: 29, 4: 8, 3: 29, 1: 21, 6: 1, 10: 1}",-0.8072982537804587
845,barabasi_albert,100,150,5,2,3.9124,3.0,2.1071307505705477,"{7: 4, 8: 3, 6: 3, 14: 1, 3: 16, 5: 6, 2: 32, 4: 13, 1: 22}",-0.8072982537804587
846,barabasi_albert,100,150,5,2,3.6998,3.0,2.5219040425836985,"{9: 2, 7: 3, 20: 1, 3: 21, 2: 31, 8: 1, 5: 6, 6: 5, 1: 24, 4: 6}",-0.8072982537804587
847,barabasi_albert,100,150,5,2,3.7772,3.0,2.4248711305964283,"{8: 1, 12: 2, 6: 6, 14: 1, 9: 2, 5: 2, 3: 21, 1: 22, 2: 35, 7: 1, 4: 7}",-0.8072982537804587
848,barabasi_albert,100,150,5,2,3.988,3.0,2.0248456731316584,"{8: 2, 6: 3, 9: 2, 5: 4, 10: 2, 4: 15, 3: 21, 2: 28, 7: 1, 1: 22}",-0.8072982537804587
849,barabasi_albert,100,150,5,2,4.0196,3.0,2.08806130178211,"{7: 2, 10: 2, 13: 1, 9: 1, 4: 10, 3: 24, 5: 8, 1: 20, 6: 2, 2: 30}",-0.8072982537804587
850,barabasi_albert,100,150,5,2,3.9788,3.0,2.2891046284519194,"{11: 1, 7: 2, 9: 2, 10: 1, 5: 7, 14: 1, 4: 7, 8: 1, 2: 33, 6: 1, 3: 23, 1: 21}",-0.8072982537804587
851,barabasi_albert,100,150,5,2,3.9234,3.0,2.209072203437452,"{10: 1, 7: 2, 9: 2, 14: 1, 8: 2, 5: 5, 2: 26, 3: 23, 4: 13, 1: 24, 6: 1}",-0.8072982537804587
852,barabasi_albert,100,150,5,2,4.0358,3.0,2.1447610589527217,"{12: 1, 10: 2, 7: 2, 11: 1, 4: 13, 2: 36, 3: 20, 5: 3, 6: 3, 8: 1, 1: 18}",-0.8072982537804587
853,barabasi_albert,100,150,5,2,3.888,3.0,2.3664319132398464,"{6: 4, 14: 2, 8: 2, 9: 1, 4: 10, 5: 6, 2: 30, 7: 2, 3: 18, 1: 25}",-0.8072982537804587
854,barabasi_albert,100,150,5,2,3.9376,3.0,2.2135943621178655,"{9: 1, 12: 1, 11: 2, 8: 1, 2: 32, 1: 23, 3: 18, 6: 4, 5: 9, 7: 1, 4: 8}",-0.8072982537804587
855,barabasi_albert,100,150,5,2,4.0352,3.0,2.06881608655772,"{5: 6, 8: 2, 9: 1, 7: 3, 13: 1, 6: 5, 3: 20, 4: 9, 2: 32, 1: 21}",-0.8072982537804587
856,barabasi_albert,100,150,5,2,3.9154,3.0,2.181742422927143,"{6: 3, 13: 2, 12: 1, 5: 9, 4: 9, 3: 25, 7: 1, 2: 31, 1: 19}",-0.8072982537804587
857,barabasi_albert,100,150,5,2,4.002,3.0,2.1447610589527217,"{9: 1, 5: 9, 4: 13, 12: 1, 11: 2, 7: 2, 2: 36, 3: 14, 1: 20, 6: 2}",-0.8072982537804587
858,barabasi_albert,100,150,5,2,3.9364,3.0,2.345207879911715,"{17: 1, 7: 5, 12: 1, 3: 21, 2: 31, 5: 5, 4: 11, 8: 1, 1: 22, 6: 2}",-0.8072982537804587
859,barabasi_albert,100,150,5,2,3.9274,3.0,2.340939982143925,"{11: 1, 6: 4, 10: 2, 12: 2, 1: 31, 4: 13, 3: 20, 2: 19, 5: 8}",-0.8072982537804587
860,barabasi_albert,100,150,5,2,4.177,3.0,1.794435844492636,"{5: 3, 12: 1, 6: 1, 7: 2, 8: 3, 2: 32, 4: 21, 1: 15, 3: 22}",-0.8072982537804587
861,barabasi_albert,100,150,5,2,3.8178,3.0,2.130727575266252,"{8: 5, 11: 1, 7: 2, 9: 1, 3: 22, 2: 24, 1: 27, 4: 9, 6: 4, 5: 5}",-0.8072982537804587
862,barabasi_albert,100,150,5,2,3.9616,3.0,2.2978250586152114,"{13: 2, 9: 2, 7: 3, 6: 4, 2: 27, 5: 6, 3: 16, 4: 13, 1: 27}",-0.8072982537804587
863,barabasi_albert,100,150,5,2,3.893,3.0,2.23606797749979,"{8: 1, 11: 3, 12: 1, 5: 9, 4: 12, 3: 14, 6: 2, 7: 1, 1: 21, 2: 36}",-0.8072982537804587
864,barabasi_albert,100,150,5,2,4.0944,3.0,1.9390719429665315,"{5: 8, 11: 1, 6: 3, 14: 1, 2: 25, 3: 27, 1: 19, 4: 15, 7: 1}",-0.8072982537804587
865,barabasi_albert,100,150,5,2,3.8786,3.0,2.1260291625469296,"{8: 2, 11: 3, 7: 3, 2: 33, 4: 11, 3: 21, 5: 5, 6: 2, 1: 20}",-0.8072982537804587
866,barabasi_albert,100,150,5,2,3.9524,3.0,2.0591260281974,"{6: 3, 13: 1, 8: 1, 9: 1, 5: 10, 4: 8, 7: 4, 1: 25, 3: 23, 2: 24}",-0.8072982537804587
867,barabasi_albert,100,150,5,2,3.9432,3.0,2.2135943621178655,"{9: 1, 12: 2, 7: 5, 4: 9, 8: 2, 3: 25, 5: 3, 2: 27, 1: 24, 6: 2}",-0.8072982537804587
868,barabasi_albert,100,150,5,2,4.1172,3.0,2.1354156504062622,"{9: 2, 5: 7, 7: 3, 8: 2, 13: 1, 4: 10, 2: 33, 3: 17, 1: 22, 6: 3}",-0.8072982537804587
869,barabasi_albert,100,150,5,2,3.7614,3.0,2.3706539182259396,"{10: 2, 6: 5, 12: 1, 15: 1, 8: 1, 5: 4, 4: 11, 3: 20, 2: 30, 7: 1, 1: 24}",-0.8072982537804587
870,barabasi_albert,100,150,5,2,3.8126,3.0,2.280350850198276,"{7: 4, 8: 2, 12: 2, 2: 25, 6: 4, 10: 1, 3: 24, 4: 6, 1: 27, 5: 5}",-0.8072982537804587
871,barabasi_albert,100,150,5,2,4.0958,3.0,2.009975124224178,"{10: 1, 11: 1, 9: 2, 7: 4, 1: 20, 4: 12, 5: 8, 3: 21, 2: 31}",-0.8072982537804587
872,barabasi_albert,100,150,5,2,4.0218,3.0,2.0591260281974,"{9: 1, 10: 1, 6: 6, 11: 2, 3: 14, 4: 18, 5: 5, 2: 31, 1: 22}",-0.8072982537804587
873,barabasi_albert,100,150,5,2,4.0416,3.0,1.9748417658131499,"{8: 2, 7: 4, 5: 5, 9: 1, 2: 29, 10: 1, 3: 22, 1: 22, 6: 5, 4: 9}",-0.8072982537804587
874,barabasi_albert,100,150,5,2,3.8782,3.0,2.2181073012818833,"{12: 2, 10: 2, 7: 3, 5: 5, 8: 1, 3: 24, 6: 2, 2: 33, 4: 8, 1: 20}",-0.8072982537804587
875,barabasi_albert,100,150,5,2,3.9248,3.0,2.1071307505705477,"{4: 14, 11: 2, 8: 3, 9: 1, 7: 1, 2: 28, 6: 3, 3: 18, 1: 24, 5: 6}",-0.8072982537804587
876,barabasi_albert,100,150,5,2,4.0696,3.0,2.073644135332772,"{10: 1, 11: 2, 6: 3, 9: 1, 4: 9, 5: 9, 2: 33, 3: 20, 7: 2, 1: 20}",-0.8072982537804587
877,barabasi_albert,100,150,5,2,4.0038,3.0,2.083266665599966,"{8: 1, 6: 6, 9: 1, 12: 1, 5: 4, 10: 1, 4: 9, 3: 21, 7: 3, 2: 32, 1: 21}",-0.8072982537804587
878,barabasi_albert,100,150,5,2,3.9372,3.0,2.029778313018444,"{8: 1, 11: 1, 5: 7, 10: 1, 9: 2, 6: 4, 2: 32, 1: 20, 7: 1, 4: 10, 3: 21}",-0.8072982537804587
879,barabasi_albert,100,150,5,2,4.1106,3.0,1.876166303929372,"{7: 3, 10: 1, 6: 6, 9: 1, 3: 26, 4: 10, 8: 1, 1: 21, 5: 5, 2: 26}",-0.8072982537804587
880,barabasi_albert,100,150,5,2,3.987,3.0,2.1118712081942874,"{7: 1, 10: 2, 9: 3, 12: 1, 5: 7, 3: 27, 2: 36, 6: 1, 4: 6, 1: 16}",-0.8072982537804587
881,barabasi_albert,100,150,5,2,3.8624,3.0,2.3108440016582685,"{13: 2, 10: 1, 6: 1, 12: 1, 3: 22, 9: 1, 4: 13, 5: 5, 7: 1, 2: 34, 1: 19}",-0.8072982537804587
882,barabasi_albert,100,150,5,2,4.0774,3.0,2.083266665599966,"{8: 1, 6: 7, 14: 1, 10: 1, 5: 7, 1: 19, 7: 2, 3: 22, 2: 34, 4: 6}",-0.8072982537804587
883,barabasi_albert,100,150,5,2,3.9772,3.0,2.06881608655772,"{11: 1, 6: 4, 9: 2, 7: 2, 8: 3, 3: 23, 5: 5, 1: 23, 4: 9, 2: 28}",-0.8072982537804587
884,barabasi_albert,100,150,5,2,3.9702,3.0,2.2135943621178655,"{10: 3, 13: 1, 9: 1, 2: 30, 3: 19, 7: 1, 5: 5, 6: 4, 4: 13, 1: 23}",-0.8072982537804587
885,barabasi_albert,100,150,5,2,3.99,3.0,2.0591260281974,"{9: 1, 8: 3, 7: 4, 10: 1, 6: 5, 1: 24, 2: 30, 4: 9, 5: 5, 3: 18}",-0.8072982537804587
886,barabasi_albert,100,150,5,2,3.8068,3.0,2.328089345364563,"{9: 2, 5: 6, 7: 4, 12: 1, 4: 8, 15: 1, 1: 19, 3: 18, 6: 1, 2: 39, 8: 1}",-0.8072982537804587
887,barabasi_albert,100,150,5,2,3.7492,3.0,2.4617067250182343,"{11: 1, 14: 1, 10: 1, 16: 1, 6: 3, 3: 19, 5: 10, 2: 30, 4: 10, 1: 24}",-0.8072982537804587
888,barabasi_albert,100,150,5,2,3.7798,3.0,2.4738633753705965,"{10: 2, 13: 1, 8: 1, 17: 1, 3: 20, 2: 26, 1: 26, 6: 2, 5: 8, 4: 13}",-0.8072982537804587
889,barabasi_albert,100,150,5,2,3.7902,3.0,2.5019992006393608,"{12: 1, 9: 1, 15: 1, 5: 9, 10: 2, 2: 30, 3: 20, 11: 1, 4: 6, 6: 3, 1: 26}",-0.8072982537804587
890,barabasi_albert,100,150,5,2,3.882,3.0,2.3748684174075834,"{14: 1, 8: 2, 7: 5, 12: 1, 6: 2, 3: 19, 5: 5, 2: 28, 10: 1, 1: 27, 4: 9}",-0.8072982537804587
891,barabasi_albert,100,150,5,2,3.7742,3.0,2.477902338672773,"{9: 3, 10: 1, 15: 1, 13: 1, 5: 6, 3: 23, 1: 23, 7: 1, 6: 2, 8: 1, 2: 33, 4: 5}",-0.8072982537804587
892,barabasi_albert,100,150,5,2,3.98,3.0,2.0976176963403033,"{7: 2, 11: 1, 12: 1, 5: 7, 8: 3, 3: 16, 2: 32, 6: 3, 4: 13, 1: 22}",-0.8072982537804587
893,barabasi_albert,100,150,5,2,4.0528,3.0,2.3065125189341593,"{6: 3, 9: 2, 5: 9, 18: 1, 8: 1, 1: 24, 3: 24, 2: 25, 4: 10, 7: 1}",-0.8072982537804587
894,barabasi_albert,100,150,5,2,3.7632,3.0,2.328089345364563,"{8: 2, 12: 1, 13: 1, 11: 2, 1: 21, 3: 19, 2: 35, 6: 3, 5: 7, 4: 9}",-0.8072982537804587
895,barabasi_albert,100,150,5,2,3.9878,3.0,2.029778313018444,"{8: 2, 12: 1, 7: 1, 9: 1, 5: 6, 3: 25, 10: 1, 4: 13, 1: 23, 2: 24, 6: 3}",-0.8072982537804587
896,barabasi_albert,100,150,5,2,3.736,3.0,2.6608269391300143,"{13: 2, 8: 3, 19: 1, 4: 14, 3: 14, 2: 37, 5: 5, 1: 22, 6: 2}",-0.8072982537804587
897,barabasi_albert,100,150,5,2,3.7044,3.0,2.6267851073127395,"{15: 1, 6: 2, 5: 6, 11: 1, 17: 1, 2: 31, 12: 1, 4: 16, 3: 15, 1: 25, 7: 1}",-0.8072982537804587
898,barabasi_albert,100,150,5,2,4.005,3.0,2.004993765576342,"{8: 2, 6: 4, 13: 1, 3: 21, 7: 2, 5: 3, 4: 16, 1: 19, 10: 1, 2: 31}",-0.8072982537804587
899,barabasi_albert,100,150,5,2,4.1222,3.0,2.0199009876724157,"{6: 4, 7: 4, 10: 2, 9: 1, 4: 13, 5: 8, 3: 17, 1: 26, 2: 25}",-0.8072982537804587
900,barabasi_albert,100,150,5,2,3.9992,3.0,2.073644135332772,"{8: 2, 11: 1, 7: 3, 9: 1, 6: 3, 10: 1, 1: 23, 3: 20, 5: 6, 4: 11, 2: 29}",-0.8072982537804587
901,barabasi_albert,100,150,5,2,3.9012,3.0,2.1447610589527217,"{6: 3, 9: 1, 13: 1, 7: 3, 8: 1, 3: 19, 12: 1, 5: 5, 2: 35, 1: 19, 4: 12}",-0.8072982537804587
902,barabasi_albert,100,150,5,2,3.767,3.0,2.4738633753705965,"{5: 6, 13: 1, 10: 1, 14: 2, 2: 31, 7: 2, 4: 10, 3: 24, 9: 1, 1: 22}",-0.8072982537804587
903,barabasi_albert,100,150,5,2,4.028,3.0,2.092844953645635,"{11: 1, 5: 6, 6: 7, 9: 3, 4: 12, 2: 34, 8: 1, 3: 12, 1: 23, 7: 1}",-0.8072982537804587
904,barabasi_albert,100,150,5,2,4.0872,3.0,2.1071307505705477,"{5: 9, 9: 1, 8: 3, 10: 2, 4: 12, 1: 27, 2: 27, 6: 4, 3: 14, 7: 1}",-0.8072982537804587
905,barabasi_albert,100,150,5,2,3.846,3.0,2.2181073012818833,"{8: 2, 5: 9, 11: 1, 14: 1, 10: 1, 4: 9, 2: 32, 1: 22, 3: 19, 7: 1, 6: 3}",-0.8072982537804587
906,barabasi_albert,100,150,5,2,3.7444,3.0,2.3622023622035435,"{12: 1, 7: 4, 9: 1, 14: 1, 2: 22, 5: 4, 1: 31, 10: 1, 3: 14, 4: 18, 6: 3}",-0.8072982537804587
907,barabasi_albert,100,150,5,2,3.8346,3.0,2.3108440016582685,"{15: 1, 8: 1, 9: 1, 10: 1, 6: 5, 2: 27, 5: 4, 11: 1, 4: 12, 1: 25, 3: 21, 7: 1}",-0.8072982537804587
908,barabasi_albert,100,150,5,2,3.867,3.0,2.262741699796952,"{16: 1, 7: 3, 6: 3, 8: 2, 3: 13, 2: 27, 4: 15, 9: 1, 1: 27, 5: 8}",-0.8072982537804587
909,barabasi_albert,100,150,5,2,3.9396,3.0,2.1166010488516727,"{7: 3, 11: 1, 12: 1, 8: 1, 9: 1, 5: 9, 3: 23, 4: 11, 2: 21, 1: 27, 6: 2}",-0.8072982537804587
910,barabasi_albert,100,150,5,2,3.9752,3.0,2.1260291625469296,"{6: 2, 7: 1, 11: 2, 14: 1, 4: 14, 5: 6, 2: 30, 3: 24, 1: 19, 8: 1}",-0.8072982537804587
911,barabasi_albert,100,150,5,2,3.8502,3.0,2.195449840010015,"{9: 3, 10: 1, 14: 1, 6: 3, 3: 23, 5: 6, 8: 1, 4: 11, 2: 29, 1: 22}",-0.8072982537804587
912,barabasi_albert,100,150,5,2,4.0258,3.0,2.1166010488516727,"{12: 3, 6: 3, 5: 7, 3: 24, 8: 1, 2: 27, 4: 14, 1: 21}",-0.8072982537804587
913,barabasi_albert,100,150,5,2,3.8148,3.0,2.345207879911715,"{8: 1, 13: 1, 6: 5, 11: 1, 15: 1, 2: 30, 5: 9, 1: 24, 4: 10, 3: 18}",-0.8072982537804587
914,barabasi_albert,100,150,5,2,3.7764,3.0,2.5337718918639855,"{9: 1, 7: 1, 11: 2, 15: 2, 3: 21, 4: 15, 2: 26, 5: 5, 6: 1, 1: 26}",-0.8072982537804587
915,barabasi_albert,100,150,5,2,3.9878,3.0,2.195449840010015,"{10: 1, 12: 2, 9: 1, 5: 6, 4: 10, 8: 1, 6: 6, 3: 20, 2: 30, 1: 23}",-0.8072982537804587
916,barabasi_albert,100,150,5,2,3.9698,3.0,2.340939982143925,"{14: 1, 5: 5, 9: 3, 13: 1, 8: 1, 7: 2, 2: 33, 6: 2, 4: 7, 3: 24, 1: 21}",-0.8072982537804587
917,barabasi_albert,100,150,5,2,3.849,3.0,2.16794833886788,"{9: 2, 11: 1, 5: 4, 7: 1, 3: 24, 10: 2, 2: 30, 1: 22, 4: 9, 8: 2, 6: 3}",-0.8072982537804587
918,barabasi_albert,100,150,5,2,4.0564,3.0,2.1071307505705477,"{4: 12, 7: 5, 9: 3, 11: 1, 2: 29, 6: 3, 5: 6, 1: 25, 3: 16}",-0.8072982537804587
919,barabasi_albert,100,150,5,2,3.792,3.0,2.565151067676132,"{16: 1, 7: 3, 15: 1, 13: 1, 5: 7, 2: 31, 6: 3, 3: 17, 4: 11, 1: 25}",-0.8072982537804587
920,barabasi_albert,100,150,5,2,3.9206,3.0,2.073644135332772,"{7: 3, 14: 1, 9: 2, 8: 1, 3: 22, 5: 6, 2: 36, 6: 3, 1: 17, 4: 9}",-0.8072982537804587
921,barabasi_albert,100,150,5,2,3.9036,3.0,2.328089345364563,"{11: 1, 10: 2, 15: 1, 8: 2, 4: 10, 3: 22, 2: 33, 1: 21, 7: 1, 5: 4, 6: 3}",-0.8072982537804587
922,barabasi_albert,100,150,5,2,3.9174,3.0,2.293468988235943,"{10: 1, 4: 8, 13: 1, 14: 1, 8: 2, 3: 22, 1: 24, 5: 10, 2: 28, 6: 2, 7: 1}",-0.8072982537804587
923,barabasi_albert,100,150,5,2,3.9314,3.0,2.195449840010015,"{10: 1, 14: 1, 8: 1, 12: 1, 6: 1, 3: 21, 7: 2, 5: 8, 2: 27, 4: 14, 1: 23}",-0.8072982537804587
924,barabasi_albert,100,150,5,2,4.0426,3.0,2.08806130178211,"{13: 1, 9: 1, 7: 2, 6: 5, 10: 1, 8: 1, 3: 21, 5: 6, 2: 31, 4: 10, 1: 21}",-0.8072982537804587
925,barabasi_albert,100,150,5,2,3.9434,3.0,2.420743687382041,"{7: 2, 11: 1, 13: 1, 8: 1, 15: 1, 2: 30, 3: 21, 1: 24, 9: 1, 6: 4, 4: 11, 5: 3}",-0.8072982537804587
926,barabasi_albert,100,150,5,2,4.0826,3.0,1.9949937343260002,"{11: 1, 9: 2, 5: 7, 8: 1, 2: 28, 6: 5, 3: 19, 4: 12, 1: 23, 7: 2}",-0.8072982537804587
927,barabasi_albert,100,150,5,2,3.9118,3.0,2.4124676163629637,"{7: 3, 6: 7, 10: 1, 20: 1, 1: 20, 3: 21, 2: 33, 5: 2, 4: 12}",-0.8072982537804587
928,barabasi_albert,100,150,5,2,3.8408,3.0,2.172556098240043,"{10: 1, 9: 2, 15: 1, 8: 2, 3: 28, 2: 26, 6: 2, 5: 4, 4: 13, 1: 21}",-0.8072982537804587
929,barabasi_albert,100,150,5,2,3.828,3.0,2.3151673805580453,"{12: 2, 10: 1, 8: 3, 5: 6, 1: 23, 6: 2, 2: 34, 3: 17, 4: 10, 9: 2}",-0.8072982537804587
930,barabasi_albert,100,150,5,2,3.7666,3.0,2.5019992006393608,"{7: 4, 16: 2, 9: 1, 3: 21, 4: 10, 5: 9, 2: 25, 1: 27, 6: 1}",-0.8072982537804587
931,barabasi_albert,100,150,5,2,4.001,3.0,2.1213203435596424,"{6: 4, 10: 1, 8: 2, 11: 1, 13: 1, 4: 17, 7: 1, 1: 19, 2: 34, 5: 2, 3: 18}",-0.8072982537804587
932,barabasi_albert,100,150,5,2,3.8622,3.0,2.2045407685048604,"{6: 3, 7: 4, 12: 1, 11: 2, 8: 1, 5: 7, 2: 29, 3: 21, 1: 24, 4: 8}",-0.8072982537804587
933,barabasi_albert,100,150,5,2,3.8714,3.0,2.553429066960741,"{5: 2, 9: 2, 19: 1, 7: 2, 3: 16, 11: 2, 4: 13, 2: 40, 1: 19, 6: 3}",-0.8072982537804587
934,barabasi_albert,100,150,5,2,3.8218,3.0,2.209072203437452,"{9: 3, 11: 1, 8: 1, 13: 1, 3: 28, 5: 9, 1: 25, 2: 23, 7: 1, 6: 1, 4: 7}",-0.8072982537804587
935,barabasi_albert,100,150,5,2,3.6836,3.0,2.5298221281347035,"{15: 1, 11: 2, 12: 1, 10: 1, 4: 9, 7: 2, 8: 1, 2: 30, 5: 5, 3: 20, 1: 26, 6: 2}",-0.8072982537804587
936,barabasi_albert,100,150,5,2,3.7572,3.0,2.4248711305964283,"{14: 1, 10: 1, 5: 5, 6: 3, 13: 1, 3: 18, 1: 24, 2: 32, 11: 1, 7: 2, 4: 11, 9: 1}",-0.8072982537804587
937,barabasi_albert,100,150,5,2,3.9696,3.0,2.2671568097509267,"{11: 1, 12: 2, 9: 1, 8: 3, 7: 2, 3: 21, 5: 4, 2: 33, 4: 12, 1: 21}",-0.8072982537804587
938,barabasi_albert,100,150,5,2,3.8558,3.0,2.240535650240808,"{12: 1, 16: 1, 8: 2, 6: 4, 4: 12, 3: 22, 7: 1, 2: 30, 5: 6, 1: 21}",-0.8072982537804587
939,barabasi_albert,100,150,5,2,3.7918,3.0,2.4819347291981715,"{8: 2, 17: 1, 11: 2, 4: 10, 6: 5, 3: 21, 9: 1, 2: 31, 5: 2, 1: 24, 7: 1}",-0.8072982537804587
940,barabasi_albert,100,150,5,2,4.0204,3.0,2.092844953645635,"{5: 7, 10: 1, 14: 1, 9: 2, 3: 20, 6: 3, 4: 12, 8: 1, 1: 17, 2: 36}",-0.8072982537804587
941,barabasi_albert,100,150,5,2,3.9608,3.0,2.1023796041628637,"{11: 2, 10: 1, 7: 1, 8: 4, 3: 26, 5: 5, 4: 10, 2: 30, 1: 20, 6: 1}",-0.8072982537804587
942,barabasi_albert,100,150,5,2,3.8896,3.0,2.2891046284519194,"{9: 2, 12: 3, 7: 3, 4: 8, 1: 23, 3: 26, 6: 1, 2: 28, 5: 6}",-0.8072982537804587
943,barabasi_albert,100,150,5,2,3.8216,3.0,2.3958297101421877,"{16: 1, 7: 2, 6: 4, 13: 1, 8: 3, 2: 24, 3: 23, 4: 10, 1: 27, 5: 5}",-0.8072982537804587
944,barabasi_albert,100,150,5,2,4.08,3.0,2.1354156504062622,"{9: 1, 8: 3, 12: 2, 5: 7, 2: 29, 4: 11, 6: 3, 3: 22, 1: 22}",-0.8072982537804587
945,barabasi_albert,100,150,5,2,3.9212,3.0,2.0976176963403033,"{10: 2, 6: 2, 11: 1, 8: 2, 5: 5, 7: 1, 4: 17, 3: 17, 2: 29, 1: 23, 9: 1}",-0.8072982537804587
946,barabasi_albert,100,150,5,2,3.9212,3.0,2.3916521486202797,"{6: 3, 17: 1, 5: 5, 11: 1, 10: 1, 2: 26, 4: 13, 1: 26, 7: 3, 8: 1, 3: 20}",-0.8072982537804587
947,barabasi_albert,100,150,5,2,3.9556,3.0,2.240535650240808,"{10: 1, 6: 3, 9: 1, 8: 1, 17: 1, 4: 12, 1: 18, 2: 37, 7: 1, 5: 8, 3: 17}",-0.8072982537804587
948,barabasi_albert,100,150,5,2,4.07,3.0,1.9798989873223332,"{9: 1, 8: 2, 10: 1, 12: 1, 4: 10, 2: 34, 3: 29, 7: 2, 6: 4, 5: 1, 1: 15}",-0.8072982537804587
949,barabasi_albert,100,150,5,2,3.8522,3.0,2.258317958127243,"{10: 3, 11: 1, 9: 1, 8: 2, 5: 9, 3: 22, 1: 28, 6: 2, 4: 7, 2: 24, 7: 1}",-0.8072982537804587
950,barabasi_albert,100,150,5,2,3.823,3.0,2.5377155080899043,"{7: 5, 11: 2, 15: 1, 14: 1, 3: 21, 4: 9, 2: 29, 6: 1, 1: 26, 5: 5}",-0.8072982537804587
951,barabasi_albert,100,150,5,2,4.0306,3.0,2.092844953645635,"{10: 2, 11: 1, 8: 1, 12: 1, 2: 40, 6: 2, 5: 6, 7: 1, 3: 19, 1: 15, 4: 12}",-0.8072982537804587
952,barabasi_albert,100,150,5,2,3.9886,3.0,2.209072203437452,"{14: 1, 9: 1, 12: 1, 7: 2, 4: 12, 5: 7, 2: 27, 3: 23, 8: 2, 1: 23, 6: 1}",-0.8072982537804587
953,barabasi_albert,100,150,5,2,3.9146,3.0,2.253885533916929,"{8: 1, 7: 1, 15: 1, 11: 1, 10: 1, 3: 25, 6: 3, 4: 11, 9: 1, 2: 28, 5: 5, 1: 22}",-0.8072982537804587
954,barabasi_albert,100,150,5,2,4.0564,3.0,2.195449840010015,"{6: 6, 13: 1, 8: 1, 12: 1, 7: 3, 2: 30, 3: 16, 1: 25, 4: 8, 5: 9}",-0.8072982537804587
955,barabasi_albert,100,150,5,2,3.9962,3.0,2.1213203435596424,"{13: 1, 10: 1, 6: 3, 7: 3, 9: 1, 1: 22, 5: 9, 2: 32, 4: 9, 3: 18, 8: 1}",-0.8072982537804587
956,barabasi_albert,100,150,5,2,3.8216,3.0,2.4617067250182343,"{9: 1, 6: 2, 12: 1, 10: 2, 11: 1, 5: 3, 14: 1, 1: 22, 7: 3, 3: 24, 2: 34, 4: 6}",-0.8072982537804587
957,barabasi_albert,100,150,5,2,4.0464,3.0,2.0445048300260873,"{10: 1, 8: 4, 11: 1, 4: 14, 6: 4, 5: 3, 3: 16, 9: 1, 1: 17, 2: 39}",-0.8072982537804587
958,barabasi_albert,100,150,5,2,4.0612,3.0,2.0346989949375804,"{6: 4, 10: 1, 11: 1, 8: 3, 4: 18, 2: 20, 3: 18, 5: 6, 7: 1, 1: 28}",-0.8072982537804587
959,barabasi_albert,100,150,5,2,4.0646,3.0,2.1166010488516727,"{10: 1, 6: 2, 9: 1, 12: 1, 7: 3, 11: 1, 5: 8, 2: 32, 3: 23, 4: 8, 1: 20}",-0.8072982537804587
960,barabasi_albert,100,150,5,2,4.0618,3.0,1.8920887928424501,"{6: 8, 10: 1, 7: 3, 3: 16, 8: 1, 4: 11, 2: 29, 1: 23, 5: 8}",-0.8072982537804587
961,barabasi_albert,100,150,5,2,4.0068,3.0,2.130727575266252,"{10: 1, 13: 1, 7: 5, 4: 13, 9: 1, 6: 2, 5: 7, 2: 22, 3: 21, 1: 27}",-0.8072982537804587
962,barabasi_albert,100,150,5,2,3.911,3.0,2.262741699796952,"{5: 6, 16: 1, 9: 1, 7: 2, 6: 4, 1: 27, 8: 3, 3: 24, 4: 10, 2: 22}",-0.8072982537804587
963,barabasi_albert,100,150,5,2,3.9072,3.0,2.130727575266252,"{7: 1, 14: 1, 9: 1, 6: 6, 11: 1, 5: 7, 4: 13, 2: 26, 3: 20, 1: 24}",-0.8072982537804587
964,barabasi_albert,100,150,5,2,3.7004,3.0,2.6229754097208002,"{9: 2, 13: 1, 5: 7, 20: 1, 4: 14, 3: 21, 2: 23, 8: 1, 1: 28, 7: 1, 6: 1}",-0.8072982537804587
965,barabasi_albert,100,150,5,2,4.0206,3.0,2.1213203435596424,"{7: 6, 11: 1, 5: 5, 14: 1, 2: 32, 6: 3, 3: 22, 4: 10, 1: 20}",-0.8072982537804587
966,barabasi_albert,100,150,5,2,3.863,3.0,2.4576411454889016,"{8: 1, 19: 1, 9: 2, 11: 1, 5: 4, 2: 26, 1: 24, 6: 4, 3: 24, 4: 13}",-0.8072982537804587
967,barabasi_albert,100,150,5,2,3.8712,3.0,2.453568829277059,"{10: 2, 15: 1, 6: 2, 14: 1, 4: 9, 1: 24, 7: 2, 3: 20, 2: 31, 5: 7, 8: 1}",-0.8072982537804587
968,barabasi_albert,100,150,5,2,3.8874,3.0,2.1540659228538015,"{5: 8, 14: 1, 6: 2, 10: 1, 11: 1, 2: 39, 1: 17, 4: 9, 7: 4, 3: 18}",-0.8072982537804587
969,barabasi_albert,100,150,5,2,3.804,3.0,2.5019992006393608,"{13: 1, 11: 2, 14: 1, 7: 2, 5: 5, 9: 1, 2: 22, 4: 13, 3: 21, 1: 30, 8: 1, 6: 1}",-0.8072982537804587
970,barabasi_albert,100,150,5,2,3.906,3.0,2.240535650240808,"{15: 1, 7: 3, 6: 2, 12: 1, 10: 1, 5: 6, 3: 17, 1: 23, 4: 17, 2: 29}",-0.8072982537804587
971,barabasi_albert,100,150,5,2,4.1762,3.0,2.293468988235943,"{8: 3, 11: 2, 9: 1, 14: 1, 4: 14, 2: 33, 6: 3, 3: 20, 1: 21, 5: 2}",-0.8072982537804587
972,barabasi_albert,100,150,5,2,4.028,3.0,2.0591260281974,"{9: 4, 10: 1, 4: 9, 8: 1, 3: 21, 5: 10, 6: 2, 2: 27, 1: 24, 7: 1}",-0.8072982537804587
973,barabasi_albert,100,150,5,2,4.0246,3.0,2.130727575266252,"{7: 2, 15: 1, 6: 2, 8: 1, 2: 31, 5: 6, 1: 17, 13: 1, 3: 27, 4: 12}",-0.8072982537804587
974,barabasi_albert,100,150,5,2,3.9928,3.0,2.092844953645635,"{7: 2, 5: 8, 13: 1, 8: 2, 11: 1, 4: 12, 3: 22, 2: 25, 6: 3, 1: 24}",-0.8072982537804587
975,barabasi_albert,100,150,5,2,4.0328,3.0,2.1587033144922905,"{8: 3, 10: 1, 14: 1, 7: 3, 2: 33, 4: 5, 3: 24, 5: 7, 1: 20, 6: 3}",-0.8072982537804587
976,barabasi_albert,100,150,5,2,3.9328,3.0,2.177154105707724,"{11: 1, 8: 3, 14: 1, 6: 3, 4: 13, 3: 22, 7: 2, 1: 24, 5: 5, 2: 26}",-0.8072982537804587
977,barabasi_albert,100,150,5,2,3.8004,3.0,2.222611077089287,"{9: 3, 7: 2, 10: 2, 11: 1, 1: 23, 4: 7, 5: 8, 6: 3, 3: 17, 2: 34}",-0.8072982537804587
978,barabasi_albert,100,150,5,2,3.7058,3.0,2.420743687382041,"{8: 3, 14: 2, 12: 1, 2: 33, 7: 1, 3: 20, 4: 12, 6: 3, 5: 3, 1: 22}",-0.8072982537804587
979,barabasi_albert,100,150,5,2,4.0726,3.0,2.1213203435596424,"{16: 1, 6: 3, 5: 8, 11: 1, 3: 28, 8: 1, 2: 26, 1: 20, 4: 11, 7: 1}",-0.8072982537804587
980,barabasi_albert,100,150,5,2,4.0,3.0,2.0248456731316584,"{7: 2, 11: 2, 6: 1, 8: 1, 5: 10, 2: 24, 3: 18, 1: 25, 4: 16, 9: 1}",-0.8072982537804587
981,barabasi_albert,100,150,5,2,4.0242,3.0,1.98997487421324,"{7: 3, 5: 10, 13: 1, 9: 1, 3: 22, 4: 12, 8: 1, 1: 23, 2: 25, 6: 2}",-0.8072982537804587
982,barabasi_albert,100,150,5,2,3.9374,3.0,2.1447610589527217,"{8: 2, 10: 3, 9: 1, 5: 6, 7: 2, 6: 3, 3: 17, 1: 26, 4: 13, 2: 27}",-0.8072982537804587
983,barabasi_albert,100,150,5,2,3.7788,3.0,2.3958297101421877,"{5: 9, 16: 1, 10: 1, 15: 1, 4: 12, 7: 3, 2: 32, 3: 20, 1: 21}",-0.8072982537804587
984,barabasi_albert,100,150,5,2,4.0966,3.0,2.0248456731316584,"{9: 1, 7: 1, 8: 1, 10: 2, 11: 1, 3: 23, 1: 21, 4: 13, 6: 2, 5: 7, 2: 28}",-0.8072982537804587
985,barabasi_albert,100,150,5,2,4.0046,3.0,1.96468827043885,"{12: 1, 8: 2, 6: 8, 9: 1, 4: 13, 3: 22, 1: 20, 2: 30, 7: 1, 5: 2}",-0.8072982537804587
986,barabasi_albert,100,150,5,2,4.006,3.0,2.009975124224178,"{7: 4, 10: 1, 8: 4, 6: 2, 5: 10, 2: 32, 4: 9, 1: 23, 3: 15}",-0.8072982537804587
987,barabasi_albert,100,150,5,2,3.9196,3.0,2.172556098240043,"{13: 1, 8: 2, 9: 1, 6: 4, 11: 1, 7: 2, 5: 5, 3: 22, 1: 24, 4: 11, 2: 27}",-0.8072982537804587
988,barabasi_albert,100,150,5,2,4.0872,3.0,1.969771560359221,"{8: 1, 10: 2, 7: 1, 6: 5, 3: 18, 5: 11, 9: 1, 4: 8, 2: 32, 1: 21}",-0.8072982537804587
989,barabasi_albert,100,150,5,2,4.1012,3.0,2.1260291625469296,"{13: 1, 7: 2, 5: 10, 6: 5, 12: 1, 1: 24, 4: 7, 3: 23, 2: 26, 8: 1}",-0.8072982537804587
990,barabasi_albert,100,150,5,2,4.1052,3.0,2.0248456731316584,"{8: 4, 11: 1, 10: 1, 6: 3, 5: 8, 2: 24, 3: 20, 4: 14, 1: 25}",-0.8072982537804587
991,barabasi_albert,100,150,5,2,3.8978,3.0,2.2181073012818833,"{10: 3, 9: 3, 8: 2, 4: 8, 3: 25, 2: 28, 5: 3, 1: 24, 7: 1, 6: 3}",-0.8072982537804587
992,barabasi_albert,100,150,5,2,4.0726,3.0,2.0346989949375804,"{8: 4, 10: 1, 6: 4, 9: 1, 5: 4, 3: 17, 2: 34, 4: 11, 7: 3, 1: 21}",-0.8072982537804587
993,barabasi_albert,100,150,5,2,3.9328,3.0,2.2181073012818833,"{10: 3, 11: 1, 9: 2, 2: 30, 5: 7, 7: 1, 1: 23, 3: 22, 4: 9, 8: 1, 6: 1}",-0.8072982537804587
994,barabasi_albert,100,150,5,2,4.0008,3.0,2.039607805437114,"{6: 4, 8: 2, 15: 1, 7: 3, 4: 9, 3: 27, 2: 29, 5: 6, 1: 19}",-0.8072982537804587
995,barabasi_albert,100,150,5,2,3.8778,3.0,2.328089345364563,"{8: 2, 10: 1, 7: 2, 13: 2, 5: 6, 3: 17, 4: 10, 2: 35, 9: 1, 6: 2, 1: 22}",-0.8072982537804587
996,barabasi_albert,100,150,5,2,3.9942,3.0,2.083266665599966,"{8: 2, 12: 1, 10: 1, 9: 1, 7: 4, 4: 11, 5: 4, 2: 37, 6: 2, 1: 18, 3: 19}",-0.8072982537804587
997,barabasi_albert,100,150,5,2,3.9692,3.0,2.0591260281974,"{10: 1, 12: 1, 6: 2, 7: 1, 11: 1, 4: 11, 3: 23, 5: 6, 2: 36, 9: 1, 8: 1, 1: 16}",-0.8072982537804587
998,barabasi_albert,100,150,5,2,3.745,3.0,2.328089345364563,"{10: 1, 12: 2, 7: 4, 11: 1, 2: 29, 6: 4, 5: 4, 3: 14, 4: 14, 1: 27}",-0.8072982537804587
999,barabasi_albert,100,150,5,2,3.8176,3.0,2.5179356624028344,"{8: 2, 18: 1, 7: 2, 10: 1, 13: 1, 6: 3, 2: 25, 3: 23, 1: 26, 4: 14, 5: 2}",-0.8072982537804587
1000,barabasi_albert,100,150,5,2,3.9472,3.0,2.1400934559032696,"{14: 1, 6: 3, 11: 1, 8: 2, 10: 1, 2: 29, 5: 7, 1: 20, 4: 10, 3: 26}",-0.8072982537804587
